C:\Program Files\dotnet\sdk\10.0.301\MSBuild.exe --nologo --property:NuGetInteractive=false --restoreProperty:NuGetInteractive=false --restoreProperty:EnableDefaultCompileItems=false --restoreProperty:EnableDefaultEmbeddedResourceItems=false --restoreProperty:EnableDefaultNoneItems=false --verbosity:m --verbosity:diag -consoleloggerparameters:Summary -distributedlogger:Microsoft.DotNet.Cli.Commands.MSBuild.MSBuildLogger,C:\Program Files\dotnet\sdk\10.0.301\dotnet.dll*Microsoft.DotNet.Cli.Commands.MSBuild.MSBuildForwardingLogger,C:\Program Files\dotnet\sdk\10.0.301\dotnet.dll -maxcpucount -restore -tlp:default=auto .\NikkiLoader.csproj
生成启动时间为 2026/9/3 1:04:09。
开始生成时的环境:
MSBuildSDKsPath = C:\Program Files\dotnet\sdk\10.0.301\Sdks
MSBuildLoadMicrosoftTargetsReadOnly = true
MSBuildExtensionsPath = C:\Program Files\dotnet\sdk\10.0.301\
DOTNET_CLI_TELEMETRY_SESSIONID = a0623ff0-2fc9-45a3-b6a0-21566b640f84
DOTNET_HOST_PATH = C:\Program Files\dotnet\dotnet.exe
MSBUILDUSESERVER = 0
MSBUILDFAILONDRIVEENUMERATINGWILDCARD = 1

01:04:09.567     0>未使用终端记录器，因为正在将输出重定向到文件。
                   进程 = "C:\Program Files\dotnet\dotnet.exe"
                   MSBuild 可执行文件路径 = "C:\Program Files\dotnet\sdk\10.0.301\MSBuild.exe"
                   命令行参数 = "C:\Program Files\dotnet\sdk\10.0.301\MSBuild.exe -maxcpucount --verbosity:m -tlp:default=auto --property:NuGetInteractive=false --restoreProperty:NuGetInteractive=false --restoreProperty:EnableDefaultCompileItems=false --restoreProperty:EnableDefaultEmbeddedResourceItems=false --restoreProperty:EnableDefaultNoneItems=false --verbosity:diag --nologo -consoleloggerparameters:Summary -restore -distributedlogger:Microsoft.DotNet.Cli.Commands.MSBuild.MSBuildLogger,C:\Program Files\dotnet\sdk\10.0.301\dotnet.dll*Microsoft.DotNet.Cli.Commands.MSBuild.MSBuildForwardingLogger,C:\Program Files\dotnet\sdk\10.0.301\dotnet.dll"
                   当前目录 = "D:\Project\AssetRipper\.workbuddy\tmp\NikkiLoader"
                   MSBuild 版本 = "18.6.4+96856fd72"
                   基于 Windows 注册表项 LongPathsEnabled，LongPaths 功能为 已启用。
                   基于 Windows 注册表项 VerifiedAndReputablePolicyState，SAC 状态 = 0: 已关闭。
                   SDK“Microsoft.NET.Sdk”已由“DefaultSdkResolver”解析程序成功解析为位置“C:\Program Files\dotnet\sdk\10.0.301\Sdks\Microsoft.NET.Sdk\Sdk”和版本“”。
                   C:\Program Files\dotnet\sdk\10.0.301\Sdks\Microsoft.NET.Sdk\Sdk\Sdk.props(49,11): message : 值为“C:\Program Files\dotnet\sdk\10.0.301\”的属性“MSBuildExtensionsPath”从环境中展开。
                   C:\Program Files\dotnet\sdk\10.0.301\Current\Microsoft.Common.props(60,5): message : 在 C:\Program Files\dotnet\sdk\10.0.301\Current\Microsoft.Common.props (60,5) 处重新分配属性: $(MSBuildProjectExtensionsPath)=“D:\Project\AssetRipper\.workbuddy\tmp\NikkiLoader\obj\”(先前值:“obj\”)
                   C:\Program Files\dotnet\sdk\10.0.301\Current\Microsoft.Common.props(84,119): message : 值为“C:\Users\Administrator\AppData\Local\Microsoft\MSBuild”的属性“MSBuildUserExtensionsPath”从环境中展开。
                   在 Evaluation 期间加载的程序集: System.Threading.Tasks.Parallel, Version=10.0.0.0, Culture=neutral, PublicKeyToken=b03f5f7f11d50a3a (位置: C:\Program Files\dotnet\shared\Microsoft.NETCore.App\10.0.9\System.Threading.Tasks.Parallel.dll，MVID: 77ed1d0e-0329-4271-95d9-44c0c22f3576，AssemblyLoadContext: Default)
                   C:\Program Files\dotnet\sdk\10.0.301\Sdks\Microsoft.NET.Sdk\targets\Microsoft.NET.Sdk.props(90,5): message : 在 C:\Program Files\dotnet\sdk\10.0.301\Sdks\Microsoft.NET.Sdk\targets\Microsoft.NET.Sdk.props (90,5) 处重新分配属性: $(AssemblySearchPaths)=“{CandidateAssemblyFiles};{HintPathFromItem}”(先前值:“{CandidateAssemblyFiles}”)
                   C:\Program Files\dotnet\sdk\10.0.301\Sdks\Microsoft.NET.Sdk\targets\Microsoft.NET.Sdk.props(91,5): message : 在 C:\Program Files\dotnet\sdk\10.0.301\Sdks\Microsoft.NET.Sdk\targets\Microsoft.NET.Sdk.props (91,5) 处重新分配属性: $(AssemblySearchPaths)=“{CandidateAssemblyFiles};{HintPathFromItem};{TargetFrameworkDirectory}”(先前值:“{CandidateAssemblyFiles};{HintPathFromItem}”)
                   C:\Program Files\dotnet\sdk\10.0.301\Sdks\Microsoft.NET.Sdk\targets\Microsoft.NET.Sdk.props(92,5): message : 在 C:\Program Files\dotnet\sdk\10.0.301\Sdks\Microsoft.NET.Sdk\targets\Microsoft.NET.Sdk.props (92,5) 处重新分配属性: $(AssemblySearchPaths)=“{CandidateAssemblyFiles};{HintPathFromItem};{TargetFrameworkDirectory};{RawFileName}”(先前值:“{CandidateAssemblyFiles};{HintPathFromItem};{TargetFrameworkDirectory}”)
                   “DefaultSdkResolver”解析程序已尝试解析 SDK“Microsoft.NET.SDK.WorkloadAutoImportPropsLocator”。
                   警告: null
                   错误: MSB4276: 默认 SDK 解析程序解析 SDK“Microsoft.NET.SDK.WorkloadAutoImportPropsLocator”失败，因为目录“C:\Program Files\dotnet\sdk\10.0.301\Sdks\Microsoft.NET.SDK.WorkloadAutoImportPropsLocator\Sdk”不存在。
                   在 Evaluation 期间加载的程序集: Microsoft.Build.NuGetSdkResolver, Version=7.6.0.0, Culture=neutral, PublicKeyToken=31bf3856ad364e35 (位置: C:\Program Files\dotnet\sdk\10.0.301\Microsoft.Build.NuGetSdkResolver.dll，MVID: e5583d1f-c737-42f8-bfb8-ad354e87f69c，AssemblyLoadContext: MSBuild plugin C:\Program Files\dotnet\sdk\10.0.301\Microsoft.Build.NuGetSdkResolver.dll)
                   在 Evaluation 期间加载的程序集: NuGet.Common, Version=7.6.0.0, Culture=neutral, PublicKeyToken=31bf3856ad364e35 (位置: C:\Program Files\dotnet\sdk\10.0.301\NuGet.Common.dll，MVID: 53441cde-b7f3-4aae-afad-7f9b356c0065，AssemblyLoadContext: MSBuild plugin C:\Program Files\dotnet\sdk\10.0.301\Microsoft.Build.NuGetSdkResolver.dll)
                   在 Evaluation 期间加载的程序集: Microsoft.NET.Sdk.WorkloadMSBuildSdkResolver, Version=10.0.301.0, Culture=neutral, PublicKeyToken=31bf3856ad364e35 (位置: C:\Program Files\dotnet\sdk\10.0.301\Microsoft.NET.Sdk.WorkloadMSBuildSdkResolver.dll，MVID: d9ce0dd4-5bc7-4dce-b0be-842f9569f80b，AssemblyLoadContext: MSBuild plugin C:\Program Files\dotnet\sdk\10.0.301\Microsoft.NET.Sdk.WorkloadMSBuildSdkResolver.dll)
                   在 Evaluation 期间加载的程序集: Microsoft.DotNet.Cli.CoreUtils, Version=10.0.301.0, Culture=neutral, PublicKeyToken=adb9793829ddae60 (位置: C:\Program Files\dotnet\sdk\10.0.301\Microsoft.DotNet.Cli.CoreUtils.dll，MVID: 80d59bd3-ec3e-412c-9711-762ea86c8a4b，AssemblyLoadContext: MSBuild plugin C:\Program Files\dotnet\sdk\10.0.301\Microsoft.NET.Sdk.WorkloadMSBuildSdkResolver.dll)
                   在 Evaluation 期间加载的程序集: Microsoft.NET.Sdk.WorkloadManifestReader, Version=10.0.301.0, Culture=neutral, PublicKeyToken=adb9793829ddae60 (位置: C:\Program Files\dotnet\sdk\10.0.301\Microsoft.NET.Sdk.WorkloadManifestReader.dll，MVID: 15d75c63-d5d4-417b-8929-77940bae9164，AssemblyLoadContext: MSBuild plugin C:\Program Files\dotnet\sdk\10.0.301\Microsoft.NET.Sdk.WorkloadMSBuildSdkResolver.dll)
                   在 Evaluation 期间加载的程序集: System.Collections.NonGeneric, Version=10.0.0.0, Culture=neutral, PublicKeyToken=b03f5f7f11d50a3a (位置: C:\Program Files\dotnet\shared\Microsoft.NETCore.App\10.0.9\System.Collections.NonGeneric.dll，MVID: bf4a2b58-78dc-45fe-a298-7b3e8ce578a5，AssemblyLoadContext: Default)
                   在 Evaluation 期间加载的程序集: Microsoft.Deployment.DotNet.Releases, Version=2.0.0.0, Culture=neutral, PublicKeyToken=31bf3856ad364e35 (位置: C:\Program Files\dotnet\sdk\10.0.301\Microsoft.Deployment.DotNet.Releases.dll，MVID: 2c0d9534-e211-4d4d-9419-0799af0445a8，AssemblyLoadContext: MSBuild plugin C:\Program Files\dotnet\sdk\10.0.301\Microsoft.NET.Sdk.WorkloadMSBuildSdkResolver.dll)
                   在 Evaluation 期间加载的程序集: System.Security.Principal.Windows, Version=10.0.0.0, Culture=neutral, PublicKeyToken=b03f5f7f11d50a3a (位置: C:\Program Files\dotnet\shared\Microsoft.NETCore.App\10.0.9\System.Security.Principal.Windows.dll，MVID: 88269a20-8f59-4e12-956c-78ebef32f026，AssemblyLoadContext: Default)
                   在 Evaluation 期间加载的程序集: System.Security.Claims, Version=10.0.0.0, Culture=neutral, PublicKeyToken=b03f5f7f11d50a3a (位置: C:\Program Files\dotnet\shared\Microsoft.NETCore.App\10.0.9\System.Security.Claims.dll，MVID: 8210c825-3615-4e22-aa34-c17dd64c6b22，AssemblyLoadContext: Default)
                   SDK“Microsoft.NET.SDK.WorkloadAutoImportPropsLocator”已由“Microsoft.DotNet.MSBuildWorkloadSdkResolver”解析程序成功解析为位置“null”和版本“null”。
                   D:\Project\AssetRipper\.workbuddy\tmp\NikkiLoader\NikkiLoader.csproj(4,3): message : 在 D:\Project\AssetRipper\.workbuddy\tmp\NikkiLoader\NikkiLoader.csproj (4,3) 处重新分配属性: $(OutputType)=“Exe”(先前值:“Library”)
                   D:\Project\AssetRipper\.workbuddy\tmp\NikkiLoader\NikkiLoader.csproj(7,3): message : 在 D:\Project\AssetRipper\.workbuddy\tmp\NikkiLoader\NikkiLoader.csproj (7,3) 处重新分配属性: $(AllowUnsafeBlocks)=“true”(先前值:“false”)
                   C:\Program Files\dotnet\sdk\10.0.301\Sdks\Microsoft.NET.Sdk\targets\Microsoft.NET.Sdk.ImportPublishProfile.targets(28,5): message : 在 C:\Program Files\dotnet\sdk\10.0.301\Sdks\Microsoft.NET.Sdk\targets\Microsoft.NET.Sdk.ImportPublishProfile.targets (28,5) 处重新分配属性: $(PublishProfileImported)=“false”(先前值:“true”)
                   在 Evaluation 期间加载的程序集: NuGet.Frameworks, Version=7.6.0.0, Culture=neutral, PublicKeyToken=31bf3856ad364e35 (位置: C:\Program Files\dotnet\sdk\10.0.301\NuGet.Frameworks.dll，MVID: f139722d-71e1-4dbe-a663-31903f3d4ab1，AssemblyLoadContext: Assembly.LoadFile(C:\Program Files\dotnet\sdk\10.0.301\NuGet.Frameworks.dll))
                   C:\Program Files\dotnet\sdk\10.0.301\Sdks\Microsoft.NET.Sdk\targets\Microsoft.NET.TargetFrameworkInference.targets(81,5): message : 在 C:\Program Files\dotnet\sdk\10.0.301\Sdks\Microsoft.NET.Sdk\targets\Microsoft.NET.TargetFrameworkInference.targets (81,5) 处重新分配属性: $(TargetPlatformVersion)=“”(先前值:“0.0”)
                   C:\Program Files\dotnet\sdk\10.0.301\Sdks\Microsoft.NET.Sdk\targets\Microsoft.NET.DefaultOutputPaths.targets(127,5): message : 在 C:\Program Files\dotnet\sdk\10.0.301\Sdks\Microsoft.NET.Sdk\targets\Microsoft.NET.DefaultOutputPaths.targets (127,5) 处重新分配属性: $(DefaultItemExcludes)=“;bin\Debug\/**;obj\Debug\/**”(先前值:“;bin\Debug\/**”)
                   C:\Program Files\dotnet\sdk\10.0.301\Sdks\Microsoft.NET.Sdk\targets\Microsoft.NET.DefaultOutputPaths.targets(142,5): message : 在 C:\Program Files\dotnet\sdk\10.0.301\Sdks\Microsoft.NET.Sdk\targets\Microsoft.NET.DefaultOutputPaths.targets (142,5) 处重新分配属性: $(OutputPath)=“bin\Debug\net10.0\”(先前值:“bin\Debug\”)
                   C:\Program Files\dotnet\sdk\10.0.301\Sdks\Microsoft.NET.Sdk\targets\Microsoft.NET.DefaultOutputPaths.targets(147,5): message : 在 C:\Program Files\dotnet\sdk\10.0.301\Sdks\Microsoft.NET.Sdk\targets\Microsoft.NET.DefaultOutputPaths.targets (147,5) 处重新分配属性: $(IntermediateOutputPath)=“obj\Debug\net10.0\”(先前值:“obj\Debug\”)
                   “DefaultSdkResolver”解析程序已尝试解析 SDK“Microsoft.NET.SDK.WorkloadManifestTargetsLocator”。
                   警告: null
                   错误: MSB4276: 默认 SDK 解析程序解析 SDK“Microsoft.NET.SDK.WorkloadManifestTargetsLocator”失败，因为目录“C:\Program Files\dotnet\sdk\10.0.301\Sdks\Microsoft.NET.SDK.WorkloadManifestTargetsLocator\Sdk”不存在。
                   SDK“Microsoft.NET.SDK.WorkloadManifestTargetsLocator”已由“Microsoft.DotNet.MSBuildWorkloadSdkResolver”解析程序成功解析为位置“C:\Program Files\dotnet\sdk-manifests\10.0.100\microsoft.net.sdk.android\36.1.2”和版本“null”。
                   C:\Program Files\dotnet\sdk\10.0.301\Sdks\Microsoft.NET.Sdk\targets\Microsoft.NET.Sdk.BeforeCommon.targets(379,5): message : 在 C:\Program Files\dotnet\sdk\10.0.301\Sdks\Microsoft.NET.Sdk\targets\Microsoft.NET.Sdk.BeforeCommon.targets (379,5) 处重新分配属性: $(RoslynTargetsPath)=“C:\Program Files\dotnet\sdk\10.0.301\Sdks\Microsoft.NET.Sdk\targets\..\..\..\Roslyn”(先前值:“C:\Program Files\dotnet\sdk\10.0.301\Roslyn”)
                   C:\Program Files\dotnet\sdk\10.0.301\Roslyn\Microsoft.Managed.Core.targets(6,5): message : 在 C:\Program Files\dotnet\sdk\10.0.301\Roslyn\Microsoft.Managed.Core.targets (6,5) 处重新分配属性: $(_BuildTasksDirectory)=“C:\Program Files\dotnet\sdk\10.0.301\Sdks\Microsoft.NET.Sdk\targets\..\..\..\Roslyn\”(先前值:“C:\Program Files\dotnet\sdk\10.0.301\Roslyn\”)
                   C:\Program Files\dotnet\sdk\10.0.301\Roslyn\Microsoft.CSharp.Core.targets(213,5): message : 在 C:\Program Files\dotnet\sdk\10.0.301\Roslyn\Microsoft.CSharp.Core.targets (213,5) 处重新分配属性: $(CommandLineArgsForDesignTimeEvaluation)=“-langversion:14.0 -define:TRACE”(先前值:“-langversion:14.0”)
                   在 Evaluation 期间加载的程序集: Microsoft.Build.Utilities.Core, Version=15.1.0.0, Culture=neutral, PublicKeyToken=b03f5f7f11d50a3a (位置: C:\Program Files\dotnet\sdk\10.0.301\Microsoft.Build.Utilities.Core.dll，MVID: 95ec2b21-9bd7-4894-b501-9ea3df055feb，AssemblyLoadContext: Default)
                   C:\Program Files\dotnet\sdk\10.0.301\Microsoft.Common.CurrentVersion.targets(175,5): message : 在 C:\Program Files\dotnet\sdk\10.0.301\Microsoft.Common.CurrentVersion.targets (175,5) 处重新分配属性: $(_DebugSymbolsProduced)=“true”(先前值:“false”)
                   C:\Program Files\dotnet\sdk\10.0.301\Microsoft.Common.CurrentVersion.targets(185,5): message : 在 C:\Program Files\dotnet\sdk\10.0.301\Microsoft.Common.CurrentVersion.targets (185,5) 处重新分配属性: $(_DocumentationFileProduced)=“false”(先前值:“true”)
                   C:\Program Files\dotnet\sdk\10.0.301\Microsoft.Common.CurrentVersion.targets(392,5): message : 在 C:\Program Files\dotnet\sdk\10.0.301\Microsoft.Common.CurrentVersion.targets (392,5) 处重新分配属性: $(MSBuildCopyMarkerName)=“NikkiLoa.F9311C3A”(先前值:“NikkiLoader.csproj”)
                   C:\Program Files\dotnet\sdk\10.0.301\Microsoft.Common.CurrentVersion.targets(393,5): message : 在 C:\Program Files\dotnet\sdk\10.0.301\Microsoft.Common.CurrentVersion.targets (393,5) 处重新分配属性: $(MSBuildCopyMarkerName)=“NikkiLoa.F9311C3A.Up2Date”(先前值:“NikkiLoa.F9311C3A”)
                   C:\Program Files\dotnet\sdk\10.0.301\Microsoft.Common.CurrentVersion.targets(541,5): message : 在 C:\Program Files\dotnet\sdk\10.0.301\Microsoft.Common.CurrentVersion.targets (541,5) 处重新分配属性: $(ProcessorArchitecture)=“msil”(先前值:“”)
                   C:\Program Files\dotnet\sdk\10.0.301\Microsoft.Common.CurrentVersion.targets(580,5): message : 在 C:\Program Files\dotnet\sdk\10.0.301\Microsoft.Common.CurrentVersion.targets (580,5) 处重新分配属性: $(DelaySign)=“”(先前值:“false”)
                   C:\Program Files\dotnet\sdk\10.0.301\Microsoft.Common.CurrentVersion.targets(2622,5): message : 值为“C:\Users\Administrator\AppData\Local”的属性“LOCALAPPDATA”从环境中展开。
                   C:\Program Files\dotnet\sdk\10.0.301\Microsoft.Common.CurrentVersion.targets(3950,5): message : 在 C:\Program Files\dotnet\sdk\10.0.301\Microsoft.Common.CurrentVersion.targets (3950,5) 处重新分配属性: $(_SGenGenerateSerializationAssembliesConfig)=“Auto”(先前值:“”)
                   C:\Program Files\dotnet\sdk\10.0.301\Microsoft.Common.CurrentVersion.targets(3951,5): message : 在 C:\Program Files\dotnet\sdk\10.0.301\Microsoft.Common.CurrentVersion.targets (3951,5) 处重新分配属性: $(_SGenGenerateSerializationAssembliesConfig)=“Off”(先前值:“Auto”)
                   C:\Program Files\dotnet\sdk\10.0.301\Microsoft.Common.CurrentVersion.targets(5162,5): message : 在 C:\Program Files\dotnet\sdk\10.0.301\Microsoft.Common.CurrentVersion.targets (5162,5) 处重新分配属性: $(_TargetsThatPrepareProjectReferences)=“
                   C:\Program Files\dotnet\sdk\10.0.301\Microsoft.Common.CurrentVersion.targets(5162,5): message :       AssignProjectConfiguration;
                   C:\Program Files\dotnet\sdk\10.0.301\Microsoft.Common.CurrentVersion.targets(5162,5): message :       _SplitProjectReferencesByFileExistence
                   C:\Program Files\dotnet\sdk\10.0.301\Microsoft.Common.CurrentVersion.targets(5162,5): message :     ”(先前值:“_SplitProjectReferencesByFileExistence”)
                   C:\Program Files\dotnet\sdk\10.0.301\Microsoft.Common.CurrentVersion.targets(6975,5): message : 值为“C:\Program Files\dotnet\sdk\10.0.301”的属性“MSBuildExtensionsPath32”从环境中展开。
                   “NuGetInteractive”属性是全局属性，不能修改。
                   C:\Program Files\dotnet\sdk\10.0.301\Sdks\Microsoft.NET.Sdk\targets\Microsoft.PackageDependencyResolution.targets(24,5): message : 在 C:\Program Files\dotnet\sdk\10.0.301\Sdks\Microsoft.NET.Sdk\targets\Microsoft.PackageDependencyResolution.targets (24,5) 处重新分配属性: $(ProjectAssetsFile)=“D:\Project\AssetRipper\.workbuddy\tmp\NikkiLoader\obj\project.assets.json”(先前值:“D:\Project\AssetRipper\.workbuddy\tmp\NikkiLoader\obj\/project.assets.json”)
                   C:\Program Files\dotnet\sdk\10.0.301\Sdks\Microsoft.NET.Sdk\targets\Microsoft.PackageDependencyResolution.targets(29,5): message : 在 C:\Program Files\dotnet\sdk\10.0.301\Sdks\Microsoft.NET.Sdk\targets\Microsoft.PackageDependencyResolution.targets (29,5) 处重新分配属性: $(ProjectAssetsCacheFile)=“D:\Project\AssetRipper\.workbuddy\tmp\NikkiLoader\obj\Debug\net10.0\NikkiLoader.assets.cache”(先前值:“obj\Debug\net10.0\NikkiLoader.assets.cache”)
                   C:\Program Files\dotnet\sdk\10.0.301\Sdks\Microsoft.NET.Sdk\targets\Microsoft.PackageDependencyResolution.targets(80,5): message : 在 C:\Program Files\dotnet\sdk\10.0.301\Sdks\Microsoft.NET.Sdk\targets\Microsoft.PackageDependencyResolution.targets (80,5) 处重新分配属性: $(ResolveAssemblyReferencesDependsOn)=“
                   C:\Program Files\dotnet\sdk\10.0.301\Sdks\Microsoft.NET.Sdk\targets\Microsoft.PackageDependencyResolution.targets(80,5): message :       
                   C:\Program Files\dotnet\sdk\10.0.301\Sdks\Microsoft.NET.Sdk\targets\Microsoft.PackageDependencyResolution.targets(80,5): message :       ResolveProjectReferences;
                   C:\Program Files\dotnet\sdk\10.0.301\Sdks\Microsoft.NET.Sdk\targets\Microsoft.PackageDependencyResolution.targets(80,5): message :       FindInvalidProjectReferences;
                   C:\Program Files\dotnet\sdk\10.0.301\Sdks\Microsoft.NET.Sdk\targets\Microsoft.PackageDependencyResolution.targets(80,5): message :       GetFrameworkPaths;
                   C:\Program Files\dotnet\sdk\10.0.301\Sdks\Microsoft.NET.Sdk\targets\Microsoft.PackageDependencyResolution.targets(80,5): message :       GetReferenceAssemblyPaths;
                   C:\Program Files\dotnet\sdk\10.0.301\Sdks\Microsoft.NET.Sdk\targets\Microsoft.PackageDependencyResolution.targets(80,5): message :       PrepareForBuild;
                   C:\Program Files\dotnet\sdk\10.0.301\Sdks\Microsoft.NET.Sdk\targets\Microsoft.PackageDependencyResolution.targets(80,5): message :       ResolveSDKReferences;
                   C:\Program Files\dotnet\sdk\10.0.301\Sdks\Microsoft.NET.Sdk\targets\Microsoft.PackageDependencyResolution.targets(80,5): message :       ExpandSDKReferences;
                   C:\Program Files\dotnet\sdk\10.0.301\Sdks\Microsoft.NET.Sdk\targets\Microsoft.PackageDependencyResolution.targets(80,5): message :     ;
                   C:\Program Files\dotnet\sdk\10.0.301\Sdks\Microsoft.NET.Sdk\targets\Microsoft.PackageDependencyResolution.targets(80,5): message :       ResolvePackageDependenciesForBuild;
                   C:\Program Files\dotnet\sdk\10.0.301\Sdks\Microsoft.NET.Sdk\targets\Microsoft.PackageDependencyResolution.targets(80,5): message :       _HandlePackageFileConflicts;
                   C:\Program Files\dotnet\sdk\10.0.301\Sdks\Microsoft.NET.Sdk\targets\Microsoft.PackageDependencyResolution.targets(80,5): message :     ”(先前值:“
                   C:\Program Files\dotnet\sdk\10.0.301\Sdks\Microsoft.NET.Sdk\targets\Microsoft.PackageDependencyResolution.targets(80,5): message :       ResolveProjectReferences;
                   C:\Program Files\dotnet\sdk\10.0.301\Sdks\Microsoft.NET.Sdk\targets\Microsoft.PackageDependencyResolution.targets(80,5): message :       FindInvalidProjectReferences;
                   C:\Program Files\dotnet\sdk\10.0.301\Sdks\Microsoft.NET.Sdk\targets\Microsoft.PackageDependencyResolution.targets(80,5): message :       GetFrameworkPaths;
                   C:\Program Files\dotnet\sdk\10.0.301\Sdks\Microsoft.NET.Sdk\targets\Microsoft.PackageDependencyResolution.targets(80,5): message :       GetReferenceAssemblyPaths;
                   C:\Program Files\dotnet\sdk\10.0.301\Sdks\Microsoft.NET.Sdk\targets\Microsoft.PackageDependencyResolution.targets(80,5): message :       PrepareForBuild;
                   C:\Program Files\dotnet\sdk\10.0.301\Sdks\Microsoft.NET.Sdk\targets\Microsoft.PackageDependencyResolution.targets(80,5): message :       ResolveSDKReferences;
                   C:\Program Files\dotnet\sdk\10.0.301\Sdks\Microsoft.NET.Sdk\targets\Microsoft.PackageDependencyResolution.targets(80,5): message :       ExpandSDKReferences;
                   C:\Program Files\dotnet\sdk\10.0.301\Sdks\Microsoft.NET.Sdk\targets\Microsoft.PackageDependencyResolution.targets(80,5): message :     ”)
                   C:\Program Files\dotnet\sdk\10.0.301\Sdks\Microsoft.NET.Sdk\targets\Microsoft.PackageDependencyResolution.targets(86,5): message : 在 C:\Program Files\dotnet\sdk\10.0.301\Sdks\Microsoft.NET.Sdk\targets\Microsoft.PackageDependencyResolution.targets (86,5) 处重新分配属性: $(PrepareResourcesDependsOn)=“
                   C:\Program Files\dotnet\sdk\10.0.301\Sdks\Microsoft.NET.Sdk\targets\Microsoft.PackageDependencyResolution.targets(86,5): message :       ResolvePackageDependenciesForBuild;
                   C:\Program Files\dotnet\sdk\10.0.301\Sdks\Microsoft.NET.Sdk\targets\Microsoft.PackageDependencyResolution.targets(86,5): message :       _HandlePackageFileConflicts;
                   C:\Program Files\dotnet\sdk\10.0.301\Sdks\Microsoft.NET.Sdk\targets\Microsoft.PackageDependencyResolution.targets(86,5): message :       
                   C:\Program Files\dotnet\sdk\10.0.301\Sdks\Microsoft.NET.Sdk\targets\Microsoft.PackageDependencyResolution.targets(86,5): message :       ;
                   C:\Program Files\dotnet\sdk\10.0.301\Sdks\Microsoft.NET.Sdk\targets\Microsoft.PackageDependencyResolution.targets(86,5): message :       PrepareResourceNames;
                   C:\Program Files\dotnet\sdk\10.0.301\Sdks\Microsoft.NET.Sdk\targets\Microsoft.PackageDependencyResolution.targets(86,5): message :       ResGen;
                   C:\Program Files\dotnet\sdk\10.0.301\Sdks\Microsoft.NET.Sdk\targets\Microsoft.PackageDependencyResolution.targets(86,5): message :       CompileLicxFiles
                   C:\Program Files\dotnet\sdk\10.0.301\Sdks\Microsoft.NET.Sdk\targets\Microsoft.PackageDependencyResolution.targets(86,5): message :     
                   C:\Program Files\dotnet\sdk\10.0.301\Sdks\Microsoft.NET.Sdk\targets\Microsoft.PackageDependencyResolution.targets(86,5): message :     ”(先前值:“
                   C:\Program Files\dotnet\sdk\10.0.301\Sdks\Microsoft.NET.Sdk\targets\Microsoft.PackageDependencyResolution.targets(86,5): message :       ;
                   C:\Program Files\dotnet\sdk\10.0.301\Sdks\Microsoft.NET.Sdk\targets\Microsoft.PackageDependencyResolution.targets(86,5): message :       PrepareResourceNames;
                   C:\Program Files\dotnet\sdk\10.0.301\Sdks\Microsoft.NET.Sdk\targets\Microsoft.PackageDependencyResolution.targets(86,5): message :       ResGen;
                   C:\Program Files\dotnet\sdk\10.0.301\Sdks\Microsoft.NET.Sdk\targets\Microsoft.PackageDependencyResolution.targets(86,5): message :       CompileLicxFiles
                   C:\Program Files\dotnet\sdk\10.0.301\Sdks\Microsoft.NET.Sdk\targets\Microsoft.PackageDependencyResolution.targets(86,5): message :     ”)
                   “EnableDefaultCompileItems”属性是全局属性，不能修改。
                   “EnableDefaultEmbeddedResourceItems”属性是全局属性，不能修改。
                   “EnableDefaultNoneItems”属性是全局属性，不能修改。
                   C:\Program Files\dotnet\sdk\10.0.301\Sdks\Microsoft.NET.Sdk\targets\Microsoft.NET.Sdk.DefaultItems.targets(35,5): message : 在 C:\Program Files\dotnet\sdk\10.0.301\Sdks\Microsoft.NET.Sdk\targets\Microsoft.NET.Sdk.DefaultItems.targets (35,5) 处重新分配属性: $(DefaultItemExcludes)=“;bin\Debug\/**;obj\Debug\/**;bin\/**”(先前值:“;bin\Debug\/**;obj\Debug\/**”)
                   C:\Program Files\dotnet\sdk\10.0.301\Sdks\Microsoft.NET.Sdk\targets\Microsoft.NET.Sdk.DefaultItems.targets(37,5): message : 在 C:\Program Files\dotnet\sdk\10.0.301\Sdks\Microsoft.NET.Sdk\targets\Microsoft.NET.Sdk.DefaultItems.targets (37,5) 处重新分配属性: $(DefaultItemExcludes)=“;bin\Debug\/**;obj\Debug\/**;bin\/**;obj\/**”(先前值:“;bin\Debug\/**;obj\Debug\/**;bin\/**”)
                   C:\Program Files\dotnet\sdk\10.0.301\Sdks\Microsoft.NET.Sdk\targets\Microsoft.NET.Sdk.DefaultItems.targets(41,5): message : 在 C:\Program Files\dotnet\sdk\10.0.301\Sdks\Microsoft.NET.Sdk\targets\Microsoft.NET.Sdk.DefaultItems.targets (41,5) 处重新分配属性: $(DefaultItemExcludes)=“;bin\Debug\/**;obj\Debug\/**;bin\/**;obj\/**;bin\Debug\net10.0\publish\/**”(先前值:“;bin\Debug\/**;obj\Debug\/**;bin\/**;obj\/**”)
                   C:\Program Files\dotnet\sdk\10.0.301\Sdks\Microsoft.NET.Sdk\targets\Microsoft.NET.Sdk.DefaultItems.targets(44,5): message : 在 C:\Program Files\dotnet\sdk\10.0.301\Sdks\Microsoft.NET.Sdk\targets\Microsoft.NET.Sdk.DefaultItems.targets (44,5) 处重新分配属性: $(DefaultItemExcludes)=“;bin\Debug\/**;obj\Debug\/**;bin\/**;obj\/**;bin\Debug\net10.0\publish\/**;**/*.user”(先前值:“;bin\Debug\/**;obj\Debug\/**;bin\/**;obj\/**;bin\Debug\net10.0\publish\/**”)
                   C:\Program Files\dotnet\sdk\10.0.301\Sdks\Microsoft.NET.Sdk\targets\Microsoft.NET.Sdk.DefaultItems.targets(45,5): message : 在 C:\Program Files\dotnet\sdk\10.0.301\Sdks\Microsoft.NET.Sdk\targets\Microsoft.NET.Sdk.DefaultItems.targets (45,5) 处重新分配属性: $(DefaultItemExcludes)=“;bin\Debug\/**;obj\Debug\/**;bin\/**;obj\/**;bin\Debug\net10.0\publish\/**;**/*.user;**/*.*proj”(先前值:“;bin\Debug\/**;obj\Debug\/**;bin\/**;obj\/**;bin\Debug\net10.0\publish\/**;**/*.user”)
                   C:\Program Files\dotnet\sdk\10.0.301\Sdks\Microsoft.NET.Sdk\targets\Microsoft.NET.Sdk.DefaultItems.targets(46,5): message : 在 C:\Program Files\dotnet\sdk\10.0.301\Sdks\Microsoft.NET.Sdk\targets\Microsoft.NET.Sdk.DefaultItems.targets (46,5) 处重新分配属性: $(DefaultItemExcludes)=“;bin\Debug\/**;obj\Debug\/**;bin\/**;obj\/**;bin\Debug\net10.0\publish\/**;**/*.user;**/*.*proj;**/*.sln”(先前值:“;bin\Debug\/**;obj\Debug\/**;bin\/**;obj\/**;bin\Debug\net10.0\publish\/**;**/*.user;**/*.*proj”)
                   C:\Program Files\dotnet\sdk\10.0.301\Sdks\Microsoft.NET.Sdk\targets\Microsoft.NET.Sdk.DefaultItems.targets(47,5): message : 在 C:\Program Files\dotnet\sdk\10.0.301\Sdks\Microsoft.NET.Sdk\targets\Microsoft.NET.Sdk.DefaultItems.targets (47,5) 处重新分配属性: $(DefaultItemExcludes)=“;bin\Debug\/**;obj\Debug\/**;bin\/**;obj\/**;bin\Debug\net10.0\publish\/**;**/*.user;**/*.*proj;**/*.sln;**/*.slnx”(先前值:“;bin\Debug\/**;obj\Debug\/**;bin\/**;obj\/**;bin\Debug\net10.0\publish\/**;**/*.user;**/*.*proj;**/*.sln”)
                   C:\Program Files\dotnet\sdk\10.0.301\Sdks\Microsoft.NET.Sdk\targets\Microsoft.NET.Sdk.DefaultItems.targets(48,5): message : 在 C:\Program Files\dotnet\sdk\10.0.301\Sdks\Microsoft.NET.Sdk\targets\Microsoft.NET.Sdk.DefaultItems.targets (48,5) 处重新分配属性: $(DefaultItemExcludes)=“;bin\Debug\/**;obj\Debug\/**;bin\/**;obj\/**;bin\Debug\net10.0\publish\/**;**/*.user;**/*.*proj;**/*.sln;**/*.slnx;**/*.vssscc”(先前值:“;bin\Debug\/**;obj\Debug\/**;bin\/**;obj\/**;bin\Debug\net10.0\publish\/**;**/*.user;**/*.*proj;**/*.sln;**/*.slnx”)
                   C:\Program Files\dotnet\sdk\10.0.301\Sdks\Microsoft.NET.Sdk\targets\Microsoft.NET.Sdk.DefaultItems.targets(49,5): message : 在 C:\Program Files\dotnet\sdk\10.0.301\Sdks\Microsoft.NET.Sdk\targets\Microsoft.NET.Sdk.DefaultItems.targets (49,5) 处重新分配属性: $(DefaultItemExcludes)=“;bin\Debug\/**;obj\Debug\/**;bin\/**;obj\/**;bin\Debug\net10.0\publish\/**;**/*.user;**/*.*proj;**/*.sln;**/*.slnx;**/*.vssscc;**/.DS_Store”(先前值:“;bin\Debug\/**;obj\Debug\/**;bin\/**;obj\/**;bin\Debug\net10.0\publish\/**;**/*.user;**/*.*proj;**/*.sln;**/*.slnx;**/*.vssscc”)
                   C:\Program Files\dotnet\sdk\10.0.301\Sdks\Microsoft.NET.Sdk\targets\Microsoft.NET.Sdk.FrameworkReferenceResolution.targets(14,5): message : 在 C:\Program Files\dotnet\sdk\10.0.301\Sdks\Microsoft.NET.Sdk\targets\Microsoft.NET.Sdk.FrameworkReferenceResolution.targets (14,5) 处重新分配属性: $(ResolveAssemblyReferencesDependsOn)=“
                   C:\Program Files\dotnet\sdk\10.0.301\Sdks\Microsoft.NET.Sdk\targets\Microsoft.NET.Sdk.FrameworkReferenceResolution.targets(14,5): message :       
                   C:\Program Files\dotnet\sdk\10.0.301\Sdks\Microsoft.NET.Sdk\targets\Microsoft.NET.Sdk.FrameworkReferenceResolution.targets(14,5): message :       
                   C:\Program Files\dotnet\sdk\10.0.301\Sdks\Microsoft.NET.Sdk\targets\Microsoft.NET.Sdk.FrameworkReferenceResolution.targets(14,5): message :       ResolveProjectReferences;
                   C:\Program Files\dotnet\sdk\10.0.301\Sdks\Microsoft.NET.Sdk\targets\Microsoft.NET.Sdk.FrameworkReferenceResolution.targets(14,5): message :       FindInvalidProjectReferences;
                   C:\Program Files\dotnet\sdk\10.0.301\Sdks\Microsoft.NET.Sdk\targets\Microsoft.NET.Sdk.FrameworkReferenceResolution.targets(14,5): message :       GetFrameworkPaths;
                   C:\Program Files\dotnet\sdk\10.0.301\Sdks\Microsoft.NET.Sdk\targets\Microsoft.NET.Sdk.FrameworkReferenceResolution.targets(14,5): message :       GetReferenceAssemblyPaths;
                   C:\Program Files\dotnet\sdk\10.0.301\Sdks\Microsoft.NET.Sdk\targets\Microsoft.NET.Sdk.FrameworkReferenceResolution.targets(14,5): message :       PrepareForBuild;
                   C:\Program Files\dotnet\sdk\10.0.301\Sdks\Microsoft.NET.Sdk\targets\Microsoft.NET.Sdk.FrameworkReferenceResolution.targets(14,5): message :       ResolveSDKReferences;
                   C:\Program Files\dotnet\sdk\10.0.301\Sdks\Microsoft.NET.Sdk\targets\Microsoft.NET.Sdk.FrameworkReferenceResolution.targets(14,5): message :       ExpandSDKReferences;
                   C:\Program Files\dotnet\sdk\10.0.301\Sdks\Microsoft.NET.Sdk\targets\Microsoft.NET.Sdk.FrameworkReferenceResolution.targets(14,5): message :     ;
                   C:\Program Files\dotnet\sdk\10.0.301\Sdks\Microsoft.NET.Sdk\targets\Microsoft.NET.Sdk.FrameworkReferenceResolution.targets(14,5): message :       ResolvePackageDependenciesForBuild;
                   C:\Program Files\dotnet\sdk\10.0.301\Sdks\Microsoft.NET.Sdk\targets\Microsoft.NET.Sdk.FrameworkReferenceResolution.targets(14,5): message :       _HandlePackageFileConflicts;
                   C:\Program Files\dotnet\sdk\10.0.301\Sdks\Microsoft.NET.Sdk\targets\Microsoft.NET.Sdk.FrameworkReferenceResolution.targets(14,5): message :     ;
                   C:\Program Files\dotnet\sdk\10.0.301\Sdks\Microsoft.NET.Sdk\targets\Microsoft.NET.Sdk.FrameworkReferenceResolution.targets(14,5): message :       ResolveTargetingPackAssets;
                   C:\Program Files\dotnet\sdk\10.0.301\Sdks\Microsoft.NET.Sdk\targets\Microsoft.NET.Sdk.FrameworkReferenceResolution.targets(14,5): message :     ”(先前值:“
                   C:\Program Files\dotnet\sdk\10.0.301\Sdks\Microsoft.NET.Sdk\targets\Microsoft.NET.Sdk.FrameworkReferenceResolution.targets(14,5): message :       
                   C:\Program Files\dotnet\sdk\10.0.301\Sdks\Microsoft.NET.Sdk\targets\Microsoft.NET.Sdk.FrameworkReferenceResolution.targets(14,5): message :       ResolveProjectReferences;
                   C:\Program Files\dotnet\sdk\10.0.301\Sdks\Microsoft.NET.Sdk\targets\Microsoft.NET.Sdk.FrameworkReferenceResolution.targets(14,5): message :       FindInvalidProjectReferences;
                   C:\Program Files\dotnet\sdk\10.0.301\Sdks\Microsoft.NET.Sdk\targets\Microsoft.NET.Sdk.FrameworkReferenceResolution.targets(14,5): message :       GetFrameworkPaths;
                   C:\Program Files\dotnet\sdk\10.0.301\Sdks\Microsoft.NET.Sdk\targets\Microsoft.NET.Sdk.FrameworkReferenceResolution.targets(14,5): message :       GetReferenceAssemblyPaths;
                   C:\Program Files\dotnet\sdk\10.0.301\Sdks\Microsoft.NET.Sdk\targets\Microsoft.NET.Sdk.FrameworkReferenceResolution.targets(14,5): message :       PrepareForBuild;
                   C:\Program Files\dotnet\sdk\10.0.301\Sdks\Microsoft.NET.Sdk\targets\Microsoft.NET.Sdk.FrameworkReferenceResolution.targets(14,5): message :       ResolveSDKReferences;
                   C:\Program Files\dotnet\sdk\10.0.301\Sdks\Microsoft.NET.Sdk\targets\Microsoft.NET.Sdk.FrameworkReferenceResolution.targets(14,5): message :       ExpandSDKReferences;
                   C:\Program Files\dotnet\sdk\10.0.301\Sdks\Microsoft.NET.Sdk\targets\Microsoft.NET.Sdk.FrameworkReferenceResolution.targets(14,5): message :     ;
                   C:\Program Files\dotnet\sdk\10.0.301\Sdks\Microsoft.NET.Sdk\targets\Microsoft.NET.Sdk.FrameworkReferenceResolution.targets(14,5): message :       ResolvePackageDependenciesForBuild;
                   C:\Program Files\dotnet\sdk\10.0.301\Sdks\Microsoft.NET.Sdk\targets\Microsoft.NET.Sdk.FrameworkReferenceResolution.targets(14,5): message :       _HandlePackageFileConflicts;
                   C:\Program Files\dotnet\sdk\10.0.301\Sdks\Microsoft.NET.Sdk\targets\Microsoft.NET.Sdk.FrameworkReferenceResolution.targets(14,5): message :     ”)
                   C:\Program Files\dotnet\sdk\10.0.301\Sdks\Microsoft.NET.Sdk\targets\Microsoft.NET.Sdk.targets(44,5): message : 在 C:\Program Files\dotnet\sdk\10.0.301\Sdks\Microsoft.NET.Sdk\targets\Microsoft.NET.Sdk.targets (44,5) 处重新分配属性: $(_GenerateRuntimeConfigurationPropertyInputsCache)=“D:\Project\AssetRipper\.workbuddy\tmp\NikkiLoader\obj\Debug\net10.0\NikkiLoader.genruntimeconfig.cache”(先前值:“obj\Debug\net10.0\NikkiLoader.genruntimeconfig.cache”)
                   C:\Program Files\dotnet\sdk\10.0.301\Sdks\Microsoft.NET.Sdk\targets\Microsoft.NET.Sdk.targets(46,5): message : 在 C:\Program Files\dotnet\sdk\10.0.301\Sdks\Microsoft.NET.Sdk\targets\Microsoft.NET.Sdk.targets (46,5) 处重新分配属性: $(_GeneratePublishDependencyFilePropertyInputsCache)=“D:\Project\AssetRipper\.workbuddy\tmp\NikkiLoader\obj\Debug\net10.0\NikkiLoader.genpublishdeps.cache”(先前值:“obj\Debug\net10.0\NikkiLoader.genpublishdeps.cache”)
                   C:\Program Files\dotnet\sdk\10.0.301\Sdks\Microsoft.NET.Sdk\targets\Microsoft.NET.Sdk.targets(48,5): message : 在 C:\Program Files\dotnet\sdk\10.0.301\Sdks\Microsoft.NET.Sdk\targets\Microsoft.NET.Sdk.targets (48,5) 处重新分配属性: $(_GenerateSingleFileBundlePropertyInputsCache)=“D:\Project\AssetRipper\.workbuddy\tmp\NikkiLoader\obj\Debug\net10.0\NikkiLoader.genbundle.cache”(先前值:“obj\Debug\net10.0\NikkiLoader.genbundle.cache”)
                   C:\Program Files\dotnet\sdk\10.0.301\Sdks\Microsoft.NET.Sdk\targets\Microsoft.NET.Sdk.targets(81,5): message : 在 C:\Program Files\dotnet\sdk\10.0.301\Sdks\Microsoft.NET.Sdk\targets\Microsoft.NET.Sdk.targets (81,5) 处重新分配属性: $(GenerateRuntimeConfigDevFile)=“false”(先前值:“true”)
                   C:\Program Files\dotnet\sdk\10.0.301\Sdks\Microsoft.NET.Sdk\targets\Microsoft.NET.Sdk.targets(97,5): message : 值为“C:\Users\Administrator”的属性“HOME”从环境中展开。
                   C:\Program Files\dotnet\sdk\10.0.301\Sdks\Microsoft.NET.Sdk\targets\Microsoft.NET.Sdk.targets(98,5): message : 值为“C:\Users\Administrator”的属性“USERPROFILE”从环境中展开。
                   C:\Program Files\dotnet\sdk\10.0.301\Sdks\Microsoft.NET.Sdk\targets\Microsoft.NET.Sdk.targets(99,5): message : 在 C:\Program Files\dotnet\sdk\10.0.301\Sdks\Microsoft.NET.Sdk\targets\Microsoft.NET.Sdk.targets (99,5) 处重新分配属性: $(_DefaultUserProfileRuntimeStorePath)=“C:\Users\Administrator\.dotnet\store”(先前值:“C:\Users\Administrator”)
                   C:\Program Files\dotnet\sdk\10.0.301\Sdks\Microsoft.NET.Sdk\targets\Microsoft.NET.Sdk.targets(144,5): message : 在 C:\Program Files\dotnet\sdk\10.0.301\Sdks\Microsoft.NET.Sdk\targets\Microsoft.NET.Sdk.targets (144,5) 处重新分配属性: $(AvailablePlatforms)=“Any CPU,x86,x64,ARM32”(先前值:“Any CPU,x86,x64”)
                   C:\Program Files\dotnet\sdk\10.0.301\Sdks\Microsoft.NET.Sdk\targets\Microsoft.NET.Sdk.targets(148,5): message : 在 C:\Program Files\dotnet\sdk\10.0.301\Sdks\Microsoft.NET.Sdk\targets\Microsoft.NET.Sdk.targets (148,5) 处重新分配属性: $(AvailablePlatforms)=“Any CPU,x86,x64,ARM32,ARM64”(先前值:“Any CPU,x86,x64,ARM32”)
                   C:\Program Files\dotnet\sdk\10.0.301\Sdks\Microsoft.NET.Sdk\targets\Microsoft.NET.Sdk.targets(204,5): message : 在 C:\Program Files\dotnet\sdk\10.0.301\Sdks\Microsoft.NET.Sdk\targets\Microsoft.NET.Sdk.targets (204,5) 处重新分配属性: $(CoreBuildDependsOn)=“
                   C:\Program Files\dotnet\sdk\10.0.301\Sdks\Microsoft.NET.Sdk\targets\Microsoft.NET.Sdk.targets(204,5): message :       _CheckForBuildWithNoBuild;
                   C:\Program Files\dotnet\sdk\10.0.301\Sdks\Microsoft.NET.Sdk\targets\Microsoft.NET.Sdk.targets(204,5): message :       
                   C:\Program Files\dotnet\sdk\10.0.301\Sdks\Microsoft.NET.Sdk\targets\Microsoft.NET.Sdk.targets(204,5): message :       BuildOnlySettings;
                   C:\Program Files\dotnet\sdk\10.0.301\Sdks\Microsoft.NET.Sdk\targets\Microsoft.NET.Sdk.targets(204,5): message :       PrepareForBuild;
                   C:\Program Files\dotnet\sdk\10.0.301\Sdks\Microsoft.NET.Sdk\targets\Microsoft.NET.Sdk.targets(204,5): message :       PreBuildEvent;
                   C:\Program Files\dotnet\sdk\10.0.301\Sdks\Microsoft.NET.Sdk\targets\Microsoft.NET.Sdk.targets(204,5): message :       ResolveReferences;
                   C:\Program Files\dotnet\sdk\10.0.301\Sdks\Microsoft.NET.Sdk\targets\Microsoft.NET.Sdk.targets(204,5): message :       PrepareResources;
                   C:\Program Files\dotnet\sdk\10.0.301\Sdks\Microsoft.NET.Sdk\targets\Microsoft.NET.Sdk.targets(204,5): message :       ResolveKeySource;
                   C:\Program Files\dotnet\sdk\10.0.301\Sdks\Microsoft.NET.Sdk\targets\Microsoft.NET.Sdk.targets(204,5): message :       Compile;
                   C:\Program Files\dotnet\sdk\10.0.301\Sdks\Microsoft.NET.Sdk\targets\Microsoft.NET.Sdk.targets(204,5): message :       ExportWindowsMDFile;
                   C:\Program Files\dotnet\sdk\10.0.301\Sdks\Microsoft.NET.Sdk\targets\Microsoft.NET.Sdk.targets(204,5): message :       UnmanagedUnregistration;
                   C:\Program Files\dotnet\sdk\10.0.301\Sdks\Microsoft.NET.Sdk\targets\Microsoft.NET.Sdk.targets(204,5): message :       GenerateSerializationAssemblies;
                   C:\Program Files\dotnet\sdk\10.0.301\Sdks\Microsoft.NET.Sdk\targets\Microsoft.NET.Sdk.targets(204,5): message :       CreateSatelliteAssemblies;
                   C:\Program Files\dotnet\sdk\10.0.301\Sdks\Microsoft.NET.Sdk\targets\Microsoft.NET.Sdk.targets(204,5): message :       GenerateManifests;
                   C:\Program Files\dotnet\sdk\10.0.301\Sdks\Microsoft.NET.Sdk\targets\Microsoft.NET.Sdk.targets(204,5): message :       GetTargetPath;
                   C:\Program Files\dotnet\sdk\10.0.301\Sdks\Microsoft.NET.Sdk\targets\Microsoft.NET.Sdk.targets(204,5): message :       PrepareForRun;
                   C:\Program Files\dotnet\sdk\10.0.301\Sdks\Microsoft.NET.Sdk\targets\Microsoft.NET.Sdk.targets(204,5): message :       UnmanagedRegistration;
                   C:\Program Files\dotnet\sdk\10.0.301\Sdks\Microsoft.NET.Sdk\targets\Microsoft.NET.Sdk.targets(204,5): message :       IncrementalClean;
                   C:\Program Files\dotnet\sdk\10.0.301\Sdks\Microsoft.NET.Sdk\targets\Microsoft.NET.Sdk.targets(204,5): message :       PostBuildEvent
                   C:\Program Files\dotnet\sdk\10.0.301\Sdks\Microsoft.NET.Sdk\targets\Microsoft.NET.Sdk.targets(204,5): message :     ;
                   C:\Program Files\dotnet\sdk\10.0.301\Sdks\Microsoft.NET.Sdk\targets\Microsoft.NET.Sdk.targets(204,5): message :       GenerateBuildDependencyFile;
                   C:\Program Files\dotnet\sdk\10.0.301\Sdks\Microsoft.NET.Sdk\targets\Microsoft.NET.Sdk.targets(204,5): message :       GenerateBuildRuntimeConfigurationFiles
                   C:\Program Files\dotnet\sdk\10.0.301\Sdks\Microsoft.NET.Sdk\targets\Microsoft.NET.Sdk.targets(204,5): message :     ”(先前值:“
                   C:\Program Files\dotnet\sdk\10.0.301\Sdks\Microsoft.NET.Sdk\targets\Microsoft.NET.Sdk.targets(204,5): message :       BuildOnlySettings;
                   C:\Program Files\dotnet\sdk\10.0.301\Sdks\Microsoft.NET.Sdk\targets\Microsoft.NET.Sdk.targets(204,5): message :       PrepareForBuild;
                   C:\Program Files\dotnet\sdk\10.0.301\Sdks\Microsoft.NET.Sdk\targets\Microsoft.NET.Sdk.targets(204,5): message :       PreBuildEvent;
                   C:\Program Files\dotnet\sdk\10.0.301\Sdks\Microsoft.NET.Sdk\targets\Microsoft.NET.Sdk.targets(204,5): message :       ResolveReferences;
                   C:\Program Files\dotnet\sdk\10.0.301\Sdks\Microsoft.NET.Sdk\targets\Microsoft.NET.Sdk.targets(204,5): message :       PrepareResources;
                   C:\Program Files\dotnet\sdk\10.0.301\Sdks\Microsoft.NET.Sdk\targets\Microsoft.NET.Sdk.targets(204,5): message :       ResolveKeySource;
                   C:\Program Files\dotnet\sdk\10.0.301\Sdks\Microsoft.NET.Sdk\targets\Microsoft.NET.Sdk.targets(204,5): message :       Compile;
                   C:\Program Files\dotnet\sdk\10.0.301\Sdks\Microsoft.NET.Sdk\targets\Microsoft.NET.Sdk.targets(204,5): message :       ExportWindowsMDFile;
                   C:\Program Files\dotnet\sdk\10.0.301\Sdks\Microsoft.NET.Sdk\targets\Microsoft.NET.Sdk.targets(204,5): message :       UnmanagedUnregistration;
                   C:\Program Files\dotnet\sdk\10.0.301\Sdks\Microsoft.NET.Sdk\targets\Microsoft.NET.Sdk.targets(204,5): message :       GenerateSerializationAssemblies;
                   C:\Program Files\dotnet\sdk\10.0.301\Sdks\Microsoft.NET.Sdk\targets\Microsoft.NET.Sdk.targets(204,5): message :       CreateSatelliteAssemblies;
                   C:\Program Files\dotnet\sdk\10.0.301\Sdks\Microsoft.NET.Sdk\targets\Microsoft.NET.Sdk.targets(204,5): message :       GenerateManifests;
                   C:\Program Files\dotnet\sdk\10.0.301\Sdks\Microsoft.NET.Sdk\targets\Microsoft.NET.Sdk.targets(204,5): message :       GetTargetPath;
                   C:\Program Files\dotnet\sdk\10.0.301\Sdks\Microsoft.NET.Sdk\targets\Microsoft.NET.Sdk.targets(204,5): message :       PrepareForRun;
                   C:\Program Files\dotnet\sdk\10.0.301\Sdks\Microsoft.NET.Sdk\targets\Microsoft.NET.Sdk.targets(204,5): message :       UnmanagedRegistration;
                   C:\Program Files\dotnet\sdk\10.0.301\Sdks\Microsoft.NET.Sdk\targets\Microsoft.NET.Sdk.targets(204,5): message :       IncrementalClean;
                   C:\Program Files\dotnet\sdk\10.0.301\Sdks\Microsoft.NET.Sdk\targets\Microsoft.NET.Sdk.targets(204,5): message :       PostBuildEvent
                   C:\Program Files\dotnet\sdk\10.0.301\Sdks\Microsoft.NET.Sdk\targets\Microsoft.NET.Sdk.targets(204,5): message :     ”)
                   C:\Program Files\dotnet\sdk\10.0.301\Sdks\Microsoft.NET.Sdk\targets\Microsoft.NET.Sdk.targets(213,5): message : 在 C:\Program Files\dotnet\sdk\10.0.301\Sdks\Microsoft.NET.Sdk\targets\Microsoft.NET.Sdk.targets (213,5) 处重新分配属性: $(CoreCleanDependsOn)=“
                   C:\Program Files\dotnet\sdk\10.0.301\Sdks\Microsoft.NET.Sdk\targets\Microsoft.NET.Sdk.targets(213,5): message :       _SdkBeforeClean;
                   C:\Program Files\dotnet\sdk\10.0.301\Sdks\Microsoft.NET.Sdk\targets\Microsoft.NET.Sdk.targets(213,5): message :       
                   C:\Program Files\dotnet\sdk\10.0.301\Sdks\Microsoft.NET.Sdk\targets\Microsoft.NET.Sdk.targets(213,5): message :     ”(先前值:“”)
                   C:\Program Files\dotnet\sdk\10.0.301\Sdks\Microsoft.NET.Sdk\targets\Microsoft.NET.Sdk.targets(220,5): message : 在 C:\Program Files\dotnet\sdk\10.0.301\Sdks\Microsoft.NET.Sdk\targets\Microsoft.NET.Sdk.targets (220,5) 处重新分配属性: $(RebuildDependsOn)=“
                   C:\Program Files\dotnet\sdk\10.0.301\Sdks\Microsoft.NET.Sdk\targets\Microsoft.NET.Sdk.targets(220,5): message :       _SdkBeforeRebuild;
                   C:\Program Files\dotnet\sdk\10.0.301\Sdks\Microsoft.NET.Sdk\targets\Microsoft.NET.Sdk.targets(220,5): message :       
                   C:\Program Files\dotnet\sdk\10.0.301\Sdks\Microsoft.NET.Sdk\targets\Microsoft.NET.Sdk.targets(220,5): message :       BeforeRebuild;
                   C:\Program Files\dotnet\sdk\10.0.301\Sdks\Microsoft.NET.Sdk\targets\Microsoft.NET.Sdk.targets(220,5): message :       Clean;
                   C:\Program Files\dotnet\sdk\10.0.301\Sdks\Microsoft.NET.Sdk\targets\Microsoft.NET.Sdk.targets(220,5): message :       Build;
                   C:\Program Files\dotnet\sdk\10.0.301\Sdks\Microsoft.NET.Sdk\targets\Microsoft.NET.Sdk.targets(220,5): message :       AfterRebuild;
                   C:\Program Files\dotnet\sdk\10.0.301\Sdks\Microsoft.NET.Sdk\targets\Microsoft.NET.Sdk.targets(220,5): message :     
                   C:\Program Files\dotnet\sdk\10.0.301\Sdks\Microsoft.NET.Sdk\targets\Microsoft.NET.Sdk.targets(220,5): message :     ”(先前值:“
                   C:\Program Files\dotnet\sdk\10.0.301\Sdks\Microsoft.NET.Sdk\targets\Microsoft.NET.Sdk.targets(220,5): message :       BeforeRebuild;
                   C:\Program Files\dotnet\sdk\10.0.301\Sdks\Microsoft.NET.Sdk\targets\Microsoft.NET.Sdk.targets(220,5): message :       Clean;
                   C:\Program Files\dotnet\sdk\10.0.301\Sdks\Microsoft.NET.Sdk\targets\Microsoft.NET.Sdk.targets(220,5): message :       Build;
                   C:\Program Files\dotnet\sdk\10.0.301\Sdks\Microsoft.NET.Sdk\targets\Microsoft.NET.Sdk.targets(220,5): message :       AfterRebuild;
                   C:\Program Files\dotnet\sdk\10.0.301\Sdks\Microsoft.NET.Sdk\targets\Microsoft.NET.Sdk.targets(220,5): message :     ”)
                   C:\Program Files\dotnet\sdk\10.0.301\Sdks\Microsoft.NET.Sdk\targets\Microsoft.NET.Sdk.targets(799,5): message : 在 C:\Program Files\dotnet\sdk\10.0.301\Sdks\Microsoft.NET.Sdk\targets\Microsoft.NET.Sdk.targets (799,5) 处重新分配属性: $(CompileDependsOn)=“
                   C:\Program Files\dotnet\sdk\10.0.301\Sdks\Microsoft.NET.Sdk\targets\Microsoft.NET.Sdk.targets(799,5): message :       
                   C:\Program Files\dotnet\sdk\10.0.301\Sdks\Microsoft.NET.Sdk\targets\Microsoft.NET.Sdk.targets(799,5): message :       ResolveReferences;
                   C:\Program Files\dotnet\sdk\10.0.301\Sdks\Microsoft.NET.Sdk\targets\Microsoft.NET.Sdk.targets(799,5): message :       ResolveKeySource;
                   C:\Program Files\dotnet\sdk\10.0.301\Sdks\Microsoft.NET.Sdk\targets\Microsoft.NET.Sdk.targets(799,5): message :       SetWin32ManifestProperties;
                   C:\Program Files\dotnet\sdk\10.0.301\Sdks\Microsoft.NET.Sdk\targets\Microsoft.NET.Sdk.targets(799,5): message :       _SetPreferNativeArm64Win32ManifestProperties;
                   C:\Program Files\dotnet\sdk\10.0.301\Sdks\Microsoft.NET.Sdk\targets\Microsoft.NET.Sdk.targets(799,5): message :       FindReferenceAssembliesForReferences;
                   C:\Program Files\dotnet\sdk\10.0.301\Sdks\Microsoft.NET.Sdk\targets\Microsoft.NET.Sdk.targets(799,5): message :       _GenerateCompileInputs;
                   C:\Program Files\dotnet\sdk\10.0.301\Sdks\Microsoft.NET.Sdk\targets\Microsoft.NET.Sdk.targets(799,5): message :       BeforeCompile;
                   C:\Program Files\dotnet\sdk\10.0.301\Sdks\Microsoft.NET.Sdk\targets\Microsoft.NET.Sdk.targets(799,5): message :       _TimeStampBeforeCompile;
                   C:\Program Files\dotnet\sdk\10.0.301\Sdks\Microsoft.NET.Sdk\targets\Microsoft.NET.Sdk.targets(799,5): message :       _GenerateCompileDependencyCache;
                   C:\Program Files\dotnet\sdk\10.0.301\Sdks\Microsoft.NET.Sdk\targets\Microsoft.NET.Sdk.targets(799,5): message :       CoreCompile;
                   C:\Program Files\dotnet\sdk\10.0.301\Sdks\Microsoft.NET.Sdk\targets\Microsoft.NET.Sdk.targets(799,5): message :       _TimeStampAfterCompile;
                   C:\Program Files\dotnet\sdk\10.0.301\Sdks\Microsoft.NET.Sdk\targets\Microsoft.NET.Sdk.targets(799,5): message :       AfterCompile;
                   C:\Program Files\dotnet\sdk\10.0.301\Sdks\Microsoft.NET.Sdk\targets\Microsoft.NET.Sdk.targets(799,5): message :     ;
                   C:\Program Files\dotnet\sdk\10.0.301\Sdks\Microsoft.NET.Sdk\targets\Microsoft.NET.Sdk.targets(799,5): message :       _CreateAppHost;
                   C:\Program Files\dotnet\sdk\10.0.301\Sdks\Microsoft.NET.Sdk\targets\Microsoft.NET.Sdk.targets(799,5): message :       _CreateComHost;
                   C:\Program Files\dotnet\sdk\10.0.301\Sdks\Microsoft.NET.Sdk\targets\Microsoft.NET.Sdk.targets(799,5): message :       _GetIjwHostPaths;
                   C:\Program Files\dotnet\sdk\10.0.301\Sdks\Microsoft.NET.Sdk\targets\Microsoft.NET.Sdk.targets(799,5): message :     ”(先前值:“
                   C:\Program Files\dotnet\sdk\10.0.301\Sdks\Microsoft.NET.Sdk\targets\Microsoft.NET.Sdk.targets(799,5): message :       ResolveReferences;
                   C:\Program Files\dotnet\sdk\10.0.301\Sdks\Microsoft.NET.Sdk\targets\Microsoft.NET.Sdk.targets(799,5): message :       ResolveKeySource;
                   C:\Program Files\dotnet\sdk\10.0.301\Sdks\Microsoft.NET.Sdk\targets\Microsoft.NET.Sdk.targets(799,5): message :       SetWin32ManifestProperties;
                   C:\Program Files\dotnet\sdk\10.0.301\Sdks\Microsoft.NET.Sdk\targets\Microsoft.NET.Sdk.targets(799,5): message :       _SetPreferNativeArm64Win32ManifestProperties;
                   C:\Program Files\dotnet\sdk\10.0.301\Sdks\Microsoft.NET.Sdk\targets\Microsoft.NET.Sdk.targets(799,5): message :       FindReferenceAssembliesForReferences;
                   C:\Program Files\dotnet\sdk\10.0.301\Sdks\Microsoft.NET.Sdk\targets\Microsoft.NET.Sdk.targets(799,5): message :       _GenerateCompileInputs;
                   C:\Program Files\dotnet\sdk\10.0.301\Sdks\Microsoft.NET.Sdk\targets\Microsoft.NET.Sdk.targets(799,5): message :       BeforeCompile;
                   C:\Program Files\dotnet\sdk\10.0.301\Sdks\Microsoft.NET.Sdk\targets\Microsoft.NET.Sdk.targets(799,5): message :       _TimeStampBeforeCompile;
                   C:\Program Files\dotnet\sdk\10.0.301\Sdks\Microsoft.NET.Sdk\targets\Microsoft.NET.Sdk.targets(799,5): message :       _GenerateCompileDependencyCache;
                   C:\Program Files\dotnet\sdk\10.0.301\Sdks\Microsoft.NET.Sdk\targets\Microsoft.NET.Sdk.targets(799,5): message :       CoreCompile;
                   C:\Program Files\dotnet\sdk\10.0.301\Sdks\Microsoft.NET.Sdk\targets\Microsoft.NET.Sdk.targets(799,5): message :       _TimeStampAfterCompile;
                   C:\Program Files\dotnet\sdk\10.0.301\Sdks\Microsoft.NET.Sdk\targets\Microsoft.NET.Sdk.targets(799,5): message :       AfterCompile;
                   C:\Program Files\dotnet\sdk\10.0.301\Sdks\Microsoft.NET.Sdk\targets\Microsoft.NET.Sdk.targets(799,5): message :     ”)
                   C:\Program Files\dotnet\sdk\10.0.301\Sdks\Microsoft.NET.Sdk\targets\Microsoft.NET.Sdk.targets(1131,5): message : 在 C:\Program Files\dotnet\sdk\10.0.301\Sdks\Microsoft.NET.Sdk\targets\Microsoft.NET.Sdk.targets (1131,5) 处重新分配属性: $(CreateSatelliteAssembliesDependsOn)=“
                   C:\Program Files\dotnet\sdk\10.0.301\Sdks\Microsoft.NET.Sdk\targets\Microsoft.NET.Sdk.targets(1131,5): message :       
                   C:\Program Files\dotnet\sdk\10.0.301\Sdks\Microsoft.NET.Sdk\targets\Microsoft.NET.Sdk.targets(1131,5): message :       ;
                   C:\Program Files\dotnet\sdk\10.0.301\Sdks\Microsoft.NET.Sdk\targets\Microsoft.NET.Sdk.targets(1131,5): message :       _GenerateSatelliteAssemblyInputs;
                   C:\Program Files\dotnet\sdk\10.0.301\Sdks\Microsoft.NET.Sdk\targets\Microsoft.NET.Sdk.targets(1131,5): message :       ComputeIntermediateSatelliteAssemblies;
                   C:\Program Files\dotnet\sdk\10.0.301\Sdks\Microsoft.NET.Sdk\targets\Microsoft.NET.Sdk.targets(1131,5): message :       GenerateSatelliteAssemblies
                   C:\Program Files\dotnet\sdk\10.0.301\Sdks\Microsoft.NET.Sdk\targets\Microsoft.NET.Sdk.targets(1131,5): message :     ;
                   C:\Program Files\dotnet\sdk\10.0.301\Sdks\Microsoft.NET.Sdk\targets\Microsoft.NET.Sdk.targets(1131,5): message :       CoreGenerateSatelliteAssemblies
                   C:\Program Files\dotnet\sdk\10.0.301\Sdks\Microsoft.NET.Sdk\targets\Microsoft.NET.Sdk.targets(1131,5): message :     ”(先前值:“
                   C:\Program Files\dotnet\sdk\10.0.301\Sdks\Microsoft.NET.Sdk\targets\Microsoft.NET.Sdk.targets(1131,5): message :       ;
                   C:\Program Files\dotnet\sdk\10.0.301\Sdks\Microsoft.NET.Sdk\targets\Microsoft.NET.Sdk.targets(1131,5): message :       _GenerateSatelliteAssemblyInputs;
                   C:\Program Files\dotnet\sdk\10.0.301\Sdks\Microsoft.NET.Sdk\targets\Microsoft.NET.Sdk.targets(1131,5): message :       ComputeIntermediateSatelliteAssemblies;
                   C:\Program Files\dotnet\sdk\10.0.301\Sdks\Microsoft.NET.Sdk\targets\Microsoft.NET.Sdk.targets(1131,5): message :       GenerateSatelliteAssemblies
                   C:\Program Files\dotnet\sdk\10.0.301\Sdks\Microsoft.NET.Sdk\targets\Microsoft.NET.Sdk.targets(1131,5): message :     ”)
                   C:\Program Files\dotnet\sdk\10.0.301\Sdks\Microsoft.SourceLink.GitLab\build\Microsoft.SourceLink.GitLab.targets(12,5): message : 在 C:\Program Files\dotnet\sdk\10.0.301\Sdks\Microsoft.SourceLink.GitLab\build\Microsoft.SourceLink.GitLab.targets (12,5) 处重新分配属性: $(SourceLinkUrlInitializerTargets)=“;_InitializeGitHubSourceLinkUrl;_InitializeGitLabSourceLinkUrl”(先前值:“;_InitializeGitHubSourceLinkUrl”)
                   C:\Program Files\dotnet\sdk\10.0.301\Sdks\Microsoft.SourceLink.GitLab\build\Microsoft.SourceLink.GitLab.targets(13,5): message : 在 C:\Program Files\dotnet\sdk\10.0.301\Sdks\Microsoft.SourceLink.GitLab\build\Microsoft.SourceLink.GitLab.targets (13,5) 处重新分配属性: $(SourceControlManagerUrlTranslationTargets)=“;TranslateGitHubUrlsInSourceControlInformation;TranslateGitLabUrlsInSourceControlInformation”(先前值:“;TranslateGitHubUrlsInSourceControlInformation”)
                   C:\Program Files\dotnet\sdk\10.0.301\Sdks\Microsoft.SourceLink.AzureRepos.Git\build\Microsoft.SourceLink.AzureRepos.Git.targets(12,5): message : 在 C:\Program Files\dotnet\sdk\10.0.301\Sdks\Microsoft.SourceLink.AzureRepos.Git\build\Microsoft.SourceLink.AzureRepos.Git.targets (12,5) 处重新分配属性: $(SourceLinkUrlInitializerTargets)=“;_InitializeGitHubSourceLinkUrl;_InitializeGitLabSourceLinkUrl;_InitializeAzureReposGitSourceLinkUrl”(先前值:“;_InitializeGitHubSourceLinkUrl;_InitializeGitLabSourceLinkUrl”)
                   C:\Program Files\dotnet\sdk\10.0.301\Sdks\Microsoft.SourceLink.AzureRepos.Git\build\Microsoft.SourceLink.AzureRepos.Git.targets(13,5): message : 在 C:\Program Files\dotnet\sdk\10.0.301\Sdks\Microsoft.SourceLink.AzureRepos.Git\build\Microsoft.SourceLink.AzureRepos.Git.targets (13,5) 处重新分配属性: $(SourceControlManagerUrlTranslationTargets)=“;TranslateGitHubUrlsInSourceControlInformation;TranslateGitLabUrlsInSourceControlInformation;TranslateAzureReposGitUrlsInSourceControlInformation”(先前值:“;TranslateGitHubUrlsInSourceControlInformation;TranslateGitLabUrlsInSourceControlInformation”)
                   C:\Program Files\dotnet\sdk\10.0.301\Sdks\Microsoft.SourceLink.Bitbucket.Git\build\Microsoft.SourceLink.Bitbucket.Git.targets(12,5): message : 在 C:\Program Files\dotnet\sdk\10.0.301\Sdks\Microsoft.SourceLink.Bitbucket.Git\build\Microsoft.SourceLink.Bitbucket.Git.targets (12,5) 处重新分配属性: $(SourceLinkUrlInitializerTargets)=“;_InitializeGitHubSourceLinkUrl;_InitializeGitLabSourceLinkUrl;_InitializeAzureReposGitSourceLinkUrl;_InitializeBitbucketGitSourceLinkUrl”(先前值:“;_InitializeGitHubSourceLinkUrl;_InitializeGitLabSourceLinkUrl;_InitializeAzureReposGitSourceLinkUrl”)
                   C:\Program Files\dotnet\sdk\10.0.301\Sdks\Microsoft.SourceLink.Bitbucket.Git\build\Microsoft.SourceLink.Bitbucket.Git.targets(13,5): message : 在 C:\Program Files\dotnet\sdk\10.0.301\Sdks\Microsoft.SourceLink.Bitbucket.Git\build\Microsoft.SourceLink.Bitbucket.Git.targets (13,5) 处重新分配属性: $(SourceControlManagerUrlTranslationTargets)=“;TranslateGitHubUrlsInSourceControlInformation;TranslateGitLabUrlsInSourceControlInformation;TranslateAzureReposGitUrlsInSourceControlInformation;TranslateBitbucketGitUrlsInSourceControlInformation”(先前值:“;TranslateGitHubUrlsInSourceControlInformation;TranslateGitLabUrlsInSourceControlInformation;TranslateAzureReposGitUrlsInSourceControlInformation”)
                   C:\Program Files\dotnet\sdk\10.0.301\Sdks\Microsoft.NET.Sdk\targets\Microsoft.NET.DesignerSupport.targets(21,5): message : 在 C:\Program Files\dotnet\sdk\10.0.301\Sdks\Microsoft.NET.Sdk\targets\Microsoft.NET.DesignerSupport.targets (21,5) 处重新分配属性: $(DesignerRuntimeImplementationProjectOutputGroupDependsOn)=“
                   C:\Program Files\dotnet\sdk\10.0.301\Sdks\Microsoft.NET.Sdk\targets\Microsoft.NET.DesignerSupport.targets(21,5): message :       
                   C:\Program Files\dotnet\sdk\10.0.301\Sdks\Microsoft.NET.Sdk\targets\Microsoft.NET.DesignerSupport.targets(21,5): message :       ;
                   C:\Program Files\dotnet\sdk\10.0.301\Sdks\Microsoft.NET.Sdk\targets\Microsoft.NET.DesignerSupport.targets(21,5): message :       
                   C:\Program Files\dotnet\sdk\10.0.301\Sdks\Microsoft.NET.Sdk\targets\Microsoft.NET.DesignerSupport.targets(21,5): message :       ;
                   C:\Program Files\dotnet\sdk\10.0.301\Sdks\Microsoft.NET.Sdk\targets\Microsoft.NET.DesignerSupport.targets(21,5): message :       BuildOnlySettings;
                   C:\Program Files\dotnet\sdk\10.0.301\Sdks\Microsoft.NET.Sdk\targets\Microsoft.NET.DesignerSupport.targets(21,5): message :       PrepareForBuild;
                   C:\Program Files\dotnet\sdk\10.0.301\Sdks\Microsoft.NET.Sdk\targets\Microsoft.NET.DesignerSupport.targets(21,5): message :       AssignTargetPaths;
                   C:\Program Files\dotnet\sdk\10.0.301\Sdks\Microsoft.NET.Sdk\targets\Microsoft.NET.DesignerSupport.targets(21,5): message :       ResolveReferences
                   C:\Program Files\dotnet\sdk\10.0.301\Sdks\Microsoft.NET.Sdk\targets\Microsoft.NET.DesignerSupport.targets(21,5): message :     
                   C:\Program Files\dotnet\sdk\10.0.301\Sdks\Microsoft.NET.Sdk\targets\Microsoft.NET.DesignerSupport.targets(21,5): message :     ;
                   C:\Program Files\dotnet\sdk\10.0.301\Sdks\Microsoft.NET.Sdk\targets\Microsoft.NET.DesignerSupport.targets(21,5): message :       _GenerateDesignerDepsFile;
                   C:\Program Files\dotnet\sdk\10.0.301\Sdks\Microsoft.NET.Sdk\targets\Microsoft.NET.DesignerSupport.targets(21,5): message :       _GenerateDesignerRuntimeConfigFile;
                   C:\Program Files\dotnet\sdk\10.0.301\Sdks\Microsoft.NET.Sdk\targets\Microsoft.NET.DesignerSupport.targets(21,5): message :       GetCopyToOutputDirectoryItems;
                   C:\Program Files\dotnet\sdk\10.0.301\Sdks\Microsoft.NET.Sdk\targets\Microsoft.NET.DesignerSupport.targets(21,5): message :       _GatherDesignerShadowCopyFiles;
                   C:\Program Files\dotnet\sdk\10.0.301\Sdks\Microsoft.NET.Sdk\targets\Microsoft.NET.DesignerSupport.targets(21,5): message :     ”(先前值:“
                   C:\Program Files\dotnet\sdk\10.0.301\Sdks\Microsoft.NET.Sdk\targets\Microsoft.NET.DesignerSupport.targets(21,5): message :       ;
                   C:\Program Files\dotnet\sdk\10.0.301\Sdks\Microsoft.NET.Sdk\targets\Microsoft.NET.DesignerSupport.targets(21,5): message :       
                   C:\Program Files\dotnet\sdk\10.0.301\Sdks\Microsoft.NET.Sdk\targets\Microsoft.NET.DesignerSupport.targets(21,5): message :       ;
                   C:\Program Files\dotnet\sdk\10.0.301\Sdks\Microsoft.NET.Sdk\targets\Microsoft.NET.DesignerSupport.targets(21,5): message :       BuildOnlySettings;
                   C:\Program Files\dotnet\sdk\10.0.301\Sdks\Microsoft.NET.Sdk\targets\Microsoft.NET.DesignerSupport.targets(21,5): message :       PrepareForBuild;
                   C:\Program Files\dotnet\sdk\10.0.301\Sdks\Microsoft.NET.Sdk\targets\Microsoft.NET.DesignerSupport.targets(21,5): message :       AssignTargetPaths;
                   C:\Program Files\dotnet\sdk\10.0.301\Sdks\Microsoft.NET.Sdk\targets\Microsoft.NET.DesignerSupport.targets(21,5): message :       ResolveReferences
                   C:\Program Files\dotnet\sdk\10.0.301\Sdks\Microsoft.NET.Sdk\targets\Microsoft.NET.DesignerSupport.targets(21,5): message :     
                   C:\Program Files\dotnet\sdk\10.0.301\Sdks\Microsoft.NET.Sdk\targets\Microsoft.NET.DesignerSupport.targets(21,5): message :     ”)
                   C:\Program Files\dotnet\sdk\10.0.301\Sdks\Microsoft.NET.Sdk\targets\Microsoft.NET.Sdk.CSharp.targets(31,5): message : 在 C:\Program Files\dotnet\sdk\10.0.301\Sdks\Microsoft.NET.Sdk\targets\Microsoft.NET.Sdk.CSharp.targets (31,5) 处重新分配属性: $(DefineConstants)=“TRACE;DEBUG”(先前值:“TRACE”)
                   C:\Program Files\dotnet\sdk\10.0.301\Sdks\Microsoft.NET.Sdk\targets\Microsoft.NET.Sdk.CSharp.targets(45,5): message : 在 C:\Program Files\dotnet\sdk\10.0.301\Sdks\Microsoft.NET.Sdk\targets\Microsoft.NET.Sdk.CSharp.targets (45,5) 处重新分配属性: $(WarningsAsErrors)=“;NU1605;SYSLIB0011”(先前值:“;NU1605”)
                   C:\Program Files\dotnet\sdk\10.0.301\NuGet.Build.Tasks.Pack.targets(34,5): message : 在 C:\Program Files\dotnet\sdk\10.0.301\NuGet.Build.Tasks.Pack.targets (34,5) 处重新分配属性: $(PackageDescription)=“Package Description”(先前值:“”)
                   C:\Program Files\dotnet\sdk\10.0.301\NuGet.Build.Tasks.Pack.targets(59,5): message : 在 C:\Program Files\dotnet\sdk\10.0.301\NuGet.Build.Tasks.Pack.targets (59,5) 处重新分配属性: $(GenerateNuspecDependsOn)=“Build;_LoadPackInputItems; _GetTargetFrameworksOutput; _WalkEachTargetPerFramework; _GetPackageFiles; ”(先前值:“_LoadPackInputItems; _GetTargetFrameworksOutput; _WalkEachTargetPerFramework; _GetPackageFiles; ”)
                   C:\Program Files\dotnet\sdk\10.0.301\Sdks\Microsoft.NET.Sdk\Sdk\Sdk.targets(59,5): message : 在 C:\Program Files\dotnet\sdk\10.0.301\Sdks\Microsoft.NET.Sdk\Sdk\Sdk.targets (59,5) 处重新分配属性: $(_IsNotSetContainersTargetsDir)=“true”(先前值:“false”)
                   C:\Program Files\dotnet\sdk\10.0.301\Containers\build\Microsoft.NET.Build.Containers.targets(5,5): message : 在 C:\Program Files\dotnet\sdk\10.0.301\Containers\build\Microsoft.NET.Build.Containers.targets (5,5) 处重新分配属性: $(_IsSDKContainerAllowedVersion)=“true”(先前值:“false”)
                   C:\Program Files\dotnet\sdk\10.0.301\Containers\build\Microsoft.NET.Build.Containers.targets(15,5): message : 在 C:\Program Files\dotnet\sdk\10.0.301\Containers\build\Microsoft.NET.Build.Containers.targets (15,5) 处重新分配属性: $(_ContainerIsTargetingNet8TFM)=“true”(先前值:“false”)
                   正在使用项目“C:\Program Files\dotnet\sdk\10.0.301\Sdks\Microsoft.NET.Sdk\targets\Microsoft.NET.Sdk.FrameworkReferenceResolution.targets”中的目标“ResolveFrameworkReferences”重写项目“C:\Program Files\dotnet\sdk\10.0.301\Microsoft.Common.CurrentVersion.targets”中的目标“ResolveFrameworkReferences”。
                   正在使用项目“C:\Program Files\dotnet\sdk\10.0.301\Sdks\Microsoft.NET.Sdk\targets\Microsoft.NET.Sdk.targets”中的目标“GenerateSupportedTargetFrameworkAlias”重写项目“C:\Program Files\dotnet\sdk\10.0.301\Microsoft.Common.CurrentVersion.targets”中的目标“GenerateSupportedTargetFrameworkAlias”。
                   正在使用项目“C:\Program Files\dotnet\sdk\10.0.301\Sdks\Microsoft.NET.Sdk\targets\Microsoft.NET.DisableStandardFrameworkResolution.targets”中的目标“GetReferenceAssemblyPaths”重写项目“C:\Program Files\dotnet\sdk\10.0.301\Microsoft.Common.CurrentVersion.targets”中的目标“GetReferenceAssemblyPaths”。
                   正在使用项目“C:\Program Files\dotnet\sdk\10.0.301\Sdks\Microsoft.NET.Sdk\targets\Microsoft.NET.DisableStandardFrameworkResolution.targets”中的目标“GetFrameworkPaths”重写项目“C:\Program Files\dotnet\sdk\10.0.301\Microsoft.Common.CurrentVersion.targets”中的目标“GetFrameworkPaths”。
                   正在使用项目“C:\Program Files\dotnet\sdk\10.0.301\Sdks\Microsoft.NET.Sdk\targets\Microsoft.NET.DesignerSupport.targets”中的目标“DesignerRuntimeImplementationProjectOutputGroup”重写项目“C:\Program Files\dotnet\sdk\10.0.301\Microsoft.Common.CurrentVersion.targets”中的目标“DesignerRuntimeImplementationProjectOutputGroup”。
                   正在使用项目“C:\Program Files\dotnet\sdk\10.0.301\Sdks\Microsoft.NET.Sdk\targets\Microsoft.NET.Publish.targets”中的目标“Publish”重写项目“C:\Program Files\dotnet\sdk\10.0.301\Microsoft.Common.CurrentVersion.targets”中的目标“Publish”。
                   正在使用项目“C:\Program Files\dotnet\sdk\10.0.301\Sdks\Microsoft.NET.Sdk\targets\Microsoft.NET.Publish.targets”中的目标“ResolveReadyToRunCompilers”重写项目“C:\Program Files\dotnet\sdk\10.0.301\Sdks\Microsoft.NET.Sdk\targets\Microsoft.NET.CrossGen.targets”中的目标“ResolveReadyToRunCompilers”。
                   正在使用项目“C:\Program Files\dotnet\sdk\10.0.301\Sdks\Microsoft.NET.Sdk\targets\Microsoft.NET.Publish.targets”中的目标“GetCopyToPublishDirectoryItems”重写项目“C:\Program Files\dotnet\sdk\10.0.301\Microsoft.Common.CurrentVersion.targets”中的目标“GetCopyToPublishDirectoryItems”。
                   正在使用项目“C:\Program Files\dotnet\sdk\10.0.301\Sdks\Microsoft.NET.Sdk\targets\Microsoft.NET.Sdk.targets”中的目标“Run”重写项目“C:\Program Files\dotnet\sdk\10.0.301\Microsoft.Common.CurrentVersion.targets”中的目标“Run”。
01:04:09.787     0>初始属性:
                   __DisableWorkloadResolverSentinelPath = C:\Program Files\dotnet\sdk\10.0.301\DisableWorkloadResolver.sentinel
                   __WindowsAppSdkDefaultImageIncludes = **/*.png;**/*.bmp;**/*.jpg;**/*.dds;**/*.tif;**/*.tga;**/*.gif
                   _AfterSdkPublishDependsOn = Publish
                   _ApiCompatValidatePackageSemaphoreFile = obj\Debug\net10.0\Microsoft.NET.ApiCompat.ValidatePackage.semaphore
                   _BeforePublishNoBuildTargets = 
                         BuildOnlySettings;
                         _PreventProjectReferencesFromBuilding;
                         ResolveReferences;
                         PrepareResourceNames;
                         ComputeIntermediateSatelliteAssemblies;
                         ComputeEmbeddedApphostPaths;
                       
                   _BinaryFormatterObsoleteAsError = true
                   _BuildTasksAssemblyName = Microsoft.Build.Tasks.CodeAnalysis
                   _BuildTasksDirectory = C:\Program Files\dotnet\sdk\10.0.301\Sdks\Microsoft.NET.Sdk\targets\..\..\..\Roslyn\
                   _ComHostLibraryExtension = .dll
                   _ContainerIsSelfContained = false
                   _ContainerIsTargetingNet8TFM = true
                   _ContainersTargetsDir = C:\Program Files\dotnet\sdk\10.0.301\Sdks\Microsoft.NET.Sdk\Sdk\..\..\..\Containers\build\
                   _CorePublishTargets = 
                         PrepareForPublish;
                         ComputeAndCopyFilesToPublishDirectory;
                         ;
                         PublishItemsOutputGroup;
                       
                   _DebugSymbolsProduced = true
                   _DefaultArtifactsPathPropsImported = true
                   _DefaultUserProfileRuntimeStorePath = C:\Users\Administrator\.dotnet\store
                   _DeploymentApplicationManifestIdentity = NikkiLoader.exe
                   _DeploymentBuiltUpdateInterval = 0
                   _DeploymentBuiltUpdateIntervalUnits = Days
                   _DeploymentDeployManifestIdentity = NikkiLoader.application
                   _DeploymentFileMappingExtension = 
                   _DeploymentLauncherBased = true
                   _DeploymentPublishableProjectDefault = true
                   _DeploymentTargetApplicationManifestFileName = NikkiLoader.dll.manifest
                   _DeploymentUrl = 
                   _DesignerDepsFileName = NikkiLoader.designer.deps.json
                   _DesignerDepsFilePath = obj\Debug\net10.0\NikkiLoader.designer.deps.json
                   _DesignerRuntimeConfigFileName = NikkiLoader.designer.runtimeconfig.json
                   _DesignerRuntimeConfigFilePath = obj\Debug\net10.0\NikkiLoader.designer.runtimeconfig.json
                   _DirectoryBuildPropsBasePath = 
                   _DirectoryBuildPropsFile = Directory.Build.props
                   _DirectoryBuildTargetsBasePath = 
                   _DirectoryBuildTargetsFile = Directory.Build.targets
                   _DirectoryPackagesPropsBasePath = 
                   _DirectoryPackagesPropsFile = Directory.Packages.props
                   _DocumentationFileProduced = false
                   _DotNetAppHostExecutableName = apphost.exe
                   _DotNetAppHostExecutableNameWithoutExtension = apphost
                   _DotNetComHostLibraryName = comhost.dll
                   _DotNetComHostLibraryNameWithoutExtension = comhost
                   _DotNetHostExecutableName = dotnet.exe
                   _DotNetHostFxrLibraryName = libhostfxr.so
                   _DotNetHostPolicyLibraryName = libhostpolicy.so
                   _DotNetIjwHostLibraryName = Ijwhost.dll
                   _DotNetIjwHostLibraryNameWithoutExtension = Ijwhost
                   _DotNetSingleFileHostExecutableNameWithoutExtension = singlefilehost
                   _EnableDefaultWindowsPlatform = false
                   _FirstTargetFrameworkToSupportAot = net7.0
                   _FirstTargetFrameworkToSupportSingleFile = net6.0
                   _FirstTargetFrameworkToSupportTrimming = net6.0
                   _FirstTargetFrameworkVersionToSupportAotAnalyzer = 7.0
                   _FirstTargetFrameworkVersionToSupportSingleFileAnalyzer = 6.0
                   _FirstTargetFrameworkVersionToSupportTrimAnalyzer = 6.0
                   _GenerateBindingRedirectsIntermediateAppConfig = obj\Debug\net10.0\NikkiLoader.dll.config
                   _GeneratePublishDependencyFilePropertyInputsCache = D:\Project\AssetRipper\.workbuddy\tmp\NikkiLoader\obj\Debug\net10.0\NikkiLoader.genpublishdeps.cache
                   _GenerateRestoreGraphProjectEntryInputProperties = ExcludeRestorePackageImports=true
                   _GenerateRuntimeConfigurationPropertyInputsCache = D:\Project\AssetRipper\.workbuddy\tmp\NikkiLoader\obj\Debug\net10.0\NikkiLoader.genruntimeconfig.cache
                   _GenerateSingleFileBundlePropertyInputsCache = D:\Project\AssetRipper\.workbuddy\tmp\NikkiLoader\obj\Debug\net10.0\NikkiLoader.genbundle.cache
                   _GenerateSourceLinkFileBeforeTargets = CoreCompile
                   _GenerateSourceLinkFileDependsOnTargets = 
                   _GenerateSupportedRuntimeIntermediateAppConfig = obj\Debug\net10.0\NikkiLoader.dll.withSupportedRuntime.config
                   _GetChildProjectCopyToOutputDirectoryItems = true
                   _GetChildProjectCopyToPublishDirectoryItems = true
                   _IjwHostLibraryExtension = .dll
                   _InitialBaseIntermediateOutputPath = obj\
                   _IsDisjointMSBuildVersion = False
                   _IsExecutable = true
                   _IsNETCoreOrNETStandard = true
                   _IsNotSetContainersTargetsDir = true
                   _IsSDKContainerAllowedVersion = true
                   _LatestAnalysisLevel = 10.0
                   _MaxAvailableLangVersion = 14.0
                   _MaxSupportedLangVersion = 14.0
                   _MicrosoftSourceLinkCommonAssemblyFile = C:\Program Files\dotnet\sdk\10.0.301\Sdks\Microsoft.SourceLink.Common\build\..\tools\net\Microsoft.SourceLink.Common.dll
                   _MinimumNonEolSupportedNetCoreTargetFramework = net8.0
                   _MSBuildVersionMajorMinor = 18.6
                   _NativeExecutableExtension = .exe
                   _NativeLibraryExtension = .so
                   _NativeLibraryPrefix = lib
                   _NETAnalyzersSDKAssemblyVersion = 10.0.301
                   _NETCoreSdkIsPreview = false
                   _NetFrameworkHostedCompilersVersion = 5.6.0-2.26270.133
                   _NoneAnalysisLevel = 4.0
                   _NugetFallbackFolder = C:\Program Files\dotnet\sdk\10.0.301\Sdks\Microsoft.NET.Sdk\targets\..\..\..\..\NuGetFallbackFolder
                   _NugetTargetMonikerAndRID = .NETCoreApp,Version=v10.0
                   _OriginalConfiguration = Debug
                   _OriginalPlatform = AnyCPU
                   _PlatformWithoutConfigurationInference = AnyCPU
                   _PreviewAnalysisLevel = 11.0
                   _ProjectDefaultTargets = Build
                   _PublishNoBuildAlternativeDependsOn = 
                         BuildOnlySettings;
                         _PreventProjectReferencesFromBuilding;
                         ResolveReferences;
                         PrepareResourceNames;
                         ComputeIntermediateSatelliteAssemblies;
                         ComputeEmbeddedApphostPaths;
                       ;
                         PrepareForPublish;
                         ComputeAndCopyFilesToPublishDirectory;
                         ;
                         PublishItemsOutputGroup;
                       
                   _PublishProfileDesignerFolder = Properties
                   _PublishProfileRootFolder = D:\Project\AssetRipper\.workbuddy\tmp\NikkiLoader\Properties\PublishProfiles\
                   _RecursiveTargetForContentCopying = GetCopyToOutputDirectoryItems
                   _ResolveReferenceDependencies = false
                   _RuntimeIdentifierUsesAppHost = true
                   _RuntimePackInWorkloadVersion6 = 6.0.36
                   _RuntimePackInWorkloadVersion7 = 7.0.20
                   _RuntimePackInWorkloadVersion8 = 8.0.28
                   _RuntimePackInWorkloadVersion9 = 9.0.17
                   _RuntimePackInWorkloadVersionCurrent = 10.0.9
                   _SGenDllCreated = false
                   _SGenDllName = NikkiLoader.XmlSerializers.dll
                   _SGenGenerateSerializationAssembliesConfig = Off
                   _SourceLinkAzureReposGitAssemblyFile = C:\Program Files\dotnet\sdk\10.0.301\Sdks\Microsoft.SourceLink.AzureRepos.Git\build\..\tools\net\Microsoft.SourceLink.AzureRepos.Git.dll
                   _SourceLinkBitbucketAssemblyFile = C:\Program Files\dotnet\sdk\10.0.301\Sdks\Microsoft.SourceLink.Bitbucket.Git\build\..\tools\net\Microsoft.SourceLink.Bitbucket.Git.dll
                   _SourceLinkGitHubAssemblyFile = C:\Program Files\dotnet\sdk\10.0.301\Sdks\Microsoft.SourceLink.GitHub\build\..\tools\net\Microsoft.SourceLink.GitHub.dll
                   _SourceLinkGitLabAssemblyFile = C:\Program Files\dotnet\sdk\10.0.301\Sdks\Microsoft.SourceLink.GitLab\build\..\tools\net\Microsoft.SourceLink.GitLab.dll
                   _SourceLinkPropsImported = true
                   _SourceLinkSdkSubDir = build
                   _SupportedArchitectures = amd64 arm64
                   _SupportedPlatformList = @(SupportedPlatform, ',')
                   _TargetFrameworkDirectories = 
                   _TargetFrameworkVersionValue = 0.0
                   _TargetFrameworkVersionWithoutV = 10.0
                   _TargetLatestRuntimePatchIsDefault = true
                   _TargetPlatformVersionUsesCsWinRT3 = false
                   _TargetsThatPrepareProjectReferences = 
                         AssignProjectConfiguration;
                         _SplitProjectReferencesByFileExistence
                       
                   _UseAttributeForTargetFrameworkInfoPropertyNames = true
                   _UsingDefaultForHasRuntimeOutput = true
                   _UsingDefaultPlatformTarget = true
                   _WindowsDesktopSdkTargetFrameworkVersionFloor = 3.0
                   _WorkloadLibraryPacksFolder = C:\Program Files\dotnet\library-packs
                   AddAdditionalExplicitAssemblyReferences = false
                   AddAppConfigToBuildOutputs = true
                   AllowedOutputExtensionsInPackageBuildOutputFolder = .dll; .exe; .winmd; .json; .pri; .xml ;
                   AllowedOutputExtensionsInSymbolsPackageBuildOutputFolder = .pdb; .mdb; .dll; .exe; .winmd; .json; .pri; .xml ;; 
                   AllowedReferenceAssemblyFileExtensions = 
                         .winmd;
                         .dll;
                         .exe
                       
                   AllowedReferenceRelatedFileExtensions = 
                         .pdb;
                         .xml;
                         .pri;
                         .dll.config;
                         .exe.config
                       
                   AllowUnsafeBlocks = true
                   AlwaysIncludeCoreFrameworkInRuntimeConfig = true
                   AlwaysUseNumericalSuffixInItemNames = true
                   AnalysisLevel = latest
                   AppDesignerFolder = Properties
                   AppendPlatformToOutputPath = false
                   AppendRuntimeIdentifierToOutputPath = true
                   AppendTargetFrameworkToOutputPath = true
                   AssemblyFoldersConfigFile = C:\Program Files\dotnet\sdk\10.0.301\AssemblyFolders.config
                   AssemblyFoldersSuffix = AssemblyFoldersEx
                   AssemblyName = NikkiLoader
                   AssemblySearchPaths = {CandidateAssemblyFiles};{HintPathFromItem};{TargetFrameworkDirectory};{RawFileName}
                   AssemblyTitle = NikkiLoader
                   AssetTargetFallback = ;net461;net462;net47;net471;net472;net48;net481
                   AssignTargetPathsDependsOn = 
                   Authors = NikkiLoader
                   AutomaticallyUseReferenceAssemblyPackages = true
                   AutoUnifyAssemblyReferences = true
                   AvailablePlatforms = Any CPU,x86,x64,ARM32,ARM64
                   BaseIntermediateOutputPath = obj\
                   BaseOutputPath = bin\
                   BaseOutputPathWasSpecified = true
                   BuildCompileAction = Build
                   BuildDependsOn = 
                         BeforeBuild;
                         CoreBuild;
                         AfterBuild
                       
                   BuildGenerateSourcesAction = Build
                   BuildingProject = false
                   BuildInParallel = true
                   BuildLinkAction = Build
                   BuildOutputTargetFolder = lib
                   BuildProjectReferences = true
                   BuiltProjectOutputGroupDependenciesDependsOn = 
                         ;
                         
                         ;
                         BuildOnlySettings;
                         PrepareForBuild;
                         AssignTargetPaths;
                         ResolveReferences
                       
                       
                   BuiltProjectOutputGroupDependsOn = PrepareForBuild
                   BundledMSBuildVersion = 18.6.4
                   BundledNETCoreAppPackageVersion = 10.0.9
                   BundledNETCoreAppTargetFrameworkVersion = 10.0
                   BundledNETCorePlatformsPackageVersion = 10.0.9-servicing.26270.113
                   BundledNETStandardPackageVersion = 2.1.0
                   BundledNETStandardTargetFrameworkVersion = 2.1
                   BundledRuntimeIdentifierGraphFile = C:\Program Files\dotnet\sdk\10.0.301\RuntimeIdentifierGraph.json
                   CheckEolTargetFramework = true
                   CheckEolWorkloads = true
                   CheckForOverflowUnderflow = false
                   CleanDependsOn = 
                         BeforeClean;
                         UnmanagedUnregistration;
                         CoreClean;
                         CleanReferencedProjects;
                         CleanPublishFolder;
                         AfterClean
                       
                   CleanFile = NikkiLoader.csproj.FileListAbsolute.txt
                   ClickOncePublishDir = bin\Debug\net10.0\publish\
                   CodeAnalysisRuleIds = CA1000;CA1001;CA1002;CA1003;CA1005;CA1008;CA1010;CA1012;CA1014;CA1016;CA1017;CA1018;CA1019;CA1021;CA1024;CA1027;CA1028;CA1030;CA1031;CA1032;CA1033;CA1034;CA1036;CA1040;CA1041;CA1043;CA1044;CA1045;CA1046;CA1047;CA1050;CA1051;CA1052;CA1054;CA1055;CA1056;CA1058;CA1060;CA1061;CA1062;CA1063;CA1064;CA1065;CA1066;CA1067;CA1068;CA1069;CA1070;CA1200;CA1303;CA1304;CA1305;CA1307;CA1308;CA1309;CA1310;CA1311;CA1401;CA1416;CA1417;CA1418;CA1419;CA1420;CA1421;CA1422;CA1501;CA1502;CA1505;CA1506;CA1507;CA1508;CA1509;CA1510;CA1511;CA1512;CA1513;CA1514;CA1515;CA1516;CA1700;CA1707;CA1708;CA1710;CA1711;CA1712;CA1713;CA1715;CA1716;CA1720;CA1721;CA1724;CA1725;CA1727;CA1802;CA1805;CA1806;CA1810;CA1812;CA1813;CA1814;CA1815;CA1816;CA1819;CA1820;CA1821;CA1822;CA1823;CA1824;CA1825;CA1826;CA1827;CA1828;CA1829;CA1830;CA1831;CA1832;CA1833;CA1834;CA1835;CA1836;CA1837;CA1838;CA1839;CA1840;CA1841;CA1842;CA1843;CA1844;CA1845;CA1846;CA1847;CA1848;CA1849;CA1850;CA1851;CA1852;CA1853;CA1854;CA1855;CA1856;CA1857;CA1858;CA1859;CA1860;CA1861;CA1862;CA1863;CA1864;CA1865;CA1866;CA1867;CA1868;CA1869;CA1870;CA1871;CA1872;CA1873;CA1874;CA1875;CA2000;CA2002;CA2007;CA2008;CA2009;CA2011;CA2012;CA2013;CA2014;CA2015;CA2016;CA2017;CA2018;CA2019;CA2020;CA2021;CA2022;CA2023;CA2024;CA2025;CA2100;CA2101;CA2119;CA2153;CA2200;CA2201;CA2207;CA2208;CA2211;CA2213;CA2214;CA2215;CA2216;CA2217;CA2218;CA2219;CA2224;CA2225;CA2226;CA2227;CA2231;CA2234;CA2235;CA2237;CA2241;CA2242;CA2243;CA2244;CA2245;CA2246;CA2247;CA2248;CA2249;CA2250;CA2251;CA2252;CA2253;CA2254;CA2255;CA2256;CA2257;CA2258;CA2259;CA2260;CA2261;CA2262;CA2263;CA2264;CA2265;CA2266;CA2300;CA2301;CA2302;CA2305;CA2310;CA2311;CA2312;CA2315;CA2321;CA2322;CA2326;CA2327;CA2328;CA2329;CA2330;CA2350;CA2351;CA2352;CA2353;CA2354;CA2355;CA2356;CA2361;CA2362;CA3001;CA3002;CA3003;CA3004;CA3005;CA3006;CA3007;CA3008;CA3009;CA3010;CA3011;CA3012;CA3061;CA3075;CA3076;CA3077;CA3147;CA5350;CA5351;CA5358;CA5359;CA5360;CA5361;CA5362;CA5363;CA5364;CA5365;CA5366;CA5367;CA5368;CA5369;CA5370;CA5371;CA5372;CA5373;CA5374;CA5375;CA5376;CA5377;CA5378;CA5379;CA5380;CA5381;CA5382;CA5383;CA5384;CA5385;CA5386;CA5387;CA5388;CA5389;CA5390;CA5391;CA5392;CA5393;CA5394;CA5395;CA5396;CA5397;CA5398;CA5399;CA5400;CA5401;CA5402;CA5403;CA5404;CA5405
                   CodeAnalysisTargets = C:\Program Files\dotnet\sdk\10.0.301\Microsoft\VisualStudio\v18.0\CodeAnalysis\Microsoft.CodeAnalysis.targets
                   CommandLineArgsForDesignTimeEvaluation = -langversion:14.0 -define:TRACE
                   CommonOutputGroupsDependsOn = 
                         ;
                         BuildOnlySettings;
                         PrepareForBuild;
                         AssignTargetPaths;
                         ResolveReferences
                       
                   CommonTargetsPath = C:\Program Files\dotnet\sdk\10.0.301\Microsoft.Common.CurrentVersion.targets
                   CommonXamlResourcesDirectory = C:\Program Files\dotnet\sdk\10.0.301\\
                   Company = NikkiLoader
                   CompileDependsOn = 
                         
                         ResolveReferences;
                         ResolveKeySource;
                         SetWin32ManifestProperties;
                         _SetPreferNativeArm64Win32ManifestProperties;
                         FindReferenceAssembliesForReferences;
                         _GenerateCompileInputs;
                         BeforeCompile;
                         _TimeStampBeforeCompile;
                         _GenerateCompileDependencyCache;
                         CoreCompile;
                         _TimeStampAfterCompile;
                         AfterCompile;
                       ;
                         _CreateAppHost;
                         _CreateComHost;
                         _GetIjwHostPaths;
                       
                   CompileLicxFilesDependsOn = 
                   CompilerApiVersion = roslyn5.6
                   CompilerGeneratedFilesOutputPath = 
                   ComputeIntermediateSatelliteAssembliesDependsOn = 
                         CreateManifestResourceNames
                       
                   ComputeNETCoreBuildOutputFiles = true
                   ComReferenceExecuteAsTool = false
                   ComReferenceNoClassMembers = false
                   Configuration = Debug
                   ConfigurationName = Debug
                   Configurations = Debug;Release
                   ConsiderPlatformAsProcessorArchitecture = true
                   ContainerCustomTasksAssembly = C:\Program Files\dotnet\sdk\10.0.301\Containers\build\..\tasks\net10.0\Microsoft.NET.Build.Containers.dll
                   ContainerCustomTasksFolder = C:\Program Files\dotnet\sdk\10.0.301\Containers\build\..\tasks\net10.0\
                   ContainerizeFolder = C:\Program Files\dotnet\sdk\10.0.301\Containers\build\..\containerize\
                   ContainerizeFolderName = containerize
                   ContainerTaskFolderName = tasks
                   ContainerTaskFramework = net10.0
                   ContentFilesProjectOutputGroupDependsOn = PrepareForBuild;AssignTargetPaths
                   ContentPreprocessorOutputDirectory = obj\Debug\net10.0\NuGet\
                   ContentTargetFolders = content;contentFiles
                   ContinueOnError = false
                   CopyBuildOutputToPublishDirectory = true
                   CopyConflictingTransitiveContent = false
                   CopyLocalLockFileAssemblies = true
                   CopyOutputSymbolsToPublishDirectory = true
                   CoreBuildDependsOn = 
                         _CheckForBuildWithNoBuild;
                         
                         BuildOnlySettings;
                         PrepareForBuild;
                         PreBuildEvent;
                         ResolveReferences;
                         PrepareResources;
                         ResolveKeySource;
                         Compile;
                         ExportWindowsMDFile;
                         UnmanagedUnregistration;
                         GenerateSerializationAssemblies;
                         CreateSatelliteAssemblies;
                         GenerateManifests;
                         GetTargetPath;
                         PrepareForRun;
                         UnmanagedRegistration;
                         IncrementalClean;
                         PostBuildEvent
                       ;
                         GenerateBuildDependencyFile;
                         GenerateBuildRuntimeConfigurationFiles
                       
                   CoreCleanDependsOn = 
                         _SdkBeforeClean;
                         
                       
                   CoreCompileDependsOn = ;_ComputeNonExistentFileProperty;ResolveCodeAnalysisRuleSet
                   CoreResGenDependsOn = FindReferenceAssembliesForReferences
                   CreateCustomManifestResourceNamesDependsOn = 
                   CreateHardLinksForCopyAdditionalFilesIfPossible = false
                   CreateManifestResourceNamesDependsOn = 
                   CreateSatelliteAssembliesDependsOn = 
                         
                         ;
                         _GenerateSatelliteAssemblyInputs;
                         ComputeIntermediateSatelliteAssemblies;
                         GenerateSatelliteAssemblies
                       ;
                         CoreGenerateSatelliteAssemblies
                       
                   CreateSymbolicLinksForCopyAdditionalFilesIfPossible = false
                   CSharpCoreTargetsPath = C:\Program Files\dotnet\sdk\10.0.301\Sdks\Microsoft.NET.Sdk\targets\..\..\..\Roslyn\Microsoft.CSharp.Core.targets
                   CSharpDesignTimeTargetsPath = C:\Program Files\dotnet\sdk\10.0.301\\Microsoft\VisualStudio\Managed\Microsoft.CSharp.DesignTime.targets
                   CSharpTargetsPath = C:\Program Files\dotnet\sdk\10.0.301\Microsoft.CSharp.CurrentVersion.targets
                   CustomAfterDirectoryBuildProps = ;C:\Program Files\dotnet\sdk\10.0.301\Sdks\Microsoft.NET.Sdk\Sdk\UseArtifactsOutputPath.props
                   CustomAfterMicrosoftCommonProps = C:\Program Files\dotnet\sdk\10.0.301\\vCurrent\Custom.After.Microsoft.Common.props
                   CustomAfterMicrosoftCommonTargets = C:\Program Files\dotnet\sdk\10.0.301\\vCurrent\Custom.After.Microsoft.Common.targets
                   CustomAfterMicrosoftCSharpTargets = C:\Program Files\dotnet\sdk\10.0.301\\vCurrent\Custom.After.Microsoft.CSharp.targets
                   CustomBeforeMicrosoftCommonProps = C:\Program Files\dotnet\sdk\10.0.301\\vCurrent\Custom.Before.Microsoft.Common.props
                   CustomBeforeMicrosoftCommonTargets = C:\Program Files\dotnet\sdk\10.0.301\\vCurrent\Custom.Before.Microsoft.Common.targets
                   CustomBeforeMicrosoftCSharpTargets = C:\Program Files\dotnet\sdk\10.0.301\\vCurrent\Custom.Before.Microsoft.CSharp.targets
                   DebugSymbols = true
                   DebugSymbolsProjectOutputGroupDependenciesDependsOn = 
                         ;
                         
                         ;
                         BuildOnlySettings;
                         PrepareForBuild;
                         AssignTargetPaths;
                         ResolveReferences
                       
                       
                   DebugSymbolsProjectOutputGroupDependsOn = 
                   DebugType = portable
                   DefaultAllowedOutputExtensionsInPackageBuildOutputFolder = .dll; .exe; .winmd; .json; .pri; .xml
                   DefaultAppHostRuntimeIdentifier = win-x64
                   DefaultCopyToPublishDirectoryMetadata = true
                   DefaultExcludesInProjectFolder = ;;**/.*/**
                   DefaultImplicitPackages = Microsoft.NETCore.App;NETStandard.Library
                   DefaultItemExcludes = ;bin\Debug\/**;obj\Debug\/**;bin\/**;obj\/**;bin\Debug\net10.0\publish\/**;**/*.user;**/*.*proj;**/*.sln;**/*.slnx;**/*.vssscc;**/.DS_Store
                   DefaultLanguageSourceExtension = .cs
                   DefaultProjectTypeGuid = {FAE04EC0-301F-11D3-BF4B-00C04F79EFBC}
                   DefineCommonCapabilities = true
                   DefineCommonItemSchemas = true
                   DefineCommonReferenceSchemas = true
                   DefineConstants = TRACE;DEBUG
                   DelaySign = 
                   DeploymentComputeClickOnceManifestInfoDependsOn = 
                         CleanPublishFolder;
                         GetCopyToOutputDirectoryItems;
                         _DeploymentGenerateTrustInfo;
                         
                       
                   DesignerRuntimeImplementationProjectOutputGroupDependsOn = 
                         
                         ;
                         
                         ;
                         BuildOnlySettings;
                         PrepareForBuild;
                         AssignTargetPaths;
                         ResolveReferences
                       
                       ;
                         _GenerateDesignerDepsFile;
                         _GenerateDesignerRuntimeConfigFile;
                         GetCopyToOutputDirectoryItems;
                         _GatherDesignerShadowCopyFiles;
                       
                   DesignTimeAssemblySearchPaths = {CandidateAssemblyFiles};{HintPathFromItem};{TargetFrameworkDirectory};{RawFileName}
                   DesignTimeAutoUnify = true
                   DesignTimeResolveAssemblyReferencesDependsOn = 
                         GetFrameworkPaths;
                         GetReferenceAssemblyPaths;
                         ResolveReferences
                       
                   Deterministic = true
                   DevEnvDir = *Undefined*
                   DisableHandlePackageFileConflicts = true
                   DisableLogTaskParameter_ConvertToAbsolutePath_Path = true
                   DisableLogTaskParameter_FindUnderPath_OutOfPath = true
                   DisableLogTaskParameter_RemoveDuplicates_Inputs = true
                   DisableLogTaskParameterItemMetadata_ConvertToAbsolutePath_AbsolutePaths = true
                   DisableLogTaskParameterItemMetadata_Copy_CopiedFiles = true
                   DisableLogTaskParameterItemMetadata_Copy_DestinationFiles = true
                   DisableLogTaskParameterItemMetadata_Copy_SourceFiles = true
                   DisableLogTaskParameterItemMetadata_FindUnderPath_Files = true
                   DisableLogTaskParameterItemMetadata_FindUnderPath_InPath = true
                   DisableLogTaskParameterItemMetadata_GenerateResource_FilesWritten = true
                   DisableLogTaskParameterItemMetadata_Hash_ItemsToHash = true
                   DisableLogTaskParameterItemMetadata_RemoveDuplicates_Filtered = true
                   DisableLogTaskParameterItemMetadata_WriteLinesToFile_Lines = true
                   DisableStandardFrameworkResolution = true
                   DocumentationFile = 
                   DocumentationProjectOutputGroupDependenciesDependsOn = 
                         ;
                         
                         ;
                         BuildOnlySettings;
                         PrepareForBuild;
                         AssignTargetPaths;
                         ResolveReferences
                       
                       
                   DocumentationProjectOutputGroupDependsOn = 
                   DOTNET_CLI_TELEMETRY_SESSIONID = a0623ff0-2fc9-45a3-b6a0-21566b640f84
                   DOTNET_HOST_PATH = C:\Program Files\dotnet\dotnet.exe
                   DotNetApiCompatTaskAssembly = C:\Program Files\dotnet\sdk\10.0.301\Sdks\Microsoft.NET.Sdk\targets\..\tools\net10.0\Microsoft.DotNet.ApiCompat.Task.dll
                   DotnetCliToolTargetFramework = netcoreapp2.2
                   DotNetSdkSupportsVSHostObjectRemoting = true
                   EffectiveAnalysisLevel = 10.0
                   EffectiveCodeAnalysisTreatWarningsAsErrors = 
                   EffectiveTargetPlatformVersion = 
                   EmbeddedResourceUseDependentUponConvention = true
                   EmbeddedWin32Manifest = 
                   EmbedUntrackedSources = true
                   EmitAssetsLogMessages = true
                   EmitCompilerGeneratedFiles = false
                   EmitLegacyAssetsFileItems = false
                   EnableAppxPackageTargetsForUwpClassLibraries = true
                   EnableDefaultCompileItems = false
                   EnableDefaultEmbeddedResourceItems = false
                   EnableDefaultItems = true
                   EnableDefaultNoneItems = false
                   EnableFrameworkPathOverride = false
                   EnableNETAnalyzers = true
                   EnableSdkContainerSupport = true
                   EnableSourceControlManagerQueries = true
                   EnableSourceLink = true
                   EnableUnsafeBinaryFormatterSerialization = false
                   EnableWebSdkImplicitPackageVersions = false
                   EnforceCodeStyleInBuild = false
                   ErrorReport = prompt
                   ExpandSDKAllowedReferenceExtensions = 
                         .winmd;
                         .dll
                       
                   ExpandSDKReferencesDependsOn = 
                         ResolveSDKReferences
                       
                   FileAlignment = 512
                   FindInvalidProjectReferencesDependsOn = 
                         GetReferenceTargetPlatformMonikers
                       
                   Framework20Dir = @(_TargetFramework20DirectoryItem)
                   Framework30Dir = @(_TargetFramework30DirectoryItem)
                   Framework35Dir = @(_TargetFramework35DirectoryItem)
                   Framework40Dir = @(_TargetFramework40DirectoryItem)
                   FrameworkDir = @(_TargetFramework40DirectoryItem)
                   FrameworkPathOverride = 
                   FrameworkRegistryBase = Software\Microsoft\.NETCoreApp
                   FrameworkSDKDir = @(_TargetFrameworkSDKDirectoryItem)
                   FullReferenceAssemblyNames = Full
                   GenerateAssemblyCompanyAttribute = true
                   GenerateAssemblyConfigurationAttribute = true
                   GenerateAssemblyCopyrightAttribute = true
                   GenerateAssemblyDescriptionAttribute = true
                   GenerateAssemblyFileVersionAttribute = true
                   GenerateAssemblyInfo = true
                   GenerateAssemblyInformationalVersionAttribute = true
                   GenerateAssemblyMetadataAttributes = true
                   GenerateAssemblyProductAttribute = true
                   GenerateAssemblyTitleAttribute = true
                   GenerateAssemblyTrademarkAttribute = true
                   GenerateAssemblyVersionAttribute = true
                   GenerateBindingRedirectsOutputType = true
                   GenerateClickOnceManifests = 
                   GeneratedAssemblyInfoFile = obj\Debug\net10.0\NikkiLoader.AssemblyInfo.cs
                   GenerateDependencyFile = true
                   GeneratedGlobalUsingsFile = obj\Debug\net10.0\NikkiLoader.GlobalUsings.g.cs
                   GenerateDisableRuntimeMarshallingAttribute = true
                   GenerateDocumentationFile = false
                   GenerateFullPaths = true
                   GenerateInternalsVisibleToAttributes = true
                   GenerateManifestsDependsOn = 
                         SetWin32ManifestProperties;
                         GenerateApplicationManifest;
                         GenerateDeploymentManifest
                       
                   GenerateNeutralResourcesLanguageAttribute = true
                   GenerateNuspecDependsOn = Build;_LoadPackInputItems; _GetTargetFrameworksOutput; _WalkEachTargetPerFramework; _GetPackageFiles; 
                   GeneratePackageOnBuild = false
                   GenerateRepositoryUrlAttribute = true
                   GenerateRequiresPreviewFeaturesAttribute = true
                   GenerateResourceMSBuildArchitecture = CurrentArchitecture
                   GenerateResourceMSBuildRuntime = CurrentRuntime
                   GenerateResourceUsePreserializedResources = true
                   GenerateRuntimeConfigDevFile = false
                   GenerateRuntimeConfigurationFiles = true
                   GenerateSatelliteAssembliesForCore = true
                   GenerateSupportedOSPlatformAttribute = true
                   GenerateTargetFrameworkAttribute = true
                   GenerateTargetPlatformAttribute = true
                   GetCopyToOutputDirectoryItemsDependsOn = 
                         AssignTargetPaths;
                         
                         AssignProjectConfiguration;
                         _SplitProjectReferencesByFileExistence
                       ;
                         _GetProjectReferenceTargetFrameworkProperties;
                         _PopulateCommonStateForGetCopyToOutputDirectoryItems
                       
                   GetFrameworkPathsDependsOn = 
                   GetReferenceNearestTargetFrameworkTaskSupportsTargetFrameworkPropertyParameter = true
                   GetReferenceNearestTargetFrameworkTaskSupportsTargetPlatformParameter = true
                   GetTargetPathWithTargetPlatformMonikerDependsOn = 
                   HasRuntimeOutput = true
                   HideWarningsAndErrors = false
                   HighEntropyVA = true
                   ImplicitConfigurationDefine = DEBUG
                   ImplicitUsings = enable
                   ImportByWildcardAfterMicrosoftCommonProps = true
                   ImportByWildcardAfterMicrosoftCommonTargets = true
                   ImportByWildcardAfterMicrosoftCSharpTargets = true
                   ImportByWildcardBeforeMicrosoftCommonProps = true
                   ImportByWildcardBeforeMicrosoftCommonTargets = true
                   ImportByWildcardBeforeMicrosoftCSharpTargets = true
                   ImportDirectoryBuildProps = true
                   ImportDirectoryBuildTargets = true
                   ImportDirectoryPackagesProps = true
                   ImportFrameworkWinFXTargets = false
                   ImportNuGetBuildTasksPackTargetsFromSdk = true
                   ImportProjectExtensionProps = false
                   ImportProjectExtensionTargets = false
                   ImportUserLocationsByWildcardAfterMicrosoftCommonProps = true
                   ImportUserLocationsByWildcardAfterMicrosoftCommonTargets = true
                   ImportUserLocationsByWildcardAfterMicrosoftCSharpTargets = true
                   ImportUserLocationsByWildcardBeforeMicrosoftCommonProps = true
                   ImportUserLocationsByWildcardBeforeMicrosoftCommonTargets = true
                   ImportUserLocationsByWildcardBeforeMicrosoftCSharpTargets = true
                   IncludeBuildOutput = true
                   IncludeContentInPack = true
                   IncludeFileVersionsInDependencyFile = true
                   IncludeMainProjectInDepsFile = true
                   IncludeProjectsNotInAssetsFileInDepsFile = true
                   IncludeSourceRevisionInInformationalVersion = true
                   IncludeSymbolsInSingleFile = false
                   InnerBuildProperty = TargetFramework
                   InnerBuildPropertyValues = TargetFrameworks
                   InterceptorsPreviewNamespaces = ;Microsoft.Extensions.Validation.Generated
                   IntermediateOutputPath = obj\Debug\net10.0\
                   InvariantGlobalization = true
                   IsNetCoreAppTargetingLatestTFM = true
                   IsPackable = true
                   IsPublishable = true
                   IsRestoreTargetsFileLoaded = true
                   IsRidAgnostic = false
                   Language = C#
                   LanguageTargets = C:\Program Files\dotnet\sdk\10.0.301\Microsoft.CSharp.targets
                   LangVersion = 14.0
                   MarkPackageReferencesAsExternallyResolved = true
                   MaxSupportedLangVersion = 14.0
                   MaxTargetPath = 100
                   MicrosoftBuildTasksGitAssemblyFile = C:\Program Files\dotnet\sdk\10.0.301\Sdks\Microsoft.Build.Tasks.Git\build\..\tools\net\Microsoft.Build.Tasks.Git.dll
                   MicrosoftCommonPropsHasBeenImported = true
                   MicrosoftNETBuildExtensionsTargets = C:\Program Files\dotnet\sdk\10.0.301\\Microsoft\Microsoft.NET.Build.Extensions\Microsoft.NET.Build.Extensions.targets
                   MicrosoftNETBuildExtensionsTasksAssembly = C:\Program Files\dotnet\sdk\10.0.301\Microsoft\Microsoft.NET.Build.Extensions\\tools\net10.0\Microsoft.NET.Build.Extensions.Tasks.dll
                   MicrosoftNETBuildTasksAssembly = C:\Program Files\dotnet\sdk\10.0.301\Sdks\Microsoft.NET.Sdk\targets\..\tools\net10.0\Microsoft.NET.Build.Tasks.dll
                   MicrosoftNETBuildTasksDirectory = C:\Program Files\dotnet\sdk\10.0.301\Sdks\Microsoft.NET.Sdk\targets\..\tools\net10.0\
                   MicrosoftNETBuildTasksDirectoryRoot = C:\Program Files\dotnet\sdk\10.0.301\Sdks\Microsoft.NET.Sdk\targets\..\tools\
                   MicrosoftNETBuildTasksTFM = net10.0
                   MicrosoftNETFrameworkReferenceAssembliesLatestPackageVersion = 1.0.3
                   MicrosoftNETWindowsWorkloadInstalled = true
                   MinimumMSBuildVersion = 18.0.0
                   MsAppxPackageTargets = C:\Program Files\dotnet\sdk\10.0.301\Microsoft\VisualStudio\v18.0\AppxPackage\Microsoft.AppXPackage.Targets
                   MSBuildAllProjects = D:\Project\AssetRipper\.workbuddy\tmp\NikkiLoader\NikkiLoader.csproj;;C:\Program Files\dotnet\sdk\10.0.301\Current\Microsoft.Common.targets\ImportAfter\Microsoft.TestPlatform.ImportAfter.targets
                   MSBuildAssemblyVersion = 18.0
                   MSBuildBinPath = C:\Program Files\dotnet\sdk\10.0.301
                   MSBuildCopyContentTransitively = true
                   MSBuildCopyMarkerName = NikkiLoa.F9311C3A.Up2Date
                   MSBuildDisableFeaturesFromVersion = 999.999
                   MSBuildEnableWorkloadResolver = true
                   MSBuildExtensionsPath = C:\Program Files\dotnet\sdk\10.0.301\
                   MSBuildExtensionsPath32 = C:\Program Files\dotnet\sdk\10.0.301
                   MSBuildExtensionsPath64 = C:\Program Files\dotnet\sdk\10.0.301
                   MSBUILDFAILONDRIVEENUMERATINGWILDCARD = 1
                   MSBuildFileVersion = 18.6.4.27133
                   MSBuildIsRestoring = True
                   MSBuildLoadMicrosoftTargetsReadOnly = true
                   MSBuildNodeCount = 16
                   MSBuildProgramFiles32 = C:\Program Files (x86)
                   MSBuildProjectDefaultTargets = Build
                   MSBuildProjectDirectory = D:\Project\AssetRipper\.workbuddy\tmp\NikkiLoader
                   MSBuildProjectDirectoryNoRoot = Project\AssetRipper\.workbuddy\tmp\NikkiLoader
                   MSBuildProjectExtension = .csproj
                   MSBuildProjectExtensionsPath = D:\Project\AssetRipper\.workbuddy\tmp\NikkiLoader\obj\
                   MSBuildProjectFile = NikkiLoader.csproj
                   MSBuildProjectFullPath = D:\Project\AssetRipper\.workbuddy\tmp\NikkiLoader\NikkiLoader.csproj
                   MSBuildProjectName = NikkiLoader
                   MSBuildRestoreSessionId = c80c22a3-526c-46a8-9bae-48ab811dc9fb
                   MSBuildRuntimeType = Core
                   MSBuildSDKsPath = C:\Program Files\dotnet\sdk\10.0.301\Sdks
                   MSBuildSemanticVersion = 18.6.4+96856fd72
                   MSBuildStartupDirectory = D:\Project\AssetRipper\.workbuddy\tmp\NikkiLoader
                   MSBuildToolsPath = C:\Program Files\dotnet\sdk\10.0.301
                   MSBuildToolsVersion = Current
                   MSBuildUserExtensionsPath = C:\Users\Administrator\AppData\Local\Microsoft\MSBuild
                   MSBUILDUSESERVER = 0
                   MSBuildUseVisualStudioDirectoryLayout = False
                   MSBuildVersion = 18.6.4
                   MSBuildWarningsAsErrors = ;NU1605
                   MSBuildWarningsAsMessages = ;1701;1702
                   MSBuildWarningsNotAsErrors = 
                   MsTestToolsTargets = C:\Program Files\dotnet\sdk\10.0.301\Microsoft\VisualStudio\v18.0\TeamTest\Microsoft.TeamTest.targets
                   NETCoreAppMaximumVersion = 10.0
                   NetCoreRoot = C:\Program Files\dotnet\
                   NETCoreSdkBundledCliToolsProps = C:\Program Files\dotnet\sdk\10.0.301\Sdks\Microsoft.NET.Sdk\targets\..\..\..\Microsoft.NETCoreSdk.BundledCliTools.props
                   NETCoreSdkBundledMSBuildInformationProps = C:\Program Files\dotnet\sdk\10.0.301\Sdks\Microsoft.NET.Sdk\targets\..\..\..\Microsoft.NETCoreSdk.BundledMSBuildInformation.props
                   NETCoreSdkBundledVersionsProps = C:\Program Files\dotnet\sdk\10.0.301\Sdks\Microsoft.NET.Sdk\targets\..\..\..\Microsoft.NETCoreSdk.BundledVersions.props
                   NETCoreSdkPortableRuntimeIdentifier = win-x64
                   NETCoreSdkRuntimeIdentifier = win-x64
                   NETCoreSdkVersion = 10.0.301
                   NetCoreTargetingPackRoot = C:\Program Files\dotnet\packs
                   NoCompilerStandardLib = true
                   NoStdLib = true
                   NoWarn = 1701;1702
                   NuGetAudit = true
                   NuGetAuditLevel = low
                   NuGetAuditMode = all
                   NuGetBuildTasksPackTargets = C:\Program Files\dotnet\sdk\10.0.301\Sdks\Microsoft.NET.Sdk\Sdk\..\..\..\NuGet.Build.Tasks.Pack.targets
                   NuGetInteractive = false
                   NuGetPackTaskAssemblyFile = NuGet.Build.Tasks.Pack.dll
                   NuGetPropsFile = C:\Program Files\dotnet\sdk\10.0.301\NuGet.props
                   NuGetRestoreTargets = C:\Program Files\dotnet\sdk\10.0.301\NuGet.targets
                   NuGetTargetMoniker = .NETCoreApp,Version=v10.0
                   Nullable = enable
                   NuspecOutputPath = obj\Debug\
                   Optimize = false
                   OutDir = bin\Debug\net10.0\
                   OutputPath = bin\Debug\net10.0\
                   OutputType = Exe
                   OverwriteReadOnlyFiles = false
                   PackageDescription = Package Description
                   PackageDownloadSupported = true
                   PackageId = NikkiLoader
                   PackageOutputPath = bin\Debug\
                   PackageRequireLicenseAcceptance = false
                   PackageVersion = 1.0.0
                   PackDependsOn = ; _GetRestoreProjectStyle; _IntermediatePack; GenerateNuspec; 
                   PackRelease = true
                   Platform = AnyCPU
                   PlatformName = AnyCPU
                   Platforms = AnyCPU
                   PostBuildEventDependsOn = 
                   PreBuildEventDependsOn = 
                   PredefinedCulturesOnly = true
                   Prefer32Bit = false
                   PreferNativeArm64 = false
                   PrepareForBuildDependsOn = ;GetFrameworkPaths;GetReferenceAssemblyPaths;AssignLinkMetadata
                   PrepareForRunDependsOn = 
                         CopyFilesToOutputDirectory
                       
                   PrepareProjectReferencesDependsOn = 
                         AssignProjectConfiguration;
                         _SplitProjectReferencesByFileExistence;
                         _GetProjectReferenceTargetFrameworkProperties;
                         _GetProjectReferencePlatformProperties
                       
                   PrepareResourceNamesDependsOn = 
                         AssignTargetPaths;
                         SplitResourcesByCulture;
                         CreateManifestResourceNames;
                         CreateCustomManifestResourceNames
                       
                   PrepareResourcesDependsOn = 
                         ResolvePackageDependenciesForBuild;
                         _HandlePackageFileConflicts;
                         
                         ;
                         PrepareResourceNames;
                         ResGen;
                         CompileLicxFiles
                       
                       
                   PreserveCompilationReferences = 
                   ProcessorArchitecture = msil
                   ProcessorArchitectureAsPlatform = AnyCPU
                   ProduceReferenceAssembly = true
                   Product = NikkiLoader
                   ProjectAssetsCacheFile = D:\Project\AssetRipper\.workbuddy\tmp\NikkiLoader\obj\Debug\net10.0\NikkiLoader.assets.cache
                   ProjectAssetsFile = D:\Project\AssetRipper\.workbuddy\tmp\NikkiLoader\obj\project.assets.json
                   ProjectDepsFileName = NikkiLoader.deps.json
                   ProjectDepsFilePath = D:\Project\AssetRipper\.workbuddy\tmp\NikkiLoader\bin\Debug\net10.0\NikkiLoader.deps.json
                   ProjectDesignTimeAssemblyResolutionSearchPaths = 
                         {CandidateAssemblyFiles};
                         ;
                         {HintPathFromItem};
                         {TargetFrameworkDirectory};
                         {Registry:Software\Microsoft\.NETCoreApp,v10.0,AssemblyFoldersEx};
                         {RawFileName};
                         D:\Project\AssetRipper\.workbuddy\tmp\NikkiLoader\bin\Debug\net10.0\
                       
                   ProjectDir = D:\Project\AssetRipper\.workbuddy\tmp\NikkiLoader\
                   ProjectExt = .csproj
                   ProjectFileName = NikkiLoader.csproj
                   ProjectFlavor = Client
                   ProjectName = NikkiLoader
                   ProjectPath = D:\Project\AssetRipper\.workbuddy\tmp\NikkiLoader\NikkiLoader.csproj
                   ProjectRuntimeConfigFileName = NikkiLoader.runtimeconfig.json
                   ProjectRuntimeConfigFilePath = D:\Project\AssetRipper\.workbuddy\tmp\NikkiLoader\bin\Debug\net10.0\NikkiLoader.runtimeconfig.json
                   PrunePackageDataRoot = C:\Program Files\dotnet\sdk\10.0.301\PrunePackageData
                   PublishableProject = true
                   PublishBuildDependsOn = 
                         BuildOnlySettings;
                         PrepareForBuild;
                         ResolveReferences;
                         PrepareResources;
                         ResolveKeySource;
                         GenerateSerializationAssemblies;
                         CreateSatelliteAssemblies;
                       
                   PublishContainerDependsOn = 
                         _ContainerVerifySDKVersion;
                         ComputeContainerConfig;
                         _CheckContainersPackage;
                       
                   PublishDependsOn = 
                         SetGenerateManifests;
                         Build;
                         PublishOnly
                       
                   PublishDir = bin\Debug\net10.0\publish\
                   PublishDirName = publish
                   PublishDocumentationFile = true
                   PublishDocumentationFiles = true
                   PublishItemsOutputGroupDependsOn = 
                         ;
                         ResolveReferences;
                         ComputeResolvedFilesToPublishList;
                         _ComputeFilesToBundle;
                       
                   PublishOnlyDependsOn = 
                         SetGenerateManifests;
                         PublishBuild;
                         BeforePublish;
                         GenerateManifests;
                         CopyFilesToOutputDirectory;
                         _CopyFilesToPublishFolder;
                         _DeploymentGenerateBootstrapper;
                         ResolveKeySource;
                         _DeploymentSignClickOnceDeployment;
                         AfterPublish
                       
                   PublishProfileImported = false
                   PublishReadyToRunComposite = false
                   PublishReadyToRunPerfmapFormatVersion = 1
                   PublishReadyToRunUseCrossgen2 = true
                   PublishReadyToRunUseRuntimePackOptimizationData = true
                   PublishReferencesDocumentationFiles = true
                   PublishRelease = true
                   RebuildDependsOn = 
                         _SdkBeforeRebuild;
                         
                         BeforeRebuild;
                         Clean;
                         Build;
                         AfterRebuild;
                       
                       
                   RefAssembliesFolderName = refs
                   ReferenceCopyLocalPathsOutputGroupDependsOn = 
                         ;
                         
                         ;
                         BuildOnlySettings;
                         PrepareForBuild;
                         AssignTargetPaths;
                         ResolveReferences
                       
                       
                   ReportingServicesTargets = C:\Program Files\dotnet\sdk\10.0.301\\Microsoft\VisualStudio\v18.0\ReportingServices\Microsoft.ReportingServices.targets
                   ResGenDependsOn = ResolveAssemblyReferences;SplitResourcesByCulture;BeforeResGen;CoreResGen;AfterResGen
                   ResGenExecuteAsTool = false
                   ResolveAssemblyReferenceOutputUnresolvedAssemblyConflicts = true
                   ResolveAssemblyReferencesDependsOn = 
                         
                         
                         ResolveProjectReferences;
                         FindInvalidProjectReferences;
                         GetFrameworkPaths;
                         GetReferenceAssemblyPaths;
                         PrepareForBuild;
                         ResolveSDKReferences;
                         ExpandSDKReferences;
                       ;
                         ResolvePackageDependenciesForBuild;
                         _HandlePackageFileConflicts;
                       ;
                         ResolveTargetingPackAssets;
                       
                   ResolveNuGetPackages = false
                   ResolvePackageDependenciesForBuildDependsOn = 
                         ResolveLockFileReferences;
                         ResolveLockFileAnalyzers;
                         ResolveLockFileCopyLocalFiles;
                         ResolveRuntimePackAssets;
                         RunProduceContentAssets;
                         IncludeTransitiveProjectReferences
                       
                   ResolveReferencesDependsOn = 
                         BeforeResolveReferences;
                         AssignProjectConfiguration;
                         ResolveProjectReferences;
                         FindInvalidProjectReferences;
                         ResolveNativeReferences;
                         ResolveAssemblyReferences;
                         GenerateBindingRedirects;
                         GenerateBindingRedirectsUpdateAppConfig;
                         ResolveComReferences;
                         AfterResolveReferences
                       
                   ResolveSDKReferencesDependsOn = 
                         GetInstalledSDKLocations
                       
                   RespectAlreadyAssignedItemCulture = true
                   RestoreBuildInParallel = true
                   RestoreContinueOnError = WarnAndContinue
                   RestoreEnablePackagePruning = true
                   RestoreOutputPath = D:\Project\AssetRipper\.workbuddy\tmp\NikkiLoader\obj\
                   RestorePackagePruningDefault = true
                   RestoreProjectStyle = PackageReference
                   RestoreRecursive = true
                   RestoreTaskAssemblyFile = NuGet.Build.Tasks.dll
                   RestoreUseSkipNonexistentTargets = true
                   RootNamespace = NikkiLoader
                   RoslynAssembliesPath = C:\Program Files\dotnet\sdk\10.0.301\Sdks\Microsoft.NET.Sdk\targets\..\..\..\Roslyn\bincore
                   RoslynCompilerType = Core
                   RoslynCoreAssembliesPath = C:\Program Files\dotnet\sdk\10.0.301\Sdks\Microsoft.NET.Sdk\targets\..\..\..\Roslyn\bincore
                   RoslynTargetsPath = C:\Program Files\dotnet\sdk\10.0.301\Sdks\Microsoft.NET.Sdk\targets\..\..\..\Roslyn
                   RoslynTasksAssembly = C:\Program Files\dotnet\sdk\10.0.301\Sdks\Microsoft.NET.Sdk\targets\..\..\..\Roslyn\Microsoft.Build.Tasks.CodeAnalysis.dll
                   RunArguments = 
                   RunCommand = D:\Project\AssetRipper\.workbuddy\tmp\NikkiLoader\bin\Debug\net10.0\NikkiLoader.exe
                   RunDependsOn = 
                   RunPackageValidationDependsOn = CollectApiCompatInputs;_GetReferencePathFromInnerProjects;
                   RuntimeIdentifierGraphPath = C:\Program Files\dotnet\sdk\10.0.301/PortableRuntimeIdentifierGraph.json
                   RunWorkingDirectory = 
                   SatelliteDllsProjectOutputGroupDependenciesDependsOn = 
                         ;
                         
                         ;
                         BuildOnlySettings;
                         PrepareForBuild;
                         AssignTargetPaths;
                         ResolveReferences
                       
                       
                   SatelliteDllsProjectOutputGroupDependsOn = ;PrepareForBuild;PrepareResourceNames
                   SdkAnalysisLevel = 10.0.300
                   SDKContainerSupportEnabled = true
                   SDKRedistOutputGroupDependsOn = ResolveSDKReferences;ExpandSDKReferences
                   SDKReferenceDirectoryRoot = C:\Users\Administrator\AppData\Local\Microsoft SDKs;C:\Program Files (x86)\Microsoft SDKs
                   SDKReferenceRegistryRoot = Software\Microsoft\Microsoft SDKs
                   SelfContained = false
                   SGenFilesOutputGroupDependenciesDependsOn = 
                         ;
                         
                         ;
                         BuildOnlySettings;
                         PrepareForBuild;
                         AssignTargetPaths;
                         ResolveReferences
                       
                       
                   SGenFilesOutputGroupDependsOn = 
                   SGenShouldGenerateSerializer = true
                   SGenUseKeep = false
                   SGenUseProxyTypes = true
                   ShouldMarkCertainSDKReferencesAsRuntimeOnly = true
                   SignAssembly = false
                   SkipCopyUnchangedFiles = true
                   SkipImportNuGetBuildTargets = true
                   SkipImportNuGetProps = true
                   SolutionDir = *Undefined*
                   SolutionExt = *Undefined*
                   SolutionFileName = *Undefined*
                   SolutionName = *Undefined*
                   SolutionPath = *Undefined*
                   SourceControlInformationFeatureSupported = true
                   SourceControlManagerUrlTranslationTargets = ;TranslateGitHubUrlsInSourceControlInformation;TranslateGitLabUrlsInSourceControlInformation;TranslateAzureReposGitUrlsInSourceControlInformation;TranslateBitbucketGitUrlsInSourceControlInformation
                   SourceFilesProjectOutputGroupDependsOn = PrepareForBuild;AssignTargetPaths
                   SourceLinkUrlInitializerTargets = ;_InitializeGitHubSourceLinkUrl;_InitializeGitLabSourceLinkUrl;_InitializeAzureReposGitSourceLinkUrl;_InitializeBitbucketGitSourceLinkUrl
                   SourceRootMappedPathsFeatureSupported = true
                   SupportedOSPlatformVersion = 
                   SupportsRoslynComponentVersioning = true
                   SuppressDependenciesWhenPacking = false
                   SymbolPackageFormat = symbols.nupkg
                   TargetCulture = *
                   TargetDeployManifestFileName = NikkiLoader.application
                   TargetDir = D:\Project\AssetRipper\.workbuddy\tmp\NikkiLoader\bin\Debug\net10.0\
                   TargetedFrameworkDir = @(_TargetedFrameworkDirectoryItem)
                   TargetedSDKArchitecture = msil
                   TargetedSDKConfiguration = Debug
                   TargetExt = .dll
                   TargetFileName = NikkiLoader.dll
                   TargetFramework = net10.0
                   TargetFrameworkDirectory = 
                   TargetFrameworkIdentifier = .NETCoreApp
                   TargetFrameworkMoniker = .NETCoreApp,Version=v10.0
                   TargetFrameworkMonikerAssemblyAttributesPath = obj\Debug\net10.0\.NETCoreApp,Version=v10.0.AssemblyAttributes.cs
                   TargetFrameworkMonikerDisplayName = .NET 10.0
                   TargetFrameworkSDKToolsDirectory = 
                   TargetFrameworkVersion = v10.0
                   TargetLatestRuntimePatch = false
                   TargetName = NikkiLoader
                   TargetPath = D:\Project\AssetRipper\.workbuddy\tmp\NikkiLoader\bin\Debug\net10.0\NikkiLoader.dll
                   TargetPlatformDisplayName =  
                   TargetPlatformIdentifier = 
                   TargetPlatformRegistryBase = Software\Microsoft\Microsoft SDKs\
                   TargetPlatformSdkPath = 
                   TargetPlatformVersion = 
                   TargetRefPath = D:\Project\AssetRipper\.workbuddy\tmp\NikkiLoader\obj\Debug\net10.0\ref\NikkiLoader.dll
                   TargetRuntime = Managed
                   TargetsCurrent = true
                   TargetsForTfmSpecificContentInPackage = ;_PackProjectToolValidation
                   ToolDepsJsonGeneratorProject = C:\Program Files\dotnet\sdk\10.0.301\Sdks\Microsoft.NET.Sdk\targets\GenerateDeps\GenerateDeps.proj
                   TreatWarningsAsErrors = false
                   TrimDepsJsonLibrariesWithoutAssets = true
                   UnmanagedRegistrationDependsOn = 
                   UnmanagedUnregistrationDependsOn = 
                   UnsupportedTargetFrameworkVersion = 11.0
                   UseAppHost = true
                   UseCommonOutputDirectory = false
                   UseDefaultPlatformLookupTables = true
                   UseHostCompilerIfAvailable = true
                   UseMSBuildTestInfrastructure = false
                   UseOSWinMdReferences = false
                   UseRidGraph = false
                   UserProfileRuntimeStorePath = C:\Users\Administrator\.dotnet\store
                   UserRuntimeConfig = D:\Project\AssetRipper\.workbuddy\tmp\NikkiLoader/runtimeconfig.template.json
                   UseSourcePath = true
                   UsingMicrosoftNETSdk = true
                   UsingNETSdkDefaults = true
                   Utf8Output = true
                   ValidateRuntimeIdentifierCompatibility = false
                   VerifyMatchingImplicitPackageVersion = true
                   Version = 1.0.0
                   VersionPrefix = 1.0.0
                   VisualBasicCoreTargetsPath = C:\Program Files\dotnet\sdk\10.0.301\Sdks\Microsoft.NET.Sdk\targets\..\..\..\Roslyn\Microsoft.VisualBasic.Core.targets
                   VisualStudioVersion = 18.0
                   VSTestConsolePath = C:\Program Files\dotnet\sdk\10.0.301\vstest.console.dll
                   VSTestNoBuild = False
                   VSTestTargets = C:\Program Files\dotnet\sdk\10.0.301\\Microsoft.TestPlatform.targets
                   VSTestTaskAssemblyFile = Microsoft.TestPlatform.Build.dll
                   VsTestUseMSBuildOutput = False
                   WarningLevel = 10
                   WarningsAsErrors = ;NU1605;SYSLIB0011
                   WarnOnPackingNonPackableProject = false
                   WebReference_EnableLegacyEventingModel = false
                   WebReference_EnableProperties = true
                   WebReference_EnableSQLTypes = true
                   WMSJSProject = WJProject
                   WMSJSProjectDirectory = JavaScript
                   YieldDuringToolExecution = true

01:04:09.787     0>初始项:
                   _ApplicationManifestFinal
                       bin\Debug\net10.0\NikkiLoader.dll.manifest
                           TargetPath = NikkiLoader.dll.manifest
                   _DebugSymbolsIntermediatePath
                       obj\Debug\net10.0\NikkiLoader.pdb
                   _DebugSymbolsOutputPath
                       bin\Debug\net10.0\NikkiLoader.pdb
                   _DeploymentManifestEntryPoint
                       obj\Debug\net10.0\NikkiLoader.dll
                           TargetPath = NikkiLoader.dll
                   _EolNetCoreTargetFrameworkVersions
                       1.0
                       1.1
                       2.0
                       2.1
                       2.2
                       3.0
                       3.1
                       5.0
                       6.0
                       7.0
                   _ExcludedKnownRuntimeIdentiferPlatforms
                       rhel.6
                       rhel.6
                       rhel.6
                       rhel.6
                       rhel.6
                       rhel.6
                       rhel.6
                       rhel.6
                       rhel.6
                       rhel.6
                       rhel.6
                       rhel.6
                       rhel.6
                       rhel.6
                       rhel.6
                       rhel.6
                       rhel.6
                       tizen.4.0.0
                       tizen.4.0.0
                       tizen.4.0.0
                       tizen.4.0.0
                       tizen.4.0.0
                       tizen.4.0.0
                       tizen.4.0.0
                       tizen.4.0.0
                       tizen.4.0.0
                       tizen.4.0.0
                       tizen.4.0.0
                       tizen.4.0.0
                       tizen.4.0.0
                       tizen.4.0.0
                       tizen.4.0.0
                       tizen.4.0.0
                       tizen.4.0.0
                       tizen.4.0.0
                       tizen.4.0.0
                       tizen.4.0.0
                       tizen.4.0.0
                       tizen.4.0.0
                       tizen.4.0.0
                       tizen.4.0.0
                       tizen.4.0.0
                       tizen.4.0.0
                       tizen.4.0.0
                       tizen.4.0.0
                       tizen.4.0.0
                       tizen.4.0.0
                       tizen.4.0.0
                       tizen.4.0.0
                       tizen.4.0.0
                       tizen.4.0.0
                       tizen.4.0.0
                       tizen.4.0.0
                       tizen.4.0.0
                       tizen.4.0.0
                       tizen.4.0.0
                       tizen.4.0.0
                       tizen.4.0.0
                       tizen.5.0.0
                       tizen.5.0.0
                       tizen.5.0.0
                       tizen.5.0.0
                       tizen.5.0.0
                       tizen.5.0.0
                       tizen.5.0.0
                       tizen.5.0.0
                       tizen.5.0.0
                       tizen.5.0.0
                       tizen.5.0.0
                       tizen.5.0.0
                       tizen.5.0.0
                       tizen.5.0.0
                       tizen.5.0.0
                       tizen.5.0.0
                       tizen.5.0.0
                       tizen.5.0.0
                       tizen.5.0.0
                       tizen.5.0.0
                       tizen.5.0.0
                       tizen.5.0.0
                       tizen.5.0.0
                       tizen.5.0.0
                       tizen.5.0.0
                       tizen.5.0.0
                       tizen.5.0.0
                       tizen.5.0.0
                       tizen.5.0.0
                       tizen.5.0.0
                       tizen.5.0.0
                       tizen.5.0.0
                       tizen.5.0.0
                       tizen.5.0.0
                       tizen.5.0.0
                       tizen.5.0.0
                       tizen.5.0.0
                       tizen.5.0.0
                       tizen.5.0.0
                       tizen.5.0.0
                       tizen.5.0.0
                   _KnownRuntimeIdentiferPlatforms
                       any
                       any
                       any
                       any
                       any
                       any
                       any
                       any
                       any
                       any
                       any
                       any
                       any
                       any
                       any
                       any
                       any
                       any
                       any
                       any
                       any
                       any
                       any
                       any
                       any
                       any
                       any
                       any
                       any
                       any
                       any
                       any
                       any
                       any
                       any
                       any
                       any
                       any
                       any
                       any
                       aot
                       aot
                       aot
                       aot
                       aot
                       aot
                       aot
                       aot
                       aot
                       aot
                       aot
                       aot
                       aot
                       aot
                       aot
                       aot
                       aot
                       aot
                       aot
                       aot
                       aot
                       aot
                       aot
                       aot
                       aot
                       aot
                       aot
                       aot
                       aot
                       aot
                       aot
                       aot
                       aot
                       aot
                       aot
                       aot
                       aot
                       aot
                       aot
                       aot
                       freebsd
                       freebsd
                       freebsd
                       freebsd
                       freebsd
                       freebsd
                       freebsd
                       freebsd
                       freebsd
                       freebsd
                       freebsd
                       freebsd
                       freebsd
                       freebsd
                       freebsd
                       freebsd
                       freebsd
                       freebsd
                       freebsd
                       freebsd
                       freebsd
                       freebsd
                       freebsd
                       freebsd
                       freebsd
                       freebsd
                       freebsd
                       freebsd
                       freebsd
                       freebsd
                       freebsd
                       freebsd
                       freebsd
                       freebsd
                       freebsd
                       freebsd
                       freebsd
                       freebsd
                       freebsd
                       freebsd
                       illumos
                       illumos
                       illumos
                       illumos
                       illumos
                       illumos
                       illumos
                       illumos
                       illumos
                       illumos
                       illumos
                       illumos
                       illumos
                       illumos
                       illumos
                       illumos
                       illumos
                       illumos
                       illumos
                       illumos
                       illumos
                       illumos
                       illumos
                       illumos
                       illumos
                       illumos
                       illumos
                       illumos
                       illumos
                       illumos
                       illumos
                       illumos
                       illumos
                       illumos
                       illumos
                       illumos
                       illumos
                       illumos
                       illumos
                       illumos
                       solaris
                       solaris
                       solaris
                       solaris
                       solaris
                       solaris
                       solaris
                       solaris
                       solaris
                       solaris
                       solaris
                       solaris
                       solaris
                       solaris
                       solaris
                       solaris
                       solaris
                       solaris
                       solaris
                       solaris
                       solaris
                       solaris
                       solaris
                       solaris
                       solaris
                       solaris
                       solaris
                       solaris
                       solaris
                       solaris
                       solaris
                       solaris
                       solaris
                       solaris
                       solaris
                       solaris
                       solaris
                       solaris
                       solaris
                       solaris
                       unix
                       unix
                       unix
                       unix
                       unix
                       unix
                       unix
                       unix
                       unix
                       unix
                       unix
                       unix
                       unix
                       unix
                       unix
                       unix
                       unix
                       unix
                       unix
                       unix
                       unix
                       unix
                       unix
                       unix
                       unix
                       unix
                       unix
                       unix
                       unix
                       unix
                       unix
                       unix
                       unix
                       unix
                       unix
                       unix
                       unix
                       unix
                       unix
                       unix
                   _OutputPathItem
                       bin\Debug\net10.0\
                   _ResolveComReferenceCache
                       obj\Debug\net10.0\NikkiLoader.csproj.ResolveComReference.cache
                   _UnmanagedRegistrationCache
                       obj\NikkiLoader.csproj.UnmanagedRegistration.cache
                   AdditionalProbingPath
                       C:\Users\Administrator\.dotnet\store\|arch|\|tfm|
                   AdditionalTargetFrameworkInfoProperty
                       _IsExecutable
                       _SelfContainedWasSpecified
                       IsRidAgnostic
                       SelfContained
                       ShouldBeValidatedAsExecutableReference
                   Analyzer
                       C:\Program Files\dotnet\sdk\10.0.301\Sdks\Microsoft.NET.Sdk\targets\..\analyzers\Microsoft.CodeAnalysis.CSharp.NetAnalyzers.dll
                           IsImplicitlyDefined = true
                       C:\Program Files\dotnet\sdk\10.0.301\Sdks\Microsoft.NET.Sdk\targets\..\analyzers\Microsoft.CodeAnalysis.NetAnalyzers.dll
                           IsImplicitlyDefined = true
                   AppConfigFileDestination
                       bin\Debug\net10.0\NikkiLoader.dll.config
                   ApplicationManifest
                       obj\Debug\net10.0\NikkiLoader.dll.manifest
                           TargetPath = NikkiLoader.dll.manifest
                   BuiltProjectOutputGroupKeyOutput
                       D:\Project\AssetRipper\.workbuddy\tmp\NikkiLoader\obj\Debug\net10.0\NikkiLoader.dll
                           IsKeyOutput = true
                           FinalOutputPath = D:\Project\AssetRipper\.workbuddy\tmp\NikkiLoader\bin\Debug\net10.0\NikkiLoader.dll
                           TargetPath = NikkiLoader.dll
                   ClsidMap
                       obj\Debug\net10.0\NikkiLoader.clsidmap
                   CompilerVisibleProperty
                       _SupportedPlatformList
                       EnableComHosting
                       EnableGeneratedComInterfaceComImportInterop
                       EnforceExtendedAnalyzerRules
                       EntryPointFilePath
                       InvariantGlobalization
                       PlatformNeutralAssembly
                       ProjectDir
                       ProjectTypeGuids
                       RootNamespace
                       TargetFramework
                       TargetFrameworkIdentifier
                       TargetFrameworkVersion
                       TargetPlatformMinVersion
                       UsingMicrosoftNETSdkWeb
                   CopyUpToDateMarker
                       D:\Project\AssetRipper\.workbuddy\tmp\NikkiLoader\obj\Debug\net10.0\NikkiLoa.F9311C3A.Up2Date
                   CreateDirectory
                       D:\Project\AssetRipper\.workbuddy\tmp\NikkiLoader\obj\Debug\net10.0\refint\
                       obj\Debug\net10.0\ref
                   DebugSymbolsProjectOutputGroupOutput
                       D:\Project\AssetRipper\.workbuddy\tmp\NikkiLoader\obj\Debug\net10.0\NikkiLoader.pdb
                           FinalOutputPath = D:\Project\AssetRipper\.workbuddy\tmp\NikkiLoader\bin\Debug\net10.0\NikkiLoader.pdb
                           TargetPath = NikkiLoader.pdb
                   DeployManifest
                       obj\Debug\net10.0\NikkiLoader.application
                           TargetPath = NikkiLoader.application
                   FrameworkReference
                       Microsoft.NETCore.App
                           IsImplicitlyDefined = true
                           PrivateAssets = All
                           Pack = false
                   GenerateRuntimeConfigurationFilesInputs
                       D:\Project\AssetRipper\.workbuddy\tmp\NikkiLoader\obj\Debug\net10.0\NikkiLoader.assets.cache
                       D:\Project\AssetRipper\.workbuddy\tmp\NikkiLoader\obj\project.assets.json
                   ImplicitPackageReferenceVersion
                       Microsoft.AspNetCore.All
                           LatestVersion = 2.1.30
                           DefaultVersion = 2.1.1
                           TargetFrameworkVersion = 2.1
                       Microsoft.AspNetCore.All
                           LatestVersion = 2.2.8
                           DefaultVersion = 2.2.0
                           TargetFrameworkVersion = 2.2
                       Microsoft.AspNetCore.App
                           LatestVersion = 2.1.30
                           DefaultVersion = 2.1.1
                           TargetFrameworkVersion = 2.1
                       Microsoft.AspNetCore.App
                           LatestVersion = 2.2.8
                           DefaultVersion = 2.2.0
                           TargetFrameworkVersion = 2.2
                       Microsoft.NETCore.App
                           LatestVersion = 1.0.16
                           DefaultVersion = 1.0.5
                           TargetFrameworkVersion = 1.0
                       Microsoft.NETCore.App
                           LatestVersion = 1.1.13
                           DefaultVersion = 1.1.2
                           TargetFrameworkVersion = 1.1
                       Microsoft.NETCore.App
                           LatestVersion = 2.0.9
                           DefaultVersion = 2.0.0
                           TargetFrameworkVersion = 2.0
                       Microsoft.NETCore.App
                           LatestVersion = 2.1.30
                           DefaultVersion = 2.1.0
                           TargetFrameworkVersion = 2.1
                       Microsoft.NETCore.App
                           LatestVersion = 2.2.8
                           DefaultVersion = 2.2.0
                           TargetFrameworkVersion = 2.2
                   IntermediateAssembly
                       obj\Debug\net10.0\NikkiLoader.dll
                   IntermediateRefAssembly
                       obj\Debug\net10.0\refint\NikkiLoader.dll
                   KnownAppHostPack
                       Microsoft.NETCore.App
                           ExcludedRuntimeIdentifiers = android
                           AppHostRuntimeIdentifiers = linux-arm;linux-arm64;linux-musl-arm64;linux-musl-x64;linux-x64;osx-x64;tizen.4.0.0-armel;tizen.5.0.0-armel;win-arm64;win-x64;win-x86;linux-musl-arm;osx-arm64;linux-s390x;linux-loongarch64;linux-bionic-arm;linux-bionic-arm64;linux-bionic-x64;linux-bionic-x86;linux-ppc64le;freebsd-x64;freebsd-arm64;linux-riscv64;linux-musl-riscv64;linux-musl-loongarch64
                           TargetFramework = net10.0
                           AppHostPackNamePattern = Microsoft.NETCore.App.Host.**RID**
                           AppHostPackVersion = 10.0.9
                       Microsoft.NETCore.App
                           ExcludedRuntimeIdentifiers = android
                           AppHostRuntimeIdentifiers = linux-arm;linux-arm64;linux-musl-arm64;linux-musl-x64;linux-x64;osx-x64;tizen.4.0.0-armel;tizen.5.0.0-armel;win-arm64;win-x64;win-x86;linux-musl-arm;osx-arm64;linux-s390x;linux-loongarch64;linux-bionic-arm;linux-bionic-arm64;linux-bionic-x64;linux-bionic-x86;linux-ppc64le;freebsd-x64;freebsd-arm64;linux-riscv64;linux-musl-riscv64;linux-musl-loongarch64
                           TargetFramework = net9.0
                           AppHostPackNamePattern = Microsoft.NETCore.App.Host.**RID**
                           AppHostPackVersion = 9.0.17
                       Microsoft.NETCore.App
                           ExcludedRuntimeIdentifiers = android
                           AppHostRuntimeIdentifiers = linux-arm;linux-arm64;linux-musl-arm64;linux-musl-x64;linux-x64;osx-x64;tizen.4.0.0-armel;tizen.5.0.0-armel;win-arm64;win-x64;win-x86;linux-musl-arm;osx-arm64;linux-s390x;linux-loongarch64;linux-bionic-arm;linux-bionic-arm64;linux-bionic-x64;linux-bionic-x86;linux-ppc64le;freebsd-x64;freebsd-arm64
                           TargetFramework = net8.0
                           AppHostPackNamePattern = Microsoft.NETCore.App.Host.**RID**
                           AppHostPackVersion = 8.0.28
                       Microsoft.NETCore.App
                           ExcludedRuntimeIdentifiers = android
                           AppHostRuntimeIdentifiers = linux-arm;linux-arm64;linux-musl-arm64;linux-musl-x64;linux-x64;osx-x64;tizen.4.0.0-armel;tizen.5.0.0-armel;win-arm;win-arm64;win-x64;win-x86;linux-musl-arm;osx-arm64;linux-s390x;linux-loongarch64;linux-bionic-arm;linux-bionic-arm64;linux-bionic-x64;linux-bionic-x86;linux-ppc64le
                           TargetFramework = net7.0
                           AppHostPackNamePattern = Microsoft.NETCore.App.Host.**RID**
                           AppHostPackVersion = 7.0.20
                       Microsoft.NETCore.App
                           ExcludedRuntimeIdentifiers = android
                           AppHostRuntimeIdentifiers = linux-arm;linux-arm64;linux-musl-arm64;linux-musl-x64;linux-x64;osx-x64;tizen.4.0.0-armel;tizen.5.0.0-armel;win-arm;win-arm64;win-x64;win-x86;linux-musl-arm;osx-arm64;linux-s390x;linux-loongarch64
                           TargetFramework = net6.0
                           AppHostPackNamePattern = Microsoft.NETCore.App.Host.**RID**
                           AppHostPackVersion = 6.0.36
                       Microsoft.NETCore.App
                           AppHostRuntimeIdentifiers = linux-arm;linux-arm64;linux-musl-arm64;linux-musl-x64;linux-x64;osx-x64;tizen.4.0.0-armel;tizen.5.0.0-armel;win-arm;win-arm64;win-x64;win-x86;linux-musl-arm
                           TargetFramework = net5.0
                           AppHostPackNamePattern = Microsoft.NETCore.App.Host.**RID**
                           AppHostPackVersion = 5.0.17
                       Microsoft.NETCore.App
                           AppHostRuntimeIdentifiers = linux-arm;linux-arm64;linux-musl-arm64;linux-musl-x64;linux-x64;osx-x64;tizen.4.0.0-armel;tizen.5.0.0-armel;win-arm;win-arm64;win-x64;win-x86
                           TargetFramework = netcoreapp3.1
                           AppHostPackNamePattern = Microsoft.NETCore.App.Host.**RID**
                           AppHostPackVersion = 3.1.32
                       Microsoft.NETCore.App
                           AppHostRuntimeIdentifiers = linux-arm;linux-arm64;linux-musl-arm64;linux-musl-x64;linux-x64;osx-x64;tizen.4.0.0-armel;tizen.5.0.0-armel;win-arm;win-arm64;win-x64;win-x86
                           TargetFramework = netcoreapp3.0
                           AppHostPackNamePattern = Microsoft.NETCore.App.Host.**RID**
                           AppHostPackVersion = 3.0.3
                   KnownAspNetCorePack
                       Microsoft.AspNetCore.App.Internal.Assets
                           TargetFramework = net10.0
                           AspNetCorePackVersion = 10.0.9
                   KnownCrossgen2Pack
                       Microsoft.NETCore.App.Crossgen2
                           Crossgen2RuntimeIdentifiers = linux-musl-x64;linux-x64;win-x64;linux-arm;linux-arm64;linux-musl-arm;linux-musl-arm64;osx-arm64;osx-x64;win-arm64;win-x86;freebsd-x64;freebsd-arm64;linux-riscv64;linux-musl-riscv64;linux-loongarch64;linux-musl-loongarch64
                           TargetFramework = net10.0
                           Crossgen2PackNamePattern = Microsoft.NETCore.App.Crossgen2.**RID**
                           Crossgen2PackVersion = 10.0.9
                           Crossgen2PortableRuntimeIdentifiers = linux-musl-x64;linux-x64;win-x64;linux-arm;linux-arm64;linux-musl-arm;linux-musl-arm64;osx-arm64;osx-x64;win-arm64;win-x86;freebsd-x64;freebsd-arm64;linux-riscv64;linux-musl-riscv64;linux-loongarch64;linux-musl-loongarch64
                       Microsoft.NETCore.App.Crossgen2
                           Crossgen2RuntimeIdentifiers = linux-musl-x64;linux-x64;win-x64;linux-arm;linux-arm64;linux-musl-arm;linux-musl-arm64;osx-arm64;osx-x64;win-arm64;win-x86;freebsd-x64;freebsd-arm64;linux-riscv64;linux-musl-riscv64;linux-loongarch64;linux-musl-loongarch64
                           TargetFramework = net9.0
                           Crossgen2PackNamePattern = Microsoft.NETCore.App.Crossgen2.**RID**
                           Crossgen2PackVersion = 9.0.17
                       Microsoft.NETCore.App.Crossgen2
                           Crossgen2RuntimeIdentifiers = linux-musl-x64;linux-x64;win-x64;linux-arm;linux-arm64;linux-musl-arm;linux-musl-arm64;osx-arm64;osx-x64;win-arm64;win-x86;freebsd-x64;freebsd-arm64
                           TargetFramework = net8.0
                           Crossgen2PackNamePattern = Microsoft.NETCore.App.Crossgen2.**RID**
                           Crossgen2PackVersion = 8.0.28
                       Microsoft.NETCore.App.Crossgen2
                           Crossgen2RuntimeIdentifiers = linux-musl-x64;linux-x64;win-x64;linux-arm;linux-arm64;linux-musl-arm;linux-musl-arm64;osx-arm64;osx-x64;win-arm;win-arm64;win-x86
                           TargetFramework = net7.0
                           Crossgen2PackNamePattern = Microsoft.NETCore.App.Crossgen2.**RID**
                           Crossgen2PackVersion = 7.0.20
                       Microsoft.NETCore.App.Crossgen2
                           Crossgen2RuntimeIdentifiers = linux-musl-x64;linux-x64;win-x64;linux-arm;linux-arm64;linux-musl-arm;linux-musl-arm64;osx-arm64;osx-x64;win-arm;win-arm64;win-x86
                           TargetFramework = net6.0
                           Crossgen2PackNamePattern = Microsoft.NETCore.App.Crossgen2.**RID**
                           Crossgen2PackVersion = 6.0.36
                       Microsoft.NETCore.App.Crossgen2
                           Crossgen2RuntimeIdentifiers = linux-musl-x64;linux-x64;win-x64
                           TargetFramework = net5.0
                           Crossgen2PackNamePattern = Microsoft.NETCore.App.Crossgen2.**RID**
                           Crossgen2PackVersion = 5.0.17
                   KnownFrameworkReference
                       Microsoft.AspNetCore.App
                           TargetFramework = netcoreapp3.1
                           DefaultRuntimeFrameworkVersion = 3.1.0
                           TargetingPackName = Microsoft.AspNetCore.App.Ref
                           LatestRuntimeFrameworkVersion = 3.1.32
                           RuntimePackRuntimeIdentifiers = win-x64;win-x86;win-arm;osx-x64;linux-musl-x64;linux-musl-arm64;linux-x64;linux-arm;linux-arm64
                           RuntimePackNamePatterns = Microsoft.AspNetCore.App.Runtime.**RID**
                           TargetingPackVersion = 3.1.10
                           RuntimeFrameworkName = Microsoft.AspNetCore.App
                       Microsoft.AspNetCore.App
                           TargetFramework = net10.0
                           DefaultRuntimeFrameworkVersion = 10.0.0
                           TargetingPackName = Microsoft.AspNetCore.App.Ref
                           LatestRuntimeFrameworkVersion = 10.0.9
                           RuntimePackExcludedRuntimeIdentifiers = android;linux-bionic
                           RuntimePackRuntimeIdentifiers = win-x64;win-x86;osx-x64;linux-musl-x64;linux-musl-arm64;linux-x64;linux-arm;linux-arm64;linux-musl-arm;win-arm64;osx-arm64;linux-s390x;linux-loongarch64;linux-ppc64le;freebsd-x64;freebsd-arm64;linux-riscv64;linux-musl-riscv64;linux-loongarch64;linux-musl-loongarch64
                           RuntimePackNamePatterns = Microsoft.AspNetCore.App.Runtime.**RID**
                           TargetingPackVersion = 10.0.9
                           RuntimeFrameworkName = Microsoft.AspNetCore.App
                       Microsoft.AspNetCore.App
                           TargetFramework = net5.0
                           DefaultRuntimeFrameworkVersion = 5.0.0
                           TargetingPackName = Microsoft.AspNetCore.App.Ref
                           LatestRuntimeFrameworkVersion = 5.0.17
                           RuntimePackRuntimeIdentifiers = win-x64;win-x86;win-arm;osx-x64;linux-musl-x64;linux-musl-arm64;linux-x64;linux-arm;linux-arm64;linux-musl-arm;win-arm64
                           RuntimePackNamePatterns = Microsoft.AspNetCore.App.Runtime.**RID**
                           TargetingPackVersion = 5.0.0
                           RuntimeFrameworkName = Microsoft.AspNetCore.App
                       Microsoft.AspNetCore.App
                           TargetFramework = net6.0
                           DefaultRuntimeFrameworkVersion = 6.0.0
                           TargetingPackName = Microsoft.AspNetCore.App.Ref
                           LatestRuntimeFrameworkVersion = 6.0.36
                           RuntimePackRuntimeIdentifiers = win-x64;win-x86;win-arm;osx-x64;linux-musl-x64;linux-musl-arm64;linux-x64;linux-arm;linux-arm64;linux-musl-arm;win-arm64;osx-arm64;linux-s390x;linux-loongarch64
                           RuntimePackNamePatterns = Microsoft.AspNetCore.App.Runtime.**RID**
                           TargetingPackVersion = 6.0.36
                           RuntimeFrameworkName = Microsoft.AspNetCore.App
                       Microsoft.AspNetCore.App
                           TargetFramework = netcoreapp3.0
                           DefaultRuntimeFrameworkVersion = 3.0.0
                           TargetingPackName = Microsoft.AspNetCore.App.Ref
                           LatestRuntimeFrameworkVersion = 3.0.3
                           RuntimePackRuntimeIdentifiers = win-x64;win-x86;win-arm;osx-x64;linux-musl-x64;linux-musl-arm64;linux-x64;linux-arm;linux-arm64
                           RuntimePackNamePatterns = Microsoft.AspNetCore.App.Runtime.**RID**
                           TargetingPackVersion = 3.0.1
                           RuntimeFrameworkName = Microsoft.AspNetCore.App
                       Microsoft.AspNetCore.App
                           TargetFramework = net9.0
                           DefaultRuntimeFrameworkVersion = 9.0.0
                           TargetingPackName = Microsoft.AspNetCore.App.Ref
                           LatestRuntimeFrameworkVersion = 9.0.17
                           RuntimePackExcludedRuntimeIdentifiers = android;linux-bionic
                           RuntimePackRuntimeIdentifiers = win-x64;win-x86;osx-x64;linux-musl-x64;linux-musl-arm64;linux-x64;linux-arm;linux-arm64;linux-musl-arm;win-arm64;osx-arm64;linux-s390x;linux-loongarch64;linux-ppc64le;freebsd-x64;freebsd-arm64;linux-riscv64;linux-musl-riscv64;linux-loongarch64;linux-musl-loongarch64
                           RuntimePackNamePatterns = Microsoft.AspNetCore.App.Runtime.**RID**
                           TargetingPackVersion = 9.0.17
                           RuntimeFrameworkName = Microsoft.AspNetCore.App
                       Microsoft.AspNetCore.App
                           TargetFramework = net7.0
                           DefaultRuntimeFrameworkVersion = 7.0.0
                           TargetingPackName = Microsoft.AspNetCore.App.Ref
                           LatestRuntimeFrameworkVersion = 7.0.20
                           RuntimePackExcludedRuntimeIdentifiers = android
                           RuntimePackRuntimeIdentifiers = win-x64;win-x86;win-arm;osx-x64;linux-musl-x64;linux-musl-arm64;linux-x64;linux-arm;linux-arm64;linux-musl-arm;win-arm64;osx-arm64;linux-s390x;linux-loongarch64;linux-ppc64le
                           RuntimePackNamePatterns = Microsoft.AspNetCore.App.Runtime.**RID**
                           TargetingPackVersion = 7.0.20
                           RuntimeFrameworkName = Microsoft.AspNetCore.App
                       Microsoft.AspNetCore.App
                           TargetFramework = net8.0
                           DefaultRuntimeFrameworkVersion = 8.0.0
                           TargetingPackName = Microsoft.AspNetCore.App.Ref
                           LatestRuntimeFrameworkVersion = 8.0.28
                           RuntimePackExcludedRuntimeIdentifiers = android;linux-bionic
                           RuntimePackRuntimeIdentifiers = win-x64;win-x86;osx-x64;linux-musl-x64;linux-musl-arm64;linux-x64;linux-arm;linux-arm64;linux-musl-arm;win-arm64;osx-arm64;linux-s390x;linux-loongarch64;linux-ppc64le;freebsd-x64;freebsd-arm64
                           RuntimePackNamePatterns = Microsoft.AspNetCore.App.Runtime.**RID**
                           TargetingPackVersion = 8.0.28
                           RuntimeFrameworkName = Microsoft.AspNetCore.App
                       Microsoft.NETCore.App
                           TargetFramework = net10.0
                           DefaultRuntimeFrameworkVersion = 10.0.0
                           TargetingPackName = Microsoft.NETCore.App.Ref
                           LatestRuntimeFrameworkVersion = 10.0.9
                           RuntimePackRuntimeIdentifiers = linux-arm;linux-arm64;linux-musl-arm64;linux-musl-x64;linux-x64;osx-x64;tizen.4.0.0-armel;tizen.5.0.0-armel;win-arm64;win-x64;win-x86;linux-musl-arm;osx-arm64;linux-s390x;linux-loongarch64;linux-bionic-arm;linux-bionic-arm64;linux-bionic-x64;linux-bionic-x86;linux-ppc64le;freebsd-x64;freebsd-arm64;linux-riscv64;linux-musl-riscv64;linux-musl-loongarch64;android-arm64;android-x64
                           RuntimePackNamePatterns = Microsoft.NETCore.App.Runtime.**RID**
                           TargetingPackVersion = 10.0.9
                           RuntimeFrameworkName = Microsoft.NETCore.App
                       Microsoft.NETCore.App
                           TargetFramework = netcoreapp3.0
                           DefaultRuntimeFrameworkVersion = 3.0.0
                           TargetingPackName = Microsoft.NETCore.App.Ref
                           LatestRuntimeFrameworkVersion = 3.0.3
                           RuntimePackRuntimeIdentifiers = linux-arm;linux-arm64;linux-musl-arm64;linux-musl-x64;linux-x64;osx-x64;tizen.4.0.0-armel;tizen.5.0.0-armel;win-arm;win-arm64;win-x64;win-x86
                           RuntimePackNamePatterns = Microsoft.NETCore.App.Runtime.**RID**
                           TargetingPackVersion = 3.0.0
                           IsTrimmable = true
                           RuntimeFrameworkName = Microsoft.NETCore.App
                       Microsoft.NETCore.App
                           TargetFramework = netcoreapp3.1
                           DefaultRuntimeFrameworkVersion = 3.1.0
                           TargetingPackName = Microsoft.NETCore.App.Ref
                           LatestRuntimeFrameworkVersion = 3.1.32
                           RuntimePackRuntimeIdentifiers = linux-arm;linux-arm64;linux-musl-arm64;linux-musl-x64;linux-x64;osx-x64;tizen.4.0.0-armel;tizen.5.0.0-armel;win-arm;win-arm64;win-x64;win-x86
                           RuntimePackNamePatterns = Microsoft.NETCore.App.Runtime.**RID**
                           TargetingPackVersion = 3.1.0
                           IsTrimmable = true
                           RuntimeFrameworkName = Microsoft.NETCore.App
                       Microsoft.NETCore.App
                           TargetFramework = net5.0
                           DefaultRuntimeFrameworkVersion = 5.0.0
                           TargetingPackName = Microsoft.NETCore.App.Ref
                           LatestRuntimeFrameworkVersion = 5.0.17
                           RuntimePackRuntimeIdentifiers = linux-arm;linux-arm64;linux-musl-arm64;linux-musl-x64;linux-x64;osx-x64;tizen.4.0.0-armel;tizen.5.0.0-armel;win-arm;win-arm64;win-x64;win-x86;linux-musl-arm;browser-wasm
                           RuntimePackNamePatterns = Microsoft.NETCore.App.Runtime.**RID**
                           TargetingPackVersion = 5.0.0
                           IsTrimmable = true
                           RuntimeFrameworkName = Microsoft.NETCore.App
                       Microsoft.NETCore.App
                           TargetFramework = net7.0
                           DefaultRuntimeFrameworkVersion = 7.0.0
                           TargetingPackName = Microsoft.NETCore.App.Ref
                           LatestRuntimeFrameworkVersion = 7.0.20
                           RuntimePackRuntimeIdentifiers = linux-arm;linux-arm64;linux-musl-arm64;linux-musl-x64;linux-x64;osx-x64;tizen.4.0.0-armel;tizen.5.0.0-armel;win-arm;win-arm64;win-x64;win-x86;linux-musl-arm;osx-arm64;linux-s390x;linux-loongarch64;linux-bionic-arm;linux-bionic-arm64;linux-bionic-x64;linux-bionic-x86;linux-ppc64le
                           RuntimePackNamePatterns = Microsoft.NETCore.App.Runtime.**RID**
                           TargetingPackVersion = 7.0.20
                           RuntimeFrameworkName = Microsoft.NETCore.App
                       Microsoft.NETCore.App
                           TargetFramework = net6.0
                           DefaultRuntimeFrameworkVersion = 6.0.0
                           TargetingPackName = Microsoft.NETCore.App.Ref
                           LatestRuntimeFrameworkVersion = 6.0.36
                           RuntimePackRuntimeIdentifiers = linux-arm;linux-arm64;linux-musl-arm64;linux-musl-x64;linux-x64;osx-x64;tizen.4.0.0-armel;tizen.5.0.0-armel;win-arm;win-arm64;win-x64;win-x86;linux-musl-arm;osx-arm64;linux-s390x;linux-loongarch64
                           RuntimePackNamePatterns = Microsoft.NETCore.App.Runtime.**RID**
                           TargetingPackVersion = 6.0.36
                           RuntimeFrameworkName = Microsoft.NETCore.App
                       Microsoft.NETCore.App
                           TargetFramework = net8.0
                           DefaultRuntimeFrameworkVersion = 8.0.0
                           TargetingPackName = Microsoft.NETCore.App.Ref
                           LatestRuntimeFrameworkVersion = 8.0.28
                           RuntimePackRuntimeIdentifiers = linux-arm;linux-arm64;linux-musl-arm64;linux-musl-x64;linux-x64;osx-x64;tizen.4.0.0-armel;tizen.5.0.0-armel;win-arm64;win-x64;win-x86;linux-musl-arm;osx-arm64;linux-s390x;linux-loongarch64;linux-bionic-arm;linux-bionic-arm64;linux-bionic-x64;linux-bionic-x86;linux-ppc64le;freebsd-x64;freebsd-arm64
                           RuntimePackNamePatterns = Microsoft.NETCore.App.Runtime.**RID**
                           TargetingPackVersion = 8.0.28
                           RuntimeFrameworkName = Microsoft.NETCore.App
                       Microsoft.NETCore.App
                           TargetFramework = net9.0
                           DefaultRuntimeFrameworkVersion = 9.0.0
                           TargetingPackName = Microsoft.NETCore.App.Ref
                           LatestRuntimeFrameworkVersion = 9.0.17
                           RuntimePackRuntimeIdentifiers = linux-arm;linux-arm64;linux-musl-arm64;linux-musl-x64;linux-x64;osx-x64;tizen.4.0.0-armel;tizen.5.0.0-armel;win-arm64;win-x64;win-x86;linux-musl-arm;osx-arm64;linux-s390x;linux-loongarch64;linux-bionic-arm;linux-bionic-arm64;linux-bionic-x64;linux-bionic-x86;linux-ppc64le;freebsd-x64;freebsd-arm64;linux-riscv64;linux-musl-riscv64;linux-musl-loongarch64
                           RuntimePackNamePatterns = Microsoft.NETCore.App.Runtime.**RID**
                           TargetingPackVersion = 9.0.17
                           RuntimeFrameworkName = Microsoft.NETCore.App
                       Microsoft.WindowsDesktop.App
                           TargetFramework = net8.0
                           DefaultRuntimeFrameworkVersion = 8.0.0
                           TargetingPackName = Microsoft.WindowsDesktop.App.Ref
                           IsWindowsOnly = true
                           LatestRuntimeFrameworkVersion = 8.0.28
                           RuntimePackRuntimeIdentifiers = win-x64;win-x86;win-arm64
                           RuntimePackNamePatterns = Microsoft.WindowsDesktop.App.Runtime.**RID**
                           TargetingPackVersion = 8.0.28
                           RuntimeFrameworkName = Microsoft.WindowsDesktop.App
                       Microsoft.WindowsDesktop.App
                           TargetFramework = net7.0
                           DefaultRuntimeFrameworkVersion = 7.0.0
                           TargetingPackName = Microsoft.WindowsDesktop.App.Ref
                           IsWindowsOnly = true
                           LatestRuntimeFrameworkVersion = 7.0.20
                           RuntimePackRuntimeIdentifiers = win-x64;win-x86;win-arm64
                           RuntimePackNamePatterns = Microsoft.WindowsDesktop.App.Runtime.**RID**
                           TargetingPackVersion = 7.0.20
                           RuntimeFrameworkName = Microsoft.WindowsDesktop.App
                       Microsoft.WindowsDesktop.App
                           TargetFramework = netcoreapp3.1
                           DefaultRuntimeFrameworkVersion = 3.1.0
                           TargetingPackName = Microsoft.WindowsDesktop.App.Ref
                           IsWindowsOnly = true
                           LatestRuntimeFrameworkVersion = 3.1.32
                           RuntimePackRuntimeIdentifiers = win-x64;win-x86
                           RuntimePackNamePatterns = Microsoft.WindowsDesktop.App.Runtime.**RID**
                           TargetingPackVersion = 3.1.0
                           RuntimeFrameworkName = Microsoft.WindowsDesktop.App
                       Microsoft.WindowsDesktop.App
                           TargetFramework = net6.0
                           DefaultRuntimeFrameworkVersion = 6.0.0
                           TargetingPackName = Microsoft.WindowsDesktop.App.Ref
                           IsWindowsOnly = true
                           LatestRuntimeFrameworkVersion = 6.0.36
                           RuntimePackRuntimeIdentifiers = win-x64;win-x86;win-arm64
                           RuntimePackNamePatterns = Microsoft.WindowsDesktop.App.Runtime.**RID**
                           TargetingPackVersion = 6.0.36
                           RuntimeFrameworkName = Microsoft.WindowsDesktop.App
                       Microsoft.WindowsDesktop.App
                           TargetFramework = net10.0
                           DefaultRuntimeFrameworkVersion = 10.0.0
                           TargetingPackName = Microsoft.WindowsDesktop.App.Ref
                           IsWindowsOnly = true
                           LatestRuntimeFrameworkVersion = 10.0.9
                           RuntimePackRuntimeIdentifiers = win-x64;win-x86;win-arm64
                           RuntimePackNamePatterns = Microsoft.WindowsDesktop.App.Runtime.**RID**
                           TargetingPackVersion = 10.0.9
                           RuntimeFrameworkName = Microsoft.WindowsDesktop.App
                       Microsoft.WindowsDesktop.App
                           TargetFramework = netcoreapp3.0
                           DefaultRuntimeFrameworkVersion = 3.0.0
                           TargetingPackName = Microsoft.WindowsDesktop.App.Ref
                           IsWindowsOnly = true
                           LatestRuntimeFrameworkVersion = 3.0.3
                           RuntimePackRuntimeIdentifiers = win-x64;win-x86
                           RuntimePackNamePatterns = Microsoft.WindowsDesktop.App.Runtime.**RID**
                           TargetingPackVersion = 3.0.0
                           RuntimeFrameworkName = Microsoft.WindowsDesktop.App
                       Microsoft.WindowsDesktop.App
                           TargetFramework = net9.0
                           DefaultRuntimeFrameworkVersion = 9.0.0
                           TargetingPackName = Microsoft.WindowsDesktop.App.Ref
                           IsWindowsOnly = true
                           LatestRuntimeFrameworkVersion = 9.0.17
                           RuntimePackRuntimeIdentifiers = win-x64;win-x86;win-arm64
                           RuntimePackNamePatterns = Microsoft.WindowsDesktop.App.Runtime.**RID**
                           TargetingPackVersion = 9.0.17
                           RuntimeFrameworkName = Microsoft.WindowsDesktop.App
                       Microsoft.WindowsDesktop.App
                           TargetFramework = net5.0
                           DefaultRuntimeFrameworkVersion = 5.0.0
                           TargetingPackName = Microsoft.WindowsDesktop.App.Ref
                           IsWindowsOnly = true
                           LatestRuntimeFrameworkVersion = 5.0.17
                           RuntimePackRuntimeIdentifiers = win-x64;win-x86;win-arm64
                           RuntimePackNamePatterns = Microsoft.WindowsDesktop.App.Runtime.**RID**
                           TargetingPackVersion = 5.0.0
                           RuntimeFrameworkName = Microsoft.WindowsDesktop.App
                       Microsoft.WindowsDesktop.App.WindowsForms
                           TargetFramework = net6.0
                           DefaultRuntimeFrameworkVersion = 6.0.0
                           TargetingPackName = Microsoft.WindowsDesktop.App.Ref
                           IsWindowsOnly = true
                           LatestRuntimeFrameworkVersion = 6.0.36
                           RuntimePackRuntimeIdentifiers = win-x64;win-x86;win-arm64
                           RuntimePackNamePatterns = Microsoft.WindowsDesktop.App.Runtime.**RID**
                           TargetingPackVersion = 6.0.36
                           Profile = WindowsForms
                           RuntimeFrameworkName = Microsoft.WindowsDesktop.App
                       Microsoft.WindowsDesktop.App.WindowsForms
                           TargetFramework = net10.0
                           DefaultRuntimeFrameworkVersion = 10.0.0
                           TargetingPackName = Microsoft.WindowsDesktop.App.Ref
                           IsWindowsOnly = true
                           LatestRuntimeFrameworkVersion = 10.0.9
                           RuntimePackRuntimeIdentifiers = win-x64;win-x86;win-arm64
                           RuntimePackNamePatterns = Microsoft.WindowsDesktop.App.Runtime.**RID**
                           TargetingPackVersion = 10.0.9
                           Profile = WindowsForms
                           RuntimeFrameworkName = Microsoft.WindowsDesktop.App
                       Microsoft.WindowsDesktop.App.WindowsForms
                           TargetFramework = net5.0
                           DefaultRuntimeFrameworkVersion = 5.0.0
                           TargetingPackName = Microsoft.WindowsDesktop.App.Ref
                           IsWindowsOnly = true
                           LatestRuntimeFrameworkVersion = 5.0.17
                           RuntimePackRuntimeIdentifiers = win-x64;win-x86;win-arm64
                           RuntimePackNamePatterns = Microsoft.WindowsDesktop.App.Runtime.**RID**
                           TargetingPackVersion = 5.0.0
                           Profile = WindowsForms
                           RuntimeFrameworkName = Microsoft.WindowsDesktop.App
                       Microsoft.WindowsDesktop.App.WindowsForms
                           TargetFramework = netcoreapp3.1
                           DefaultRuntimeFrameworkVersion = 3.1.0
                           TargetingPackName = Microsoft.WindowsDesktop.App.Ref
                           IsWindowsOnly = true
                           LatestRuntimeFrameworkVersion = 3.1.32
                           RuntimePackRuntimeIdentifiers = win-x64;win-x86
                           RuntimePackNamePatterns = Microsoft.WindowsDesktop.App.Runtime.**RID**
                           TargetingPackVersion = 3.1.0
                           Profile = WindowsForms
                           RuntimeFrameworkName = Microsoft.WindowsDesktop.App
                       Microsoft.WindowsDesktop.App.WindowsForms
                           TargetFramework = net9.0
                           DefaultRuntimeFrameworkVersion = 9.0.0
                           TargetingPackName = Microsoft.WindowsDesktop.App.Ref
                           IsWindowsOnly = true
                           LatestRuntimeFrameworkVersion = 9.0.17
                           RuntimePackRuntimeIdentifiers = win-x64;win-x86;win-arm64
                           RuntimePackNamePatterns = Microsoft.WindowsDesktop.App.Runtime.**RID**
                           TargetingPackVersion = 9.0.17
                           Profile = WindowsForms
                           RuntimeFrameworkName = Microsoft.WindowsDesktop.App
                       Microsoft.WindowsDesktop.App.WindowsForms
                           TargetFramework = net7.0
                           DefaultRuntimeFrameworkVersion = 7.0.0
                           TargetingPackName = Microsoft.WindowsDesktop.App.Ref
                           IsWindowsOnly = true
                           LatestRuntimeFrameworkVersion = 7.0.20
                           RuntimePackRuntimeIdentifiers = win-x64;win-x86;win-arm64
                           RuntimePackNamePatterns = Microsoft.WindowsDesktop.App.Runtime.**RID**
                           TargetingPackVersion = 7.0.20
                           Profile = WindowsForms
                           RuntimeFrameworkName = Microsoft.WindowsDesktop.App
                       Microsoft.WindowsDesktop.App.WindowsForms
                           TargetFramework = netcoreapp3.0
                           DefaultRuntimeFrameworkVersion = 3.0.0
                           TargetingPackName = Microsoft.WindowsDesktop.App.Ref
                           IsWindowsOnly = true
                           LatestRuntimeFrameworkVersion = 3.0.3
                           RuntimePackRuntimeIdentifiers = win-x64;win-x86
                           RuntimePackNamePatterns = Microsoft.WindowsDesktop.App.Runtime.**RID**
                           TargetingPackVersion = 3.0.0
                           Profile = WindowsForms
                           RuntimeFrameworkName = Microsoft.WindowsDesktop.App
                       Microsoft.WindowsDesktop.App.WindowsForms
                           TargetFramework = net8.0
                           DefaultRuntimeFrameworkVersion = 8.0.0
                           TargetingPackName = Microsoft.WindowsDesktop.App.Ref
                           IsWindowsOnly = true
                           LatestRuntimeFrameworkVersion = 8.0.28
                           RuntimePackRuntimeIdentifiers = win-x64;win-x86;win-arm64
                           RuntimePackNamePatterns = Microsoft.WindowsDesktop.App.Runtime.**RID**
                           TargetingPackVersion = 8.0.28
                           Profile = WindowsForms
                           RuntimeFrameworkName = Microsoft.WindowsDesktop.App
                       Microsoft.WindowsDesktop.App.WPF
                           TargetFramework = netcoreapp3.0
                           DefaultRuntimeFrameworkVersion = 3.0.0
                           TargetingPackName = Microsoft.WindowsDesktop.App.Ref
                           IsWindowsOnly = true
                           LatestRuntimeFrameworkVersion = 3.0.3
                           RuntimePackRuntimeIdentifiers = win-x64;win-x86
                           RuntimePackNamePatterns = Microsoft.WindowsDesktop.App.Runtime.**RID**
                           TargetingPackVersion = 3.0.0
                           Profile = WPF
                           RuntimeFrameworkName = Microsoft.WindowsDesktop.App
                       Microsoft.WindowsDesktop.App.WPF
                           TargetFramework = net8.0
                           DefaultRuntimeFrameworkVersion = 8.0.0
                           TargetingPackName = Microsoft.WindowsDesktop.App.Ref
                           IsWindowsOnly = true
                           LatestRuntimeFrameworkVersion = 8.0.28
                           RuntimePackRuntimeIdentifiers = win-x64;win-x86;win-arm64
                           RuntimePackNamePatterns = Microsoft.WindowsDesktop.App.Runtime.**RID**
                           TargetingPackVersion = 8.0.28
                           Profile = WPF
                           RuntimeFrameworkName = Microsoft.WindowsDesktop.App
                       Microsoft.WindowsDesktop.App.WPF
                           TargetFramework = net5.0
                           DefaultRuntimeFrameworkVersion = 5.0.0
                           TargetingPackName = Microsoft.WindowsDesktop.App.Ref
                           IsWindowsOnly = true
                           LatestRuntimeFrameworkVersion = 5.0.17
                           RuntimePackRuntimeIdentifiers = win-x64;win-x86;win-arm64
                           RuntimePackNamePatterns = Microsoft.WindowsDesktop.App.Runtime.**RID**
                           TargetingPackVersion = 5.0.0
                           Profile = WPF
                           RuntimeFrameworkName = Microsoft.WindowsDesktop.App
                       Microsoft.WindowsDesktop.App.WPF
                           TargetFramework = netcoreapp3.1
                           DefaultRuntimeFrameworkVersion = 3.1.0
                           TargetingPackName = Microsoft.WindowsDesktop.App.Ref
                           IsWindowsOnly = true
                           LatestRuntimeFrameworkVersion = 3.1.32
                           RuntimePackRuntimeIdentifiers = win-x64;win-x86
                           RuntimePackNamePatterns = Microsoft.WindowsDesktop.App.Runtime.**RID**
                           TargetingPackVersion = 3.1.0
                           Profile = WPF
                           RuntimeFrameworkName = Microsoft.WindowsDesktop.App
                       Microsoft.WindowsDesktop.App.WPF
                           TargetFramework = net9.0
                           DefaultRuntimeFrameworkVersion = 9.0.0
                           TargetingPackName = Microsoft.WindowsDesktop.App.Ref
                           IsWindowsOnly = true
                           LatestRuntimeFrameworkVersion = 9.0.17
                           RuntimePackRuntimeIdentifiers = win-x64;win-x86;win-arm64
                           RuntimePackNamePatterns = Microsoft.WindowsDesktop.App.Runtime.**RID**
                           TargetingPackVersion = 9.0.17
                           Profile = WPF
                           RuntimeFrameworkName = Microsoft.WindowsDesktop.App
                       Microsoft.WindowsDesktop.App.WPF
                           TargetFramework = net6.0
                           DefaultRuntimeFrameworkVersion = 6.0.0
                           TargetingPackName = Microsoft.WindowsDesktop.App.Ref
                           IsWindowsOnly = true
                           LatestRuntimeFrameworkVersion = 6.0.36
                           RuntimePackRuntimeIdentifiers = win-x64;win-x86;win-arm64
                           RuntimePackNamePatterns = Microsoft.WindowsDesktop.App.Runtime.**RID**
                           TargetingPackVersion = 6.0.36
                           Profile = WPF
                           RuntimeFrameworkName = Microsoft.WindowsDesktop.App
                       Microsoft.WindowsDesktop.App.WPF
                           TargetFramework = net7.0
                           DefaultRuntimeFrameworkVersion = 7.0.0
                           TargetingPackName = Microsoft.WindowsDesktop.App.Ref
                           IsWindowsOnly = true
                           LatestRuntimeFrameworkVersion = 7.0.20
                           RuntimePackRuntimeIdentifiers = win-x64;win-x86;win-arm64
                           RuntimePackNamePatterns = Microsoft.WindowsDesktop.App.Runtime.**RID**
                           TargetingPackVersion = 7.0.20
                           Profile = WPF
                           RuntimeFrameworkName = Microsoft.WindowsDesktop.App
                       Microsoft.WindowsDesktop.App.WPF
                           TargetFramework = net10.0
                           DefaultRuntimeFrameworkVersion = 10.0.0
                           TargetingPackName = Microsoft.WindowsDesktop.App.Ref
                           IsWindowsOnly = true
                           LatestRuntimeFrameworkVersion = 10.0.9
                           RuntimePackRuntimeIdentifiers = win-x64;win-x86;win-arm64
                           RuntimePackNamePatterns = Microsoft.WindowsDesktop.App.Runtime.**RID**
                           TargetingPackVersion = 10.0.9
                           Profile = WPF
                           RuntimeFrameworkName = Microsoft.WindowsDesktop.App
                       NETStandard.Library
                           TargetFramework = netstandard2.1
                           TargetingPackName = NETStandard.Library.Ref
                           TargetingPackVersion = 2.1.0
                   KnownILCompilerPack
                       Microsoft.DotNet.ILCompiler
                           ILCompilerPackNamePattern = runtime.**RID**.Microsoft.DotNet.ILCompiler
                           ILCompilerRuntimePackNamePattern = Microsoft.NETCore.App.Runtime.NativeAOT.**RID**
                           TargetFramework = net10.0
                           ILCompilerPackVersion = 10.0.9
                           ILCompilerRuntimeIdentifiers = linux-arm64;linux-musl-arm64;linux-musl-x64;linux-x64;win-arm64;win-x64;osx-x64;osx-arm64;freebsd-x64;freebsd-arm64;linux-arm;linux-musl-arm;linux-loongarch64;linux-musl-loongarch64;win-x86;linux-riscv64;linux-musl-riscv64
                           ILCompilerPortableRuntimeIdentifiers = linux-arm64;linux-musl-arm64;linux-musl-x64;linux-x64;win-arm64;win-x64;osx-x64;osx-arm64;freebsd-x64;freebsd-arm64;linux-arm;linux-musl-arm;linux-loongarch64;linux-musl-loongarch64;win-x86;linux-riscv64;linux-musl-riscv64
                       Microsoft.DotNet.ILCompiler
                           ILCompilerPackNamePattern = runtime.**RID**.Microsoft.DotNet.ILCompiler
                           TargetFramework = net9.0
                           ILCompilerPackVersion = 9.0.17
                           ILCompilerRuntimeIdentifiers = linux-arm64;linux-musl-arm64;linux-musl-x64;linux-x64;win-arm64;win-x64;osx-x64;osx-arm64;freebsd-x64;freebsd-arm64;linux-arm;linux-musl-arm;linux-loongarch64;linux-musl-loongarch64;win-x86
                       Microsoft.DotNet.ILCompiler
                           ILCompilerPackNamePattern = runtime.**RID**.Microsoft.DotNet.ILCompiler
                           TargetFramework = net8.0
                           ILCompilerPackVersion = 8.0.28
                           ILCompilerRuntimeIdentifiers = linux-arm64;linux-musl-arm64;linux-musl-x64;linux-x64;win-arm64;win-x64;osx-x64;osx-arm64;freebsd-x64;freebsd-arm64
                       Microsoft.DotNet.ILCompiler
                           ILCompilerPackNamePattern = runtime.**RID**.Microsoft.DotNet.ILCompiler
                           TargetFramework = net7.0
                           ILCompilerPackVersion = 7.0.20
                           ILCompilerRuntimeIdentifiers = linux-arm64;linux-musl-arm64;linux-musl-x64;linux-x64;win-arm64;win-x64
                   KnownILLinkPack
                       Microsoft.NET.ILLink.Tasks
                           TargetFramework = net10.0
                           ILLinkPackVersion = 10.0.9
                       Microsoft.NET.ILLink.Tasks
                           TargetFramework = net9.0
                           ILLinkPackVersion = 9.0.17
                       Microsoft.NET.ILLink.Tasks
                           TargetFramework = net8.0
                           ILLinkPackVersion = 8.0.28
                       Microsoft.NET.ILLink.Tasks
                           TargetFramework = net7.0
                           ILLinkPackVersion = 7.0.100-1.23211.1
                       Microsoft.NET.ILLink.Tasks
                           TargetFramework = net6.0
                           ILLinkPackVersion = 7.0.100-1.23211.1
                       Microsoft.NET.ILLink.Tasks
                           TargetFramework = net5.0
                           ILLinkPackVersion = 7.0.100-1.23211.1
                       Microsoft.NET.ILLink.Tasks
                           TargetFramework = netcoreapp3.1
                           ILLinkPackVersion = 7.0.100-1.23211.1
                       Microsoft.NET.ILLink.Tasks
                           TargetFramework = netcoreapp3.0
                           ILLinkPackVersion = 7.0.100-1.23211.1
                   KnownRuntimePack
                       Microsoft.NETCore.App
                           TargetFramework = net10.0
                           LatestRuntimeFrameworkVersion = 10.0.9
                           RuntimePackRuntimeIdentifiers = ios-arm64;iossimulator-arm64;iossimulator-x64;tvos-arm64;tvossimulator-arm64;tvossimulator-x64;maccatalyst-arm64;maccatalyst-x64;linux-bionic-arm64;linux-bionic-x64;osx-arm64;osx-x64;freebsd-arm64;freebsd-x64;linux-x64;linux-arm;linux-arm64;linux-loongarch64;linux-bionic-arm;linux-musl-x64;linux-musl-arm;linux-musl-arm64;linux-musl-loongarch64;win-x64;win-x86;win-arm64;browser-wasm;wasi-wasm;linux-riscv64;linux-musl-riscv64;android-arm64;android-x64
                           RuntimePackNamePatterns = Microsoft.NETCore.App.Runtime.NativeAOT.**RID**
                           RuntimePackLabels = NativeAOT
                           RuntimeFrameworkName = Microsoft.NETCore.App
                       Microsoft.NETCore.App
                           TargetFramework = net10.0
                           LatestRuntimeFrameworkVersion = 10.0.9
                           RuntimePackRuntimeIdentifiers = linux-arm;linux-arm64;linux-musl-arm64;linux-musl-x64;linux-x64;osx-x64;win-arm64;win-x64;win-x86;linux-musl-arm;osx-arm64;linux-s390x;linux-loongarch64;browser-wasm;ios-arm64;ios-arm;iossimulator-arm64;iossimulator-x64;iossimulator-x86;tvos-arm64;tvossimulator-arm64;tvossimulator-x64;maccatalyst-x64;maccatalyst-arm64;android-arm64;android-arm;android-x64;android-x86;freebsd-x64;freebsd-arm64;wasi-wasm;linux-riscv64;linux-musl-riscv64;linux-loongarch64;linux-musl-loongarch64
                           RuntimePackNamePatterns = Microsoft.NETCore.App.Runtime.Mono.**RID**
                           RuntimePackLabels = Mono
                           RuntimeFrameworkName = Microsoft.NETCore.App
                       Microsoft.NETCore.App
                           TargetFramework = net9.0
                           LatestRuntimeFrameworkVersion = 9.0.17
                           RuntimePackRuntimeIdentifiers = ios-arm64;iossimulator-arm64;iossimulator-x64;tvos-arm64;tvossimulator-arm64;tvossimulator-x64;maccatalyst-arm64;maccatalyst-x64;linux-bionic-arm64;linux-bionic-x64;osx-arm64;osx-x64;freebsd-arm64;freebsd-x64;linux-x64;linux-arm;linux-arm64;linux-loongarch64;linux-bionic-arm;linux-musl-x64;linux-musl-arm;linux-musl-arm64;linux-musl-loongarch64;win-x64;win-x86;win-arm64;browser-wasm;wasi-wasm
                           RuntimePackNamePatterns = Microsoft.NETCore.App.Runtime.NativeAOT.**RID**
                           RuntimePackLabels = NativeAOT
                           RuntimeFrameworkName = Microsoft.NETCore.App
                       Microsoft.NETCore.App
                           TargetFramework = net9.0
                           LatestRuntimeFrameworkVersion = 9.0.17
                           RuntimePackRuntimeIdentifiers = linux-arm;linux-arm64;linux-musl-arm64;linux-musl-x64;linux-x64;osx-x64;win-arm64;win-x64;win-x86;linux-musl-arm;osx-arm64;linux-s390x;linux-loongarch64;browser-wasm;ios-arm64;ios-arm;iossimulator-arm64;iossimulator-x64;iossimulator-x86;tvos-arm64;tvossimulator-arm64;tvossimulator-x64;maccatalyst-x64;maccatalyst-arm64;android-arm64;android-arm;android-x64;android-x86;freebsd-x64;freebsd-arm64;wasi-wasm;linux-riscv64;linux-musl-riscv64;linux-loongarch64;linux-musl-loongarch64
                           RuntimePackNamePatterns = Microsoft.NETCore.App.Runtime.Mono.**RID**
                           RuntimePackLabels = Mono
                           RuntimeFrameworkName = Microsoft.NETCore.App
                       Microsoft.NETCore.App
                           TargetFramework = net8.0
                           LatestRuntimeFrameworkVersion = 8.0.28
                           RuntimePackRuntimeIdentifiers = ios-arm64;iossimulator-arm64;iossimulator-x64;tvos-arm64;tvossimulator-arm64;tvossimulator-x64;maccatalyst-arm64;maccatalyst-x64;linux-bionic-arm64;linux-bionic-x64;osx-arm64;osx-x64;freebsd-arm64;freebsd-x64
                           RuntimePackNamePatterns = Microsoft.NETCore.App.Runtime.NativeAOT.**RID**
                           RuntimePackLabels = NativeAOT
                           RuntimeFrameworkName = Microsoft.NETCore.App
                       Microsoft.NETCore.App
                           TargetFramework = net8.0
                           LatestRuntimeFrameworkVersion = 8.0.28
                           RuntimePackRuntimeIdentifiers = linux-arm;linux-arm64;linux-musl-arm64;linux-musl-x64;linux-x64;osx-x64;win-arm64;win-x64;win-x86;linux-musl-arm;osx-arm64;linux-s390x;linux-loongarch64;browser-wasm;ios-arm64;ios-arm;iossimulator-arm64;iossimulator-x64;iossimulator-x86;tvos-arm64;tvossimulator-arm64;tvossimulator-x64;maccatalyst-x64;maccatalyst-arm64;android-arm64;android-arm;android-x64;android-x86;freebsd-x64;freebsd-arm64;wasi-wasm
                           RuntimePackNamePatterns = Microsoft.NETCore.App.Runtime.Mono.**RID**
                           RuntimePackLabels = Mono
                           RuntimeFrameworkName = Microsoft.NETCore.App
                       Microsoft.NETCore.App
                           TargetFramework = net7.0
                           LatestRuntimeFrameworkVersion = 7.0.20
                           RuntimePackRuntimeIdentifiers = linux-arm;linux-arm64;linux-musl-arm64;linux-musl-x64;linux-x64;osx-x64;win-arm;win-arm64;win-x64;win-x86;linux-musl-arm;osx-arm64;linux-s390x;linux-loongarch64;browser-wasm;ios-arm64;ios-arm;iossimulator-arm64;iossimulator-x64;iossimulator-x86;tvos-arm64;tvossimulator-arm64;tvossimulator-x64;maccatalyst-x64;maccatalyst-arm64;android-arm64;android-arm;android-x64;android-x86
                           RuntimePackNamePatterns = Microsoft.NETCore.App.Runtime.Mono.**RID**
                           RuntimePackLabels = Mono
                           RuntimeFrameworkName = Microsoft.NETCore.App
                       Microsoft.NETCore.App
                           TargetFramework = net6.0
                           LatestRuntimeFrameworkVersion = 6.0.36
                           RuntimePackRuntimeIdentifiers = linux-arm;linux-arm64;linux-musl-arm64;linux-musl-x64;linux-x64;osx-x64;win-arm;win-arm64;win-x64;win-x86;linux-musl-arm;osx-arm64;linux-s390x;linux-loongarch64;browser-wasm;ios-arm64;ios-arm;iossimulator-arm64;iossimulator-x64;iossimulator-x86;tvos-arm64;tvossimulator-arm64;tvossimulator-x64;maccatalyst-x64;maccatalyst-arm64;android-arm64;android-arm;android-x64;android-x86
                           RuntimePackNamePatterns = Microsoft.NETCore.App.Runtime.Mono.**RID**
                           RuntimePackLabels = Mono
                           RuntimeFrameworkName = Microsoft.NETCore.App
                   KnownWebAssemblySdkPack
                       Microsoft.NET.Sdk.WebAssembly.Pack
                           TargetFramework = net10.0
                           WebAssemblySdkPackVersion = 10.0.9
                       Microsoft.NET.Sdk.WebAssembly.Pack
                           TargetFramework = net9.0
                           WebAssemblySdkPackVersion = 10.0.9
                       Microsoft.NET.Sdk.WebAssembly.Pack
                           TargetFramework = net8.0
                           WebAssemblySdkPackVersion = 10.0.9
                       Microsoft.NET.Sdk.WebAssembly.Pack
                           TargetFramework = net7.0
                           WebAssemblySdkPackVersion = 10.0.9
                       Microsoft.NET.Sdk.WebAssembly.Pack
                           TargetFramework = net6.0
                           WebAssemblySdkPackVersion = 10.0.9
                   PackageConflictOverrides
                       NETStandard.Library
                           OverriddenPackages = 
                           Microsoft.Win32.Primitives|4.3.0;
                           System.AppContext|4.3.0;
                           System.Collections|4.3.0;
                           System.Collections.Concurrent|4.3.0;
                           System.Collections.Immutable|1.4.0;
                           System.Collections.NonGeneric|4.3.0;
                           System.Collections.Specialized|4.3.0;
                           System.ComponentModel|4.3.0;
                           System.ComponentModel.EventBasedAsync|4.3.0;
                           System.ComponentModel.Primitives|4.3.0;
                           System.ComponentModel.TypeConverter|4.3.0;
                           System.Console|4.3.0;
                           System.Data.Common|4.3.0;
                           System.Diagnostics.Contracts|4.3.0;
                           System.Diagnostics.Debug|4.3.0;
                           System.Diagnostics.FileVersionInfo|4.3.0;
                           System.Diagnostics.Process|4.3.0;
                           System.Diagnostics.StackTrace|4.3.0;
                           System.Diagnostics.TextWriterTraceListener|4.3.0;
                           System.Diagnostics.Tools|4.3.0;
                           System.Diagnostics.TraceSource|4.3.0;
                           System.Diagnostics.Tracing|4.3.0;
                           System.Dynamic.Runtime|4.3.0;
                           System.Globalization|4.3.0;
                           System.Globalization.Calendars|4.3.0;
                           System.Globalization.Extensions|4.3.0;
                           System.IO|4.3.0;
                           System.IO.Compression|4.3.0;
                           System.IO.Compression.ZipFile|4.3.0;
                           System.IO.FileSystem|4.3.0;
                           System.IO.FileSystem.DriveInfo|4.3.0;
                           System.IO.FileSystem.Primitives|4.3.0;
                           System.IO.FileSystem.Watcher|4.3.0;
                           System.IO.IsolatedStorage|4.3.0;
                           System.IO.MemoryMappedFiles|4.3.0;
                           System.IO.Pipes|4.3.0;
                           System.IO.UnmanagedMemoryStream|4.3.0;
                           System.Linq|4.3.0;
                           System.Linq.Expressions|4.3.0;
                           System.Linq.Queryable|4.3.0;
                           System.Net.Http|4.3.0;
                           System.Net.NameResolution|4.3.0;
                           System.Net.Primitives|4.3.0;
                           System.Net.Requests|4.3.0;
                           System.Net.Security|4.3.0;
                           System.Net.Sockets|4.3.0;
                           System.Net.WebHeaderCollection|4.3.0;
                           System.ObjectModel|4.3.0;
                           System.Private.DataContractSerialization|4.3.0;
                           System.Reflection|4.3.0;
                           System.Reflection.Emit|4.3.0;
                           System.Reflection.Emit.ILGeneration|4.3.0;
                           System.Reflection.Emit.Lightweight|4.3.0;
                           System.Reflection.Extensions|4.3.0;
                           System.Reflection.Primitives|4.3.0;
                           System.Reflection.TypeExtensions|4.3.0;
                           System.Resources.ResourceManager|4.3.0;
                           System.Runtime|4.3.0;
                           System.Runtime.Extensions|4.3.0;
                           System.Runtime.Handles|4.3.0;
                           System.Runtime.InteropServices|4.3.0;
                           System.Runtime.InteropServices.RuntimeInformation|4.3.0;
                           System.Runtime.Loader|4.3.0;
                           System.Runtime.Numerics|4.3.0;
                           System.Runtime.Serialization.Formatters|4.3.0;
                           System.Runtime.Serialization.Json|4.3.0;
                           System.Runtime.Serialization.Primitives|4.3.0;
                           System.Security.AccessControl|4.4.0;
                           System.Security.Claims|4.3.0;
                           System.Security.Cryptography.Algorithms|4.3.0;
                           System.Security.Cryptography.Csp|4.3.0;
                           System.Security.Cryptography.Encoding|4.3.0;
                           System.Security.Cryptography.Primitives|4.3.0;
                           System.Security.Cryptography.X509Certificates|4.3.0;
                           System.Security.Cryptography.Xml|4.4.0;
                           System.Security.Principal|4.3.0;
                           System.Security.Principal.Windows|4.4.0;
                           System.Text.Encoding|4.3.0;
                           System.Text.Encoding.Extensions|4.3.0;
                           System.Text.RegularExpressions|4.3.0;
                           System.Threading|4.3.0;
                           System.Threading.Overlapped|4.3.0;
                           System.Threading.Tasks|4.3.0;
                           System.Threading.Tasks.Extensions|4.3.0;
                           System.Threading.Tasks.Parallel|4.3.0;
                           System.Threading.Thread|4.3.0;
                           System.Threading.ThreadPool|4.3.0;
                           System.Threading.Timer|4.3.0;
                           System.ValueTuple|4.3.0;
                           System.Xml.ReaderWriter|4.3.0;
                           System.Xml.XDocument|4.3.0;
                           System.Xml.XmlDocument|4.3.0;
                           System.Xml.XmlSerializer|4.3.0;
                           System.Xml.XPath|4.3.0;
                           System.Xml.XPath.XDocument|4.3.0;
                         
                   PreprocessorValue
                       assemblyname
                           Value = NikkiLoader
                       filename
                           Value = NikkiLoader.csproj
                       fullpath
                           Value = D:\Project\AssetRipper\.workbuddy\tmp\NikkiLoader
                       outputfilename
                           Value = NikkiLoader.dll
                       rootnamespace
                           Value = NikkiLoader
                   ProjectCapability
                       AllTargetOutputGroups
                       AssemblyReferences
                       COMReferences
                       CrossPlatformExecutable
                       CSharp
                       DeclaredSourceItems
                       GenerateDocumentationFile
                       LanguageService
                       Managed
                       NativeAOT
                       NetSdkOCIImageBuild
                       OutputGroups
                       Pack
                       ProjectReferences
                       ReferencesFolder
                       RelativePathDerivedDefaultNamespace
                       SharedProjectReferences
                       SingleFileGenerators
                       SupportsComputeRunCommand
                       SupportsHotReload
                       UserSourceItems
                       VisualStudioWellKnownOutputGroups
                   PropertyPageSchema
                       C:\Program Files\dotnet\sdk\10.0.301\\assemblyreference.xaml
                           Context = ;BrowseObject
                       C:\Program Files\dotnet\sdk\10.0.301\\COMReference.xaml
                           Context = ;BrowseObject
                       C:\Program Files\dotnet\sdk\10.0.301\\Content.xaml
                           Context = File;BrowseObject
                       C:\Program Files\dotnet\sdk\10.0.301\\CSharp.BrowseObject.xaml
                           Context = BrowseObject
                       C:\Program Files\dotnet\sdk\10.0.301\\CSharp.ProjectItemsSchema.xaml
                       C:\Program Files\dotnet\sdk\10.0.301\\CSharp.xaml
                           Context = File
                       C:\Program Files\dotnet\sdk\10.0.301\\Debugger_General.xaml
                           Context = Project
                       C:\Program Files\dotnet\sdk\10.0.301\\EmbeddedResource.xaml
                           Context = File;BrowseObject
                       C:\Program Files\dotnet\sdk\10.0.301\\Folder.xaml
                           Context = File;BrowseObject
                       C:\Program Files\dotnet\sdk\10.0.301\\General_File.xaml
                           Context = File
                       C:\Program Files\dotnet\sdk\10.0.301\\General.BrowseObject.xaml
                           Context = BrowseObject
                       C:\Program Files\dotnet\sdk\10.0.301\\General.xaml
                           Context = Project
                       C:\Program Files\dotnet\sdk\10.0.301\\None.xaml
                           Context = File;BrowseObject
                       C:\Program Files\dotnet\sdk\10.0.301\\ProjectItemsSchema.xaml
                       C:\Program Files\dotnet\sdk\10.0.301\\ProjectReference.xaml
                           Context = ;BrowseObject
                       C:\Program Files\dotnet\sdk\10.0.301\\ResolvedAssemblyReference.xaml
                           Context = ProjectSubscriptionService;BrowseObject
                       C:\Program Files\dotnet\sdk\10.0.301\\ResolvedCOMReference.xaml
                           Context = ProjectSubscriptionService;BrowseObject
                       C:\Program Files\dotnet\sdk\10.0.301\\ResolvedProjectReference.xaml
                           Context = ProjectSubscriptionService;BrowseObject
                       C:\Program Files\dotnet\sdk\10.0.301\\SCC.xaml
                           Context = Invisible
                       C:\Program Files\dotnet\sdk\10.0.301\\SpecialFolder.xaml
                           Context = File;ProjectSubscriptionService
                   Reference
                       AssetRipper.Assets
                           HintPath = D:\Project\AssetRipper\Source\0Bins\AssetRipper.GUI.Free\Debug\AssetRipper.Assets.dll
                       AssetRipper.Configuration
                           HintPath = D:\Project\AssetRipper\Source\0Bins\AssetRipper.GUI.Free\Debug\AssetRipper.Configuration.dll
                       AssetRipper.Export
                           HintPath = D:\Project\AssetRipper\Source\0Bins\AssetRipper.GUI.Free\Debug\AssetRipper.Export.dll
                       AssetRipper.Export.UnityProjects
                           HintPath = D:\Project\AssetRipper\Source\0Bins\AssetRipper.GUI.Free\Debug\AssetRipper.Export.UnityProjects.dll
                       AssetRipper.Import
                           HintPath = D:\Project\AssetRipper\Source\0Bins\AssetRipper.GUI.Free\Debug\AssetRipper.Import.dll
                       AssetRipper.IO.Files
                           HintPath = D:\Project\AssetRipper\Source\0Bins\AssetRipper.GUI.Free\Debug\AssetRipper.IO.Files.dll
                       AssetRipper.Logging
                           HintPath = D:\Project\AssetRipper\Source\0Bins\AssetRipper.GUI.Free\Debug\AssetRipper.Logging.dll
                       AssetRipper.Numerics
                           HintPath = D:\Project\AssetRipper\Source\0Bins\AssetRipper.GUI.Free\Debug\AssetRipper.Numerics.dll
                   RegFreeComManifest
                       obj\Debug\net10.0\NikkiLoader.X.manifest
                   RuntimeHostConfigurationOption
                       System.Globalization.Invariant
                           Value = true
                           Trim = true
                       System.Globalization.PredefinedCulturesOnly
                           Value = true
                           Trim = true
                       System.Runtime.Serialization.EnableUnsafeBinaryFormatterSerialization
                           Value = false
                           Trim = true
                   SdkSupportedTargetPlatformIdentifier
                       android
                           DisplayName = Android
                       ios
                           DisplayName = iOS
                       maccatalyst
                           DisplayName = MacCatalyst
                       macos
                           DisplayName = macOS
                       tvos
                           DisplayName = tvOS
                       windows
                           DisplayName = Windows
                   SourceLinkAzureReposGitHost
                       dev.azure.com
                       visualstudio.com
                       vsts.me
                   SourceLinkBitbucketGitHost
                       bitbucket.org
                           EnterpriseEdition = false
                   SourceLinkGitHubHost
                       github.com
                           ContentUrl = https://raw.githubusercontent.com
                   SourceLinkGitLabHost
                       gitlab.com
                   SupportedNETCoreAppTargetFramework
                       .NETCoreApp,Version=v1.0
                           DisplayName = .NET Core 1.0
                           Alias = netcoreapp1.0
                       .NETCoreApp,Version=v1.1
                           DisplayName = .NET Core 1.1
                           Alias = netcoreapp1.1
                       .NETCoreApp,Version=v10.0
                           DisplayName = .NET 10.0
                           Alias = net10.0
                       .NETCoreApp,Version=v2.0
                           DisplayName = .NET Core 2.0
                           Alias = netcoreapp2.0
                       .NETCoreApp,Version=v2.1
                           DisplayName = .NET Core 2.1
                           Alias = netcoreapp2.1
                       .NETCoreApp,Version=v2.2
                           DisplayName = .NET Core 2.2
                           Alias = netcoreapp2.2
                       .NETCoreApp,Version=v3.0
                           DisplayName = .NET Core 3.0
                           Alias = netcoreapp3.0
                       .NETCoreApp,Version=v3.1
                           DisplayName = .NET Core 3.1
                           Alias = netcoreapp3.1
                       .NETCoreApp,Version=v5.0
                           DisplayName = .NET 5.0
                           Alias = net5.0
                       .NETCoreApp,Version=v6.0
                           DisplayName = .NET 6.0
                           Alias = net6.0
                       .NETCoreApp,Version=v7.0
                           DisplayName = .NET 7.0
                           Alias = net7.0
                       .NETCoreApp,Version=v8.0
                           DisplayName = .NET 8.0
                           Alias = net8.0
                       .NETCoreApp,Version=v9.0
                           DisplayName = .NET 9.0
                           Alias = net9.0
                   SupportedNETFrameworkTargetFramework
                       .NETFramework,Version=v2.0
                           DisplayName = .NET Framework 2.0
                           Alias = net20
                       .NETFramework,Version=v3.0
                           DisplayName = .NET Framework 3.0
                           Alias = net30
                       .NETFramework,Version=v3.5
                           DisplayName = .NET Framework 3.5
                           Alias = net35
                       .NETFramework,Version=v4.0
                           DisplayName = .NET Framework 4.0
                           Alias = net40
                       .NETFramework,Version=v4.5
                           DisplayName = .NET Framework 4.5
                           Alias = net45
                       .NETFramework,Version=v4.5.1
                           DisplayName = .NET Framework 4.5.1
                           Alias = net451
                       .NETFramework,Version=v4.5.2
                           DisplayName = .NET Framework 4.5.2
                           Alias = net452
                       .NETFramework,Version=v4.6
                           DisplayName = .NET Framework 4.6
                           Alias = net46
                       .NETFramework,Version=v4.6.1
                           DisplayName = .NET Framework 4.6.1
                           Alias = net461
                       .NETFramework,Version=v4.6.2
                           DisplayName = .NET Framework 4.6.2
                           Alias = net462
                       .NETFramework,Version=v4.7
                           DisplayName = .NET Framework 4.7
                           Alias = net47
                       .NETFramework,Version=v4.7.1
                           DisplayName = .NET Framework 4.7.1
                           Alias = net471
                       .NETFramework,Version=v4.7.2
                           DisplayName = .NET Framework 4.7.2
                           Alias = net472
                       .NETFramework,Version=v4.8
                           DisplayName = .NET Framework 4.8
                           Alias = net48
                       .NETFramework,Version=v4.8.1
                           DisplayName = .NET Framework 4.8.1
                           Alias = net481
                   SupportedNETStandardTargetFramework
                       .NETStandard,Version=v1.0
                           DisplayName = .NET Standard 1.0
                           Alias = netstandard1.0
                       .NETStandard,Version=v1.1
                           DisplayName = .NET Standard 1.1
                           Alias = netstandard1.1
                       .NETStandard,Version=v1.2
                           DisplayName = .NET Standard 1.2
                           Alias = netstandard1.2
                       .NETStandard,Version=v1.3
                           DisplayName = .NET Standard 1.3
                           Alias = netstandard1.3
                       .NETStandard,Version=v1.4
                           DisplayName = .NET Standard 1.4
                           Alias = netstandard1.4
                       .NETStandard,Version=v1.5
                           DisplayName = .NET Standard 1.5
                           Alias = netstandard1.5
                       .NETStandard,Version=v1.6
                           DisplayName = .NET Standard 1.6
                           Alias = netstandard1.6
                       .NETStandard,Version=v2.0
                           DisplayName = .NET Standard 2.0
                           Alias = netstandard2.0
                       .NETStandard,Version=v2.1
                           DisplayName = .NET Standard 2.1
                           Alias = netstandard2.1
                   SupportedPlatform
                       Linux
                       macOS
                       Windows
                   SupportedTargetFramework
                       .NETCoreApp,Version=v1.0
                           DisplayName = .NET Core 1.0
                           Alias = netcoreapp1.0
                       .NETCoreApp,Version=v1.1
                           DisplayName = .NET Core 1.1
                           Alias = netcoreapp1.1
                       .NETCoreApp,Version=v10.0
                           DisplayName = .NET 10.0
                           Alias = net10.0
                       .NETCoreApp,Version=v2.0
                           DisplayName = .NET Core 2.0
                           Alias = netcoreapp2.0
                       .NETCoreApp,Version=v2.1
                           DisplayName = .NET Core 2.1
                           Alias = netcoreapp2.1
                       .NETCoreApp,Version=v2.2
                           DisplayName = .NET Core 2.2
                           Alias = netcoreapp2.2
                       .NETCoreApp,Version=v3.0
                           DisplayName = .NET Core 3.0
                           Alias = netcoreapp3.0
                       .NETCoreApp,Version=v3.1
                           DisplayName = .NET Core 3.1
                           Alias = netcoreapp3.1
                       .NETCoreApp,Version=v5.0
                           DisplayName = .NET 5.0
                           Alias = net5.0
                       .NETCoreApp,Version=v6.0
                           DisplayName = .NET 6.0
                           Alias = net6.0
                       .NETCoreApp,Version=v7.0
                           DisplayName = .NET 7.0
                           Alias = net7.0
                       .NETCoreApp,Version=v8.0
                           DisplayName = .NET 8.0
                           Alias = net8.0
                       .NETCoreApp,Version=v9.0
                           DisplayName = .NET 9.0
                           Alias = net9.0
                       .NETFramework,Version=v2.0
                           DisplayName = .NET Framework 2.0
                           Alias = net20
                       .NETFramework,Version=v3.0
                           DisplayName = .NET Framework 3.0
                           Alias = net30
                       .NETFramework,Version=v3.5
                           DisplayName = .NET Framework 3.5
                           Alias = net35
                       .NETFramework,Version=v4.0
                           DisplayName = .NET Framework 4.0
                           Alias = net40
                       .NETFramework,Version=v4.5
                           DisplayName = .NET Framework 4.5
                           Alias = net45
                       .NETFramework,Version=v4.5.1
                           DisplayName = .NET Framework 4.5.1
                           Alias = net451
                       .NETFramework,Version=v4.5.2
                           DisplayName = .NET Framework 4.5.2
                           Alias = net452
                       .NETFramework,Version=v4.6
                           DisplayName = .NET Framework 4.6
                           Alias = net46
                       .NETFramework,Version=v4.6.1
                           DisplayName = .NET Framework 4.6.1
                           Alias = net461
                       .NETFramework,Version=v4.6.2
                           DisplayName = .NET Framework 4.6.2
                           Alias = net462
                       .NETFramework,Version=v4.7
                           DisplayName = .NET Framework 4.7
                           Alias = net47
                       .NETFramework,Version=v4.7.1
                           DisplayName = .NET Framework 4.7.1
                           Alias = net471
                       .NETFramework,Version=v4.7.2
                           DisplayName = .NET Framework 4.7.2
                           Alias = net472
                       .NETFramework,Version=v4.8
                           DisplayName = .NET Framework 4.8
                           Alias = net48
                       .NETFramework,Version=v4.8.1
                           DisplayName = .NET Framework 4.8.1
                           Alias = net481
                       .NETStandard,Version=v1.0
                           DisplayName = .NET Standard 1.0
                           Alias = netstandard1.0
                       .NETStandard,Version=v1.1
                           DisplayName = .NET Standard 1.1
                           Alias = netstandard1.1
                       .NETStandard,Version=v1.2
                           DisplayName = .NET Standard 1.2
                           Alias = netstandard1.2
                       .NETStandard,Version=v1.3
                           DisplayName = .NET Standard 1.3
                           Alias = netstandard1.3
                       .NETStandard,Version=v1.4
                           DisplayName = .NET Standard 1.4
                           Alias = netstandard1.4
                       .NETStandard,Version=v1.5
                           DisplayName = .NET Standard 1.5
                           Alias = netstandard1.5
                       .NETStandard,Version=v1.6
                           DisplayName = .NET Standard 1.6
                           Alias = netstandard1.6
                       .NETStandard,Version=v2.0
                           DisplayName = .NET Standard 2.0
                           Alias = netstandard2.0
                       .NETStandard,Version=v2.1
                           DisplayName = .NET Standard 2.1
                           Alias = netstandard2.1
                   Using
                       System
                       System.Collections.Generic
                       System.IO
                       System.Linq
                       System.Net.Http
                       System.Threading
                       System.Threading.Tasks
                   WindowsSdkSupportedTargetPlatformVersion
                       10.0.17763.0
                           WindowsSdkPackageVersion = 10.0.17763.57
                           MinimumNETVersion = 8.0
                       10.0.17763.0
                           WindowsSdkPackageVersion = 10.0.17763.55
                           MinimumNETVersion = 6.0
                       10.0.17763.0
                           WindowsSdkPackageVersion = 10.0.17763.26
                           MinimumNETVersion = 5.0
                       10.0.17763.1
                           WindowsSdkPackageVersion = 10.0.17763.57
                           MinimumNETVersion = 10.0
                       10.0.18362.0
                           WindowsSdkPackageVersion = 10.0.18362.55
                           MinimumNETVersion = 6.0
                       10.0.18362.0
                           WindowsSdkPackageVersion = 10.0.18362.57
                           MinimumNETVersion = 8.0
                       10.0.18362.0
                           WindowsSdkPackageVersion = 10.0.18362.26
                           MinimumNETVersion = 5.0
                       10.0.18362.1
                           WindowsSdkPackageVersion = 10.0.18362.57
                           MinimumNETVersion = 10.0
                       10.0.19041.0
                           WindowsSdkPackageVersion = 10.0.19041.55
                           MinimumNETVersion = 6.0
                       10.0.19041.0
                           WindowsSdkPackageVersion = 10.0.19041.26
                           MinimumNETVersion = 5.0
                       10.0.19041.0
                           WindowsSdkPackageVersion = 10.0.19041.57
                           MinimumNETVersion = 8.0
                       10.0.19041.1
                           WindowsSdkPackageVersion = 10.0.19041.57
                           MinimumNETVersion = 10.0
                       10.0.20348.0
                           WindowsSdkPackageVersion = 10.0.20348.55
                           MinimumNETVersion = 6.0
                       10.0.20348.0
                           WindowsSdkPackageVersion = 10.0.20348.26
                           MinimumNETVersion = 5.0
                       10.0.20348.0
                           WindowsSdkPackageVersion = 10.0.20348.57
                           MinimumNETVersion = 8.0
                       10.0.20348.1
                           WindowsSdkPackageVersion = 10.0.20348.57
                           MinimumNETVersion = 10.0
                       10.0.22000.0
                           WindowsSdkPackageVersion = 10.0.22000.57
                           MinimumNETVersion = 8.0
                       10.0.22000.0
                           WindowsSdkPackageVersion = 10.0.22000.55
                           MinimumNETVersion = 6.0
                       10.0.22000.0
                           WindowsSdkPackageVersion = 10.0.22000.26
                           MinimumNETVersion = 5.0
                       10.0.22000.1
                           WindowsSdkPackageVersion = 10.0.22000.57
                           MinimumNETVersion = 10.0
                       10.0.22621.0
                           WindowsSdkPackageVersion = 10.0.22621.57
                           MinimumNETVersion = 8.0
                       10.0.22621.0
                           WindowsSdkPackageVersion = 10.0.22621.55
                           MinimumNETVersion = 6.0
                       10.0.22621.1
                           WindowsSdkPackageVersion = 10.0.22621.57
                           MinimumNETVersion = 10.0
                       10.0.26100.0
                           WindowsSdkPackageVersion = 10.0.26100.55
                           MinimumNETVersion = 6.0
                       10.0.26100.0
                           WindowsSdkPackageVersion = 10.0.26100.57
                           MinimumNETVersion = 8.0
                       10.0.26100.1
                           WindowsSdkPackageVersion = 10.0.26100.57
                           MinimumNETVersion = 10.0
                       7.0
                       8.0

01:04:09.788     1>项目“D:\Project\AssetRipper\.workbuddy\tmp\NikkiLoader\NikkiLoader.csproj”在节点 1 上(Restore 个目标)。
01:04:09.793     1>来自项目“D:\Project\AssetRipper\.workbuddy\tmp\NikkiLoader\NikkiLoader.csproj”的文件“C:\Program Files\dotnet\sdk\10.0.301\NuGet.targets”中的目标“_LoadRestoreGraphEntryPoints: (目标 ID: 2)”(目标“_FilterRestoreGraphProjectInputItems”依赖于它):
01:04:09.796     1>添加的项: RestoreGraphProjectInputItems=D:\Project\AssetRipper\.workbuddy\tmp\NikkiLoader\NikkiLoader.csproj
01:04:09.800     1>已完成在项目“NikkiLoader.csproj”中生成目标“_LoadRestoreGraphEntryPoints”的操作。: (目标 ID: 2)
01:04:09.800     1>来自项目“D:\Project\AssetRipper\.workbuddy\tmp\NikkiLoader\NikkiLoader.csproj”的文件“C:\Program Files\dotnet\sdk\10.0.301\NuGet.targets”中的目标“_FilterRestoreGraphProjectInputItems: (目标 ID: 3)”(目标“_GenerateRestoreGraph”依赖于它):
                   设置属性: RestoreProjectFilterMode=exclusionlist
                   添加的项: _FilteredRestoreGraphProjectInputItemsTmp=D:\Project\AssetRipper\.workbuddy\tmp\NikkiLoader\NikkiLoader.csproj
                   正在使用程序集“Microsoft.Build.Tasks.Core, Version=15.1.0.0, Culture=neutral, PublicKeyToken=b03f5f7f11d50a3a”中的“RemoveDuplicates”任务。
                   任务“RemoveDuplicates” (任务 ID: 2)
                     输出项: FilteredRestoreGraphProjectInputItemsWithoutDuplicates=D:\Project\AssetRipper\.workbuddy\tmp\NikkiLoader\NikkiLoader.csproj (任务 ID: 2)
                   已完成执行任务“RemoveDuplicates”的操作。 (任务 ID: 2)
                   正在使用程序集“Microsoft.Build.Tasks.Core, Version=15.1.0.0, Culture=neutral, PublicKeyToken=b03f5f7f11d50a3a”中的“MSBuild”任务。
                   任务“MSBuild” (任务 ID: 3)
                     任务参数:Targets=_IsProjectRestoreSupported (任务 ID: 3)
                     任务参数:SkipNonexistentTargets=True (任务 ID: 3)
                     任务参数:BuildInParallel=True (任务 ID: 3)
                     任务参数:Properties=ExcludeRestorePackageImports=true (任务 ID: 3)
                     任务参数:Projects=D:\Project\AssetRipper\.workbuddy\tmp\NikkiLoader\NikkiLoader.csproj (任务 ID: 3)
                     全局属性: (任务 ID: 3)
                       ExcludeRestorePackageImports=true (任务 ID: 3)
01:04:09.835     0>C:\Program Files\dotnet\sdk\10.0.301\Sdks\Microsoft.NET.Sdk\Sdk\Sdk.props(49,11): message : 值为“C:\Program Files\dotnet\sdk\10.0.301\”的属性“MSBuildExtensionsPath”从环境中展开。
                   C:\Program Files\dotnet\sdk\10.0.301\Current\Microsoft.Common.props(60,5): message : 在 C:\Program Files\dotnet\sdk\10.0.301\Current\Microsoft.Common.props (60,5) 处重新分配属性: $(MSBuildProjectExtensionsPath)=“D:\Project\AssetRipper\.workbuddy\tmp\NikkiLoader\obj\”(先前值:“obj\”)
                   C:\Program Files\dotnet\sdk\10.0.301\Current\Microsoft.Common.props(84,119): message : 值为“C:\Users\Administrator\AppData\Local\Microsoft\MSBuild”的属性“MSBuildUserExtensionsPath”从环境中展开。
                   C:\Program Files\dotnet\sdk\10.0.301\Sdks\Microsoft.NET.Sdk\targets\Microsoft.NET.Sdk.props(90,5): message : 在 C:\Program Files\dotnet\sdk\10.0.301\Sdks\Microsoft.NET.Sdk\targets\Microsoft.NET.Sdk.props (90,5) 处重新分配属性: $(AssemblySearchPaths)=“{CandidateAssemblyFiles};{HintPathFromItem}”(先前值:“{CandidateAssemblyFiles}”)
                   C:\Program Files\dotnet\sdk\10.0.301\Sdks\Microsoft.NET.Sdk\targets\Microsoft.NET.Sdk.props(91,5): message : 在 C:\Program Files\dotnet\sdk\10.0.301\Sdks\Microsoft.NET.Sdk\targets\Microsoft.NET.Sdk.props (91,5) 处重新分配属性: $(AssemblySearchPaths)=“{CandidateAssemblyFiles};{HintPathFromItem};{TargetFrameworkDirectory}”(先前值:“{CandidateAssemblyFiles};{HintPathFromItem}”)
                   C:\Program Files\dotnet\sdk\10.0.301\Sdks\Microsoft.NET.Sdk\targets\Microsoft.NET.Sdk.props(92,5): message : 在 C:\Program Files\dotnet\sdk\10.0.301\Sdks\Microsoft.NET.Sdk\targets\Microsoft.NET.Sdk.props (92,5) 处重新分配属性: $(AssemblySearchPaths)=“{CandidateAssemblyFiles};{HintPathFromItem};{TargetFrameworkDirectory};{RawFileName}”(先前值:“{CandidateAssemblyFiles};{HintPathFromItem};{TargetFrameworkDirectory}”)
                   D:\Project\AssetRipper\.workbuddy\tmp\NikkiLoader\NikkiLoader.csproj(4,3): message : 在 D:\Project\AssetRipper\.workbuddy\tmp\NikkiLoader\NikkiLoader.csproj (4,3) 处重新分配属性: $(OutputType)=“Exe”(先前值:“Library”)
                   D:\Project\AssetRipper\.workbuddy\tmp\NikkiLoader\NikkiLoader.csproj(7,3): message : 在 D:\Project\AssetRipper\.workbuddy\tmp\NikkiLoader\NikkiLoader.csproj (7,3) 处重新分配属性: $(AllowUnsafeBlocks)=“true”(先前值:“false”)
                   C:\Program Files\dotnet\sdk\10.0.301\Sdks\Microsoft.NET.Sdk\targets\Microsoft.NET.Sdk.ImportPublishProfile.targets(28,5): message : 在 C:\Program Files\dotnet\sdk\10.0.301\Sdks\Microsoft.NET.Sdk\targets\Microsoft.NET.Sdk.ImportPublishProfile.targets (28,5) 处重新分配属性: $(PublishProfileImported)=“false”(先前值:“true”)
                   C:\Program Files\dotnet\sdk\10.0.301\Sdks\Microsoft.NET.Sdk\targets\Microsoft.NET.TargetFrameworkInference.targets(81,5): message : 在 C:\Program Files\dotnet\sdk\10.0.301\Sdks\Microsoft.NET.Sdk\targets\Microsoft.NET.TargetFrameworkInference.targets (81,5) 处重新分配属性: $(TargetPlatformVersion)=“”(先前值:“0.0”)
                   C:\Program Files\dotnet\sdk\10.0.301\Sdks\Microsoft.NET.Sdk\targets\Microsoft.NET.DefaultOutputPaths.targets(127,5): message : 在 C:\Program Files\dotnet\sdk\10.0.301\Sdks\Microsoft.NET.Sdk\targets\Microsoft.NET.DefaultOutputPaths.targets (127,5) 处重新分配属性: $(DefaultItemExcludes)=“;bin\Debug\/**;obj\Debug\/**”(先前值:“;bin\Debug\/**”)
                   C:\Program Files\dotnet\sdk\10.0.301\Sdks\Microsoft.NET.Sdk\targets\Microsoft.NET.DefaultOutputPaths.targets(142,5): message : 在 C:\Program Files\dotnet\sdk\10.0.301\Sdks\Microsoft.NET.Sdk\targets\Microsoft.NET.DefaultOutputPaths.targets (142,5) 处重新分配属性: $(OutputPath)=“bin\Debug\net10.0\”(先前值:“bin\Debug\”)
                   C:\Program Files\dotnet\sdk\10.0.301\Sdks\Microsoft.NET.Sdk\targets\Microsoft.NET.DefaultOutputPaths.targets(147,5): message : 在 C:\Program Files\dotnet\sdk\10.0.301\Sdks\Microsoft.NET.Sdk\targets\Microsoft.NET.DefaultOutputPaths.targets (147,5) 处重新分配属性: $(IntermediateOutputPath)=“obj\Debug\net10.0\”(先前值:“obj\Debug\”)
                   C:\Program Files\dotnet\sdk\10.0.301\Sdks\Microsoft.NET.Sdk\targets\Microsoft.NET.Sdk.BeforeCommon.targets(379,5): message : 在 C:\Program Files\dotnet\sdk\10.0.301\Sdks\Microsoft.NET.Sdk\targets\Microsoft.NET.Sdk.BeforeCommon.targets (379,5) 处重新分配属性: $(RoslynTargetsPath)=“C:\Program Files\dotnet\sdk\10.0.301\Sdks\Microsoft.NET.Sdk\targets\..\..\..\Roslyn”(先前值:“C:\Program Files\dotnet\sdk\10.0.301\Roslyn”)
                   C:\Program Files\dotnet\sdk\10.0.301\Roslyn\Microsoft.Managed.Core.targets(6,5): message : 在 C:\Program Files\dotnet\sdk\10.0.301\Roslyn\Microsoft.Managed.Core.targets (6,5) 处重新分配属性: $(_BuildTasksDirectory)=“C:\Program Files\dotnet\sdk\10.0.301\Sdks\Microsoft.NET.Sdk\targets\..\..\..\Roslyn\”(先前值:“C:\Program Files\dotnet\sdk\10.0.301\Roslyn\”)
                   C:\Program Files\dotnet\sdk\10.0.301\Roslyn\Microsoft.CSharp.Core.targets(213,5): message : 在 C:\Program Files\dotnet\sdk\10.0.301\Roslyn\Microsoft.CSharp.Core.targets (213,5) 处重新分配属性: $(CommandLineArgsForDesignTimeEvaluation)=“-langversion:14.0 -define:TRACE”(先前值:“-langversion:14.0”)
                   C:\Program Files\dotnet\sdk\10.0.301\Microsoft.Common.CurrentVersion.targets(175,5): message : 在 C:\Program Files\dotnet\sdk\10.0.301\Microsoft.Common.CurrentVersion.targets (175,5) 处重新分配属性: $(_DebugSymbolsProduced)=“true”(先前值:“false”)
                   C:\Program Files\dotnet\sdk\10.0.301\Microsoft.Common.CurrentVersion.targets(185,5): message : 在 C:\Program Files\dotnet\sdk\10.0.301\Microsoft.Common.CurrentVersion.targets (185,5) 处重新分配属性: $(_DocumentationFileProduced)=“false”(先前值:“true”)
                   C:\Program Files\dotnet\sdk\10.0.301\Microsoft.Common.CurrentVersion.targets(392,5): message : 在 C:\Program Files\dotnet\sdk\10.0.301\Microsoft.Common.CurrentVersion.targets (392,5) 处重新分配属性: $(MSBuildCopyMarkerName)=“NikkiLoa.F9311C3A”(先前值:“NikkiLoader.csproj”)
                   C:\Program Files\dotnet\sdk\10.0.301\Microsoft.Common.CurrentVersion.targets(393,5): message : 在 C:\Program Files\dotnet\sdk\10.0.301\Microsoft.Common.CurrentVersion.targets (393,5) 处重新分配属性: $(MSBuildCopyMarkerName)=“NikkiLoa.F9311C3A.Up2Date”(先前值:“NikkiLoa.F9311C3A”)
                   C:\Program Files\dotnet\sdk\10.0.301\Microsoft.Common.CurrentVersion.targets(541,5): message : 在 C:\Program Files\dotnet\sdk\10.0.301\Microsoft.Common.CurrentVersion.targets (541,5) 处重新分配属性: $(ProcessorArchitecture)=“msil”(先前值:“”)
                   C:\Program Files\dotnet\sdk\10.0.301\Microsoft.Common.CurrentVersion.targets(580,5): message : 在 C:\Program Files\dotnet\sdk\10.0.301\Microsoft.Common.CurrentVersion.targets (580,5) 处重新分配属性: $(DelaySign)=“”(先前值:“false”)
                   C:\Program Files\dotnet\sdk\10.0.301\Microsoft.Common.CurrentVersion.targets(2622,5): message : 值为“C:\Users\Administrator\AppData\Local”的属性“LOCALAPPDATA”从环境中展开。
                   C:\Program Files\dotnet\sdk\10.0.301\Microsoft.Common.CurrentVersion.targets(3950,5): message : 在 C:\Program Files\dotnet\sdk\10.0.301\Microsoft.Common.CurrentVersion.targets (3950,5) 处重新分配属性: $(_SGenGenerateSerializationAssembliesConfig)=“Auto”(先前值:“”)
                   C:\Program Files\dotnet\sdk\10.0.301\Microsoft.Common.CurrentVersion.targets(3951,5): message : 在 C:\Program Files\dotnet\sdk\10.0.301\Microsoft.Common.CurrentVersion.targets (3951,5) 处重新分配属性: $(_SGenGenerateSerializationAssembliesConfig)=“Off”(先前值:“Auto”)
                   C:\Program Files\dotnet\sdk\10.0.301\Microsoft.Common.CurrentVersion.targets(5162,5): message : 在 C:\Program Files\dotnet\sdk\10.0.301\Microsoft.Common.CurrentVersion.targets (5162,5) 处重新分配属性: $(_TargetsThatPrepareProjectReferences)=“
                   C:\Program Files\dotnet\sdk\10.0.301\Microsoft.Common.CurrentVersion.targets(5162,5): message :       AssignProjectConfiguration;
                   C:\Program Files\dotnet\sdk\10.0.301\Microsoft.Common.CurrentVersion.targets(5162,5): message :       _SplitProjectReferencesByFileExistence
                   C:\Program Files\dotnet\sdk\10.0.301\Microsoft.Common.CurrentVersion.targets(5162,5): message :     ”(先前值:“_SplitProjectReferencesByFileExistence”)
                   C:\Program Files\dotnet\sdk\10.0.301\Microsoft.Common.CurrentVersion.targets(6975,5): message : 值为“C:\Program Files\dotnet\sdk\10.0.301”的属性“MSBuildExtensionsPath32”从环境中展开。
                   “NuGetInteractive”属性是全局属性，不能修改。
                   C:\Program Files\dotnet\sdk\10.0.301\Sdks\Microsoft.NET.Sdk\targets\Microsoft.PackageDependencyResolution.targets(24,5): message : 在 C:\Program Files\dotnet\sdk\10.0.301\Sdks\Microsoft.NET.Sdk\targets\Microsoft.PackageDependencyResolution.targets (24,5) 处重新分配属性: $(ProjectAssetsFile)=“D:\Project\AssetRipper\.workbuddy\tmp\NikkiLoader\obj\project.assets.json”(先前值:“D:\Project\AssetRipper\.workbuddy\tmp\NikkiLoader\obj\/project.assets.json”)
                   C:\Program Files\dotnet\sdk\10.0.301\Sdks\Microsoft.NET.Sdk\targets\Microsoft.PackageDependencyResolution.targets(29,5): message : 在 C:\Program Files\dotnet\sdk\10.0.301\Sdks\Microsoft.NET.Sdk\targets\Microsoft.PackageDependencyResolution.targets (29,5) 处重新分配属性: $(ProjectAssetsCacheFile)=“D:\Project\AssetRipper\.workbuddy\tmp\NikkiLoader\obj\Debug\net10.0\NikkiLoader.assets.cache”(先前值:“obj\Debug\net10.0\NikkiLoader.assets.cache”)
                   C:\Program Files\dotnet\sdk\10.0.301\Sdks\Microsoft.NET.Sdk\targets\Microsoft.PackageDependencyResolution.targets(80,5): message : 在 C:\Program Files\dotnet\sdk\10.0.301\Sdks\Microsoft.NET.Sdk\targets\Microsoft.PackageDependencyResolution.targets (80,5) 处重新分配属性: $(ResolveAssemblyReferencesDependsOn)=“
                   C:\Program Files\dotnet\sdk\10.0.301\Sdks\Microsoft.NET.Sdk\targets\Microsoft.PackageDependencyResolution.targets(80,5): message :       
                   C:\Program Files\dotnet\sdk\10.0.301\Sdks\Microsoft.NET.Sdk\targets\Microsoft.PackageDependencyResolution.targets(80,5): message :       ResolveProjectReferences;
                   C:\Program Files\dotnet\sdk\10.0.301\Sdks\Microsoft.NET.Sdk\targets\Microsoft.PackageDependencyResolution.targets(80,5): message :       FindInvalidProjectReferences;
                   C:\Program Files\dotnet\sdk\10.0.301\Sdks\Microsoft.NET.Sdk\targets\Microsoft.PackageDependencyResolution.targets(80,5): message :       GetFrameworkPaths;
                   C:\Program Files\dotnet\sdk\10.0.301\Sdks\Microsoft.NET.Sdk\targets\Microsoft.PackageDependencyResolution.targets(80,5): message :       GetReferenceAssemblyPaths;
                   C:\Program Files\dotnet\sdk\10.0.301\Sdks\Microsoft.NET.Sdk\targets\Microsoft.PackageDependencyResolution.targets(80,5): message :       PrepareForBuild;
                   C:\Program Files\dotnet\sdk\10.0.301\Sdks\Microsoft.NET.Sdk\targets\Microsoft.PackageDependencyResolution.targets(80,5): message :       ResolveSDKReferences;
                   C:\Program Files\dotnet\sdk\10.0.301\Sdks\Microsoft.NET.Sdk\targets\Microsoft.PackageDependencyResolution.targets(80,5): message :       ExpandSDKReferences;
                   C:\Program Files\dotnet\sdk\10.0.301\Sdks\Microsoft.NET.Sdk\targets\Microsoft.PackageDependencyResolution.targets(80,5): message :     ;
                   C:\Program Files\dotnet\sdk\10.0.301\Sdks\Microsoft.NET.Sdk\targets\Microsoft.PackageDependencyResolution.targets(80,5): message :       ResolvePackageDependenciesForBuild;
                   C:\Program Files\dotnet\sdk\10.0.301\Sdks\Microsoft.NET.Sdk\targets\Microsoft.PackageDependencyResolution.targets(80,5): message :       _HandlePackageFileConflicts;
                   C:\Program Files\dotnet\sdk\10.0.301\Sdks\Microsoft.NET.Sdk\targets\Microsoft.PackageDependencyResolution.targets(80,5): message :     ”(先前值:“
                   C:\Program Files\dotnet\sdk\10.0.301\Sdks\Microsoft.NET.Sdk\targets\Microsoft.PackageDependencyResolution.targets(80,5): message :       ResolveProjectReferences;
                   C:\Program Files\dotnet\sdk\10.0.301\Sdks\Microsoft.NET.Sdk\targets\Microsoft.PackageDependencyResolution.targets(80,5): message :       FindInvalidProjectReferences;
                   C:\Program Files\dotnet\sdk\10.0.301\Sdks\Microsoft.NET.Sdk\targets\Microsoft.PackageDependencyResolution.targets(80,5): message :       GetFrameworkPaths;
                   C:\Program Files\dotnet\sdk\10.0.301\Sdks\Microsoft.NET.Sdk\targets\Microsoft.PackageDependencyResolution.targets(80,5): message :       GetReferenceAssemblyPaths;
                   C:\Program Files\dotnet\sdk\10.0.301\Sdks\Microsoft.NET.Sdk\targets\Microsoft.PackageDependencyResolution.targets(80,5): message :       PrepareForBuild;
                   C:\Program Files\dotnet\sdk\10.0.301\Sdks\Microsoft.NET.Sdk\targets\Microsoft.PackageDependencyResolution.targets(80,5): message :       ResolveSDKReferences;
                   C:\Program Files\dotnet\sdk\10.0.301\Sdks\Microsoft.NET.Sdk\targets\Microsoft.PackageDependencyResolution.targets(80,5): message :       ExpandSDKReferences;
                   C:\Program Files\dotnet\sdk\10.0.301\Sdks\Microsoft.NET.Sdk\targets\Microsoft.PackageDependencyResolution.targets(80,5): message :     ”)
                   C:\Program Files\dotnet\sdk\10.0.301\Sdks\Microsoft.NET.Sdk\targets\Microsoft.PackageDependencyResolution.targets(86,5): message : 在 C:\Program Files\dotnet\sdk\10.0.301\Sdks\Microsoft.NET.Sdk\targets\Microsoft.PackageDependencyResolution.targets (86,5) 处重新分配属性: $(PrepareResourcesDependsOn)=“
                   C:\Program Files\dotnet\sdk\10.0.301\Sdks\Microsoft.NET.Sdk\targets\Microsoft.PackageDependencyResolution.targets(86,5): message :       ResolvePackageDependenciesForBuild;
                   C:\Program Files\dotnet\sdk\10.0.301\Sdks\Microsoft.NET.Sdk\targets\Microsoft.PackageDependencyResolution.targets(86,5): message :       _HandlePackageFileConflicts;
                   C:\Program Files\dotnet\sdk\10.0.301\Sdks\Microsoft.NET.Sdk\targets\Microsoft.PackageDependencyResolution.targets(86,5): message :       
                   C:\Program Files\dotnet\sdk\10.0.301\Sdks\Microsoft.NET.Sdk\targets\Microsoft.PackageDependencyResolution.targets(86,5): message :       ;
                   C:\Program Files\dotnet\sdk\10.0.301\Sdks\Microsoft.NET.Sdk\targets\Microsoft.PackageDependencyResolution.targets(86,5): message :       PrepareResourceNames;
                   C:\Program Files\dotnet\sdk\10.0.301\Sdks\Microsoft.NET.Sdk\targets\Microsoft.PackageDependencyResolution.targets(86,5): message :       ResGen;
                   C:\Program Files\dotnet\sdk\10.0.301\Sdks\Microsoft.NET.Sdk\targets\Microsoft.PackageDependencyResolution.targets(86,5): message :       CompileLicxFiles
                   C:\Program Files\dotnet\sdk\10.0.301\Sdks\Microsoft.NET.Sdk\targets\Microsoft.PackageDependencyResolution.targets(86,5): message :     
                   C:\Program Files\dotnet\sdk\10.0.301\Sdks\Microsoft.NET.Sdk\targets\Microsoft.PackageDependencyResolution.targets(86,5): message :     ”(先前值:“
                   C:\Program Files\dotnet\sdk\10.0.301\Sdks\Microsoft.NET.Sdk\targets\Microsoft.PackageDependencyResolution.targets(86,5): message :       ;
                   C:\Program Files\dotnet\sdk\10.0.301\Sdks\Microsoft.NET.Sdk\targets\Microsoft.PackageDependencyResolution.targets(86,5): message :       PrepareResourceNames;
                   C:\Program Files\dotnet\sdk\10.0.301\Sdks\Microsoft.NET.Sdk\targets\Microsoft.PackageDependencyResolution.targets(86,5): message :       ResGen;
                   C:\Program Files\dotnet\sdk\10.0.301\Sdks\Microsoft.NET.Sdk\targets\Microsoft.PackageDependencyResolution.targets(86,5): message :       CompileLicxFiles
                   C:\Program Files\dotnet\sdk\10.0.301\Sdks\Microsoft.NET.Sdk\targets\Microsoft.PackageDependencyResolution.targets(86,5): message :     ”)
                   “EnableDefaultCompileItems”属性是全局属性，不能修改。
                   “EnableDefaultEmbeddedResourceItems”属性是全局属性，不能修改。
                   “EnableDefaultNoneItems”属性是全局属性，不能修改。
                   C:\Program Files\dotnet\sdk\10.0.301\Sdks\Microsoft.NET.Sdk\targets\Microsoft.NET.Sdk.DefaultItems.targets(35,5): message : 在 C:\Program Files\dotnet\sdk\10.0.301\Sdks\Microsoft.NET.Sdk\targets\Microsoft.NET.Sdk.DefaultItems.targets (35,5) 处重新分配属性: $(DefaultItemExcludes)=“;bin\Debug\/**;obj\Debug\/**;bin\/**”(先前值:“;bin\Debug\/**;obj\Debug\/**”)
                   C:\Program Files\dotnet\sdk\10.0.301\Sdks\Microsoft.NET.Sdk\targets\Microsoft.NET.Sdk.DefaultItems.targets(37,5): message : 在 C:\Program Files\dotnet\sdk\10.0.301\Sdks\Microsoft.NET.Sdk\targets\Microsoft.NET.Sdk.DefaultItems.targets (37,5) 处重新分配属性: $(DefaultItemExcludes)=“;bin\Debug\/**;obj\Debug\/**;bin\/**;obj\/**”(先前值:“;bin\Debug\/**;obj\Debug\/**;bin\/**”)
                   C:\Program Files\dotnet\sdk\10.0.301\Sdks\Microsoft.NET.Sdk\targets\Microsoft.NET.Sdk.DefaultItems.targets(41,5): message : 在 C:\Program Files\dotnet\sdk\10.0.301\Sdks\Microsoft.NET.Sdk\targets\Microsoft.NET.Sdk.DefaultItems.targets (41,5) 处重新分配属性: $(DefaultItemExcludes)=“;bin\Debug\/**;obj\Debug\/**;bin\/**;obj\/**;bin\Debug\net10.0\publish\/**”(先前值:“;bin\Debug\/**;obj\Debug\/**;bin\/**;obj\/**”)
                   C:\Program Files\dotnet\sdk\10.0.301\Sdks\Microsoft.NET.Sdk\targets\Microsoft.NET.Sdk.DefaultItems.targets(44,5): message : 在 C:\Program Files\dotnet\sdk\10.0.301\Sdks\Microsoft.NET.Sdk\targets\Microsoft.NET.Sdk.DefaultItems.targets (44,5) 处重新分配属性: $(DefaultItemExcludes)=“;bin\Debug\/**;obj\Debug\/**;bin\/**;obj\/**;bin\Debug\net10.0\publish\/**;**/*.user”(先前值:“;bin\Debug\/**;obj\Debug\/**;bin\/**;obj\/**;bin\Debug\net10.0\publish\/**”)
                   C:\Program Files\dotnet\sdk\10.0.301\Sdks\Microsoft.NET.Sdk\targets\Microsoft.NET.Sdk.DefaultItems.targets(45,5): message : 在 C:\Program Files\dotnet\sdk\10.0.301\Sdks\Microsoft.NET.Sdk\targets\Microsoft.NET.Sdk.DefaultItems.targets (45,5) 处重新分配属性: $(DefaultItemExcludes)=“;bin\Debug\/**;obj\Debug\/**;bin\/**;obj\/**;bin\Debug\net10.0\publish\/**;**/*.user;**/*.*proj”(先前值:“;bin\Debug\/**;obj\Debug\/**;bin\/**;obj\/**;bin\Debug\net10.0\publish\/**;**/*.user”)
                   C:\Program Files\dotnet\sdk\10.0.301\Sdks\Microsoft.NET.Sdk\targets\Microsoft.NET.Sdk.DefaultItems.targets(46,5): message : 在 C:\Program Files\dotnet\sdk\10.0.301\Sdks\Microsoft.NET.Sdk\targets\Microsoft.NET.Sdk.DefaultItems.targets (46,5) 处重新分配属性: $(DefaultItemExcludes)=“;bin\Debug\/**;obj\Debug\/**;bin\/**;obj\/**;bin\Debug\net10.0\publish\/**;**/*.user;**/*.*proj;**/*.sln”(先前值:“;bin\Debug\/**;obj\Debug\/**;bin\/**;obj\/**;bin\Debug\net10.0\publish\/**;**/*.user;**/*.*proj”)
                   C:\Program Files\dotnet\sdk\10.0.301\Sdks\Microsoft.NET.Sdk\targets\Microsoft.NET.Sdk.DefaultItems.targets(47,5): message : 在 C:\Program Files\dotnet\sdk\10.0.301\Sdks\Microsoft.NET.Sdk\targets\Microsoft.NET.Sdk.DefaultItems.targets (47,5) 处重新分配属性: $(DefaultItemExcludes)=“;bin\Debug\/**;obj\Debug\/**;bin\/**;obj\/**;bin\Debug\net10.0\publish\/**;**/*.user;**/*.*proj;**/*.sln;**/*.slnx”(先前值:“;bin\Debug\/**;obj\Debug\/**;bin\/**;obj\/**;bin\Debug\net10.0\publish\/**;**/*.user;**/*.*proj;**/*.sln”)
                   C:\Program Files\dotnet\sdk\10.0.301\Sdks\Microsoft.NET.Sdk\targets\Microsoft.NET.Sdk.DefaultItems.targets(48,5): message : 在 C:\Program Files\dotnet\sdk\10.0.301\Sdks\Microsoft.NET.Sdk\targets\Microsoft.NET.Sdk.DefaultItems.targets (48,5) 处重新分配属性: $(DefaultItemExcludes)=“;bin\Debug\/**;obj\Debug\/**;bin\/**;obj\/**;bin\Debug\net10.0\publish\/**;**/*.user;**/*.*proj;**/*.sln;**/*.slnx;**/*.vssscc”(先前值:“;bin\Debug\/**;obj\Debug\/**;bin\/**;obj\/**;bin\Debug\net10.0\publish\/**;**/*.user;**/*.*proj;**/*.sln;**/*.slnx”)
                   C:\Program Files\dotnet\sdk\10.0.301\Sdks\Microsoft.NET.Sdk\targets\Microsoft.NET.Sdk.DefaultItems.targets(49,5): message : 在 C:\Program Files\dotnet\sdk\10.0.301\Sdks\Microsoft.NET.Sdk\targets\Microsoft.NET.Sdk.DefaultItems.targets (49,5) 处重新分配属性: $(DefaultItemExcludes)=“;bin\Debug\/**;obj\Debug\/**;bin\/**;obj\/**;bin\Debug\net10.0\publish\/**;**/*.user;**/*.*proj;**/*.sln;**/*.slnx;**/*.vssscc;**/.DS_Store”(先前值:“;bin\Debug\/**;obj\Debug\/**;bin\/**;obj\/**;bin\Debug\net10.0\publish\/**;**/*.user;**/*.*proj;**/*.sln;**/*.slnx;**/*.vssscc”)
                   C:\Program Files\dotnet\sdk\10.0.301\Sdks\Microsoft.NET.Sdk\targets\Microsoft.NET.Sdk.FrameworkReferenceResolution.targets(14,5): message : 在 C:\Program Files\dotnet\sdk\10.0.301\Sdks\Microsoft.NET.Sdk\targets\Microsoft.NET.Sdk.FrameworkReferenceResolution.targets (14,5) 处重新分配属性: $(ResolveAssemblyReferencesDependsOn)=“
                   C:\Program Files\dotnet\sdk\10.0.301\Sdks\Microsoft.NET.Sdk\targets\Microsoft.NET.Sdk.FrameworkReferenceResolution.targets(14,5): message :       
                   C:\Program Files\dotnet\sdk\10.0.301\Sdks\Microsoft.NET.Sdk\targets\Microsoft.NET.Sdk.FrameworkReferenceResolution.targets(14,5): message :       
                   C:\Program Files\dotnet\sdk\10.0.301\Sdks\Microsoft.NET.Sdk\targets\Microsoft.NET.Sdk.FrameworkReferenceResolution.targets(14,5): message :       ResolveProjectReferences;
                   C:\Program Files\dotnet\sdk\10.0.301\Sdks\Microsoft.NET.Sdk\targets\Microsoft.NET.Sdk.FrameworkReferenceResolution.targets(14,5): message :       FindInvalidProjectReferences;
                   C:\Program Files\dotnet\sdk\10.0.301\Sdks\Microsoft.NET.Sdk\targets\Microsoft.NET.Sdk.FrameworkReferenceResolution.targets(14,5): message :       GetFrameworkPaths;
                   C:\Program Files\dotnet\sdk\10.0.301\Sdks\Microsoft.NET.Sdk\targets\Microsoft.NET.Sdk.FrameworkReferenceResolution.targets(14,5): message :       GetReferenceAssemblyPaths;
                   C:\Program Files\dotnet\sdk\10.0.301\Sdks\Microsoft.NET.Sdk\targets\Microsoft.NET.Sdk.FrameworkReferenceResolution.targets(14,5): message :       PrepareForBuild;
                   C:\Program Files\dotnet\sdk\10.0.301\Sdks\Microsoft.NET.Sdk\targets\Microsoft.NET.Sdk.FrameworkReferenceResolution.targets(14,5): message :       ResolveSDKReferences;
                   C:\Program Files\dotnet\sdk\10.0.301\Sdks\Microsoft.NET.Sdk\targets\Microsoft.NET.Sdk.FrameworkReferenceResolution.targets(14,5): message :       ExpandSDKReferences;
                   C:\Program Files\dotnet\sdk\10.0.301\Sdks\Microsoft.NET.Sdk\targets\Microsoft.NET.Sdk.FrameworkReferenceResolution.targets(14,5): message :     ;
                   C:\Program Files\dotnet\sdk\10.0.301\Sdks\Microsoft.NET.Sdk\targets\Microsoft.NET.Sdk.FrameworkReferenceResolution.targets(14,5): message :       ResolvePackageDependenciesForBuild;
                   C:\Program Files\dotnet\sdk\10.0.301\Sdks\Microsoft.NET.Sdk\targets\Microsoft.NET.Sdk.FrameworkReferenceResolution.targets(14,5): message :       _HandlePackageFileConflicts;
                   C:\Program Files\dotnet\sdk\10.0.301\Sdks\Microsoft.NET.Sdk\targets\Microsoft.NET.Sdk.FrameworkReferenceResolution.targets(14,5): message :     ;
                   C:\Program Files\dotnet\sdk\10.0.301\Sdks\Microsoft.NET.Sdk\targets\Microsoft.NET.Sdk.FrameworkReferenceResolution.targets(14,5): message :       ResolveTargetingPackAssets;
                   C:\Program Files\dotnet\sdk\10.0.301\Sdks\Microsoft.NET.Sdk\targets\Microsoft.NET.Sdk.FrameworkReferenceResolution.targets(14,5): message :     ”(先前值:“
                   C:\Program Files\dotnet\sdk\10.0.301\Sdks\Microsoft.NET.Sdk\targets\Microsoft.NET.Sdk.FrameworkReferenceResolution.targets(14,5): message :       
                   C:\Program Files\dotnet\sdk\10.0.301\Sdks\Microsoft.NET.Sdk\targets\Microsoft.NET.Sdk.FrameworkReferenceResolution.targets(14,5): message :       ResolveProjectReferences;
                   C:\Program Files\dotnet\sdk\10.0.301\Sdks\Microsoft.NET.Sdk\targets\Microsoft.NET.Sdk.FrameworkReferenceResolution.targets(14,5): message :       FindInvalidProjectReferences;
                   C:\Program Files\dotnet\sdk\10.0.301\Sdks\Microsoft.NET.Sdk\targets\Microsoft.NET.Sdk.FrameworkReferenceResolution.targets(14,5): message :       GetFrameworkPaths;
                   C:\Program Files\dotnet\sdk\10.0.301\Sdks\Microsoft.NET.Sdk\targets\Microsoft.NET.Sdk.FrameworkReferenceResolution.targets(14,5): message :       GetReferenceAssemblyPaths;
                   C:\Program Files\dotnet\sdk\10.0.301\Sdks\Microsoft.NET.Sdk\targets\Microsoft.NET.Sdk.FrameworkReferenceResolution.targets(14,5): message :       PrepareForBuild;
                   C:\Program Files\dotnet\sdk\10.0.301\Sdks\Microsoft.NET.Sdk\targets\Microsoft.NET.Sdk.FrameworkReferenceResolution.targets(14,5): message :       ResolveSDKReferences;
                   C:\Program Files\dotnet\sdk\10.0.301\Sdks\Microsoft.NET.Sdk\targets\Microsoft.NET.Sdk.FrameworkReferenceResolution.targets(14,5): message :       ExpandSDKReferences;
                   C:\Program Files\dotnet\sdk\10.0.301\Sdks\Microsoft.NET.Sdk\targets\Microsoft.NET.Sdk.FrameworkReferenceResolution.targets(14,5): message :     ;
                   C:\Program Files\dotnet\sdk\10.0.301\Sdks\Microsoft.NET.Sdk\targets\Microsoft.NET.Sdk.FrameworkReferenceResolution.targets(14,5): message :       ResolvePackageDependenciesForBuild;
                   C:\Program Files\dotnet\sdk\10.0.301\Sdks\Microsoft.NET.Sdk\targets\Microsoft.NET.Sdk.FrameworkReferenceResolution.targets(14,5): message :       _HandlePackageFileConflicts;
                   C:\Program Files\dotnet\sdk\10.0.301\Sdks\Microsoft.NET.Sdk\targets\Microsoft.NET.Sdk.FrameworkReferenceResolution.targets(14,5): message :     ”)
                   C:\Program Files\dotnet\sdk\10.0.301\Sdks\Microsoft.NET.Sdk\targets\Microsoft.NET.Sdk.targets(44,5): message : 在 C:\Program Files\dotnet\sdk\10.0.301\Sdks\Microsoft.NET.Sdk\targets\Microsoft.NET.Sdk.targets (44,5) 处重新分配属性: $(_GenerateRuntimeConfigurationPropertyInputsCache)=“D:\Project\AssetRipper\.workbuddy\tmp\NikkiLoader\obj\Debug\net10.0\NikkiLoader.genruntimeconfig.cache”(先前值:“obj\Debug\net10.0\NikkiLoader.genruntimeconfig.cache”)
                   C:\Program Files\dotnet\sdk\10.0.301\Sdks\Microsoft.NET.Sdk\targets\Microsoft.NET.Sdk.targets(46,5): message : 在 C:\Program Files\dotnet\sdk\10.0.301\Sdks\Microsoft.NET.Sdk\targets\Microsoft.NET.Sdk.targets (46,5) 处重新分配属性: $(_GeneratePublishDependencyFilePropertyInputsCache)=“D:\Project\AssetRipper\.workbuddy\tmp\NikkiLoader\obj\Debug\net10.0\NikkiLoader.genpublishdeps.cache”(先前值:“obj\Debug\net10.0\NikkiLoader.genpublishdeps.cache”)
                   C:\Program Files\dotnet\sdk\10.0.301\Sdks\Microsoft.NET.Sdk\targets\Microsoft.NET.Sdk.targets(48,5): message : 在 C:\Program Files\dotnet\sdk\10.0.301\Sdks\Microsoft.NET.Sdk\targets\Microsoft.NET.Sdk.targets (48,5) 处重新分配属性: $(_GenerateSingleFileBundlePropertyInputsCache)=“D:\Project\AssetRipper\.workbuddy\tmp\NikkiLoader\obj\Debug\net10.0\NikkiLoader.genbundle.cache”(先前值:“obj\Debug\net10.0\NikkiLoader.genbundle.cache”)
                   C:\Program Files\dotnet\sdk\10.0.301\Sdks\Microsoft.NET.Sdk\targets\Microsoft.NET.Sdk.targets(81,5): message : 在 C:\Program Files\dotnet\sdk\10.0.301\Sdks\Microsoft.NET.Sdk\targets\Microsoft.NET.Sdk.targets (81,5) 处重新分配属性: $(GenerateRuntimeConfigDevFile)=“false”(先前值:“true”)
                   C:\Program Files\dotnet\sdk\10.0.301\Sdks\Microsoft.NET.Sdk\targets\Microsoft.NET.Sdk.targets(97,5): message : 值为“C:\Users\Administrator”的属性“HOME”从环境中展开。
                   C:\Program Files\dotnet\sdk\10.0.301\Sdks\Microsoft.NET.Sdk\targets\Microsoft.NET.Sdk.targets(98,5): message : 值为“C:\Users\Administrator”的属性“USERPROFILE”从环境中展开。
                   C:\Program Files\dotnet\sdk\10.0.301\Sdks\Microsoft.NET.Sdk\targets\Microsoft.NET.Sdk.targets(99,5): message : 在 C:\Program Files\dotnet\sdk\10.0.301\Sdks\Microsoft.NET.Sdk\targets\Microsoft.NET.Sdk.targets (99,5) 处重新分配属性: $(_DefaultUserProfileRuntimeStorePath)=“C:\Users\Administrator\.dotnet\store”(先前值:“C:\Users\Administrator”)
                   C:\Program Files\dotnet\sdk\10.0.301\Sdks\Microsoft.NET.Sdk\targets\Microsoft.NET.Sdk.targets(144,5): message : 在 C:\Program Files\dotnet\sdk\10.0.301\Sdks\Microsoft.NET.Sdk\targets\Microsoft.NET.Sdk.targets (144,5) 处重新分配属性: $(AvailablePlatforms)=“Any CPU,x86,x64,ARM32”(先前值:“Any CPU,x86,x64”)
                   C:\Program Files\dotnet\sdk\10.0.301\Sdks\Microsoft.NET.Sdk\targets\Microsoft.NET.Sdk.targets(148,5): message : 在 C:\Program Files\dotnet\sdk\10.0.301\Sdks\Microsoft.NET.Sdk\targets\Microsoft.NET.Sdk.targets (148,5) 处重新分配属性: $(AvailablePlatforms)=“Any CPU,x86,x64,ARM32,ARM64”(先前值:“Any CPU,x86,x64,ARM32”)
                   C:\Program Files\dotnet\sdk\10.0.301\Sdks\Microsoft.NET.Sdk\targets\Microsoft.NET.Sdk.targets(204,5): message : 在 C:\Program Files\dotnet\sdk\10.0.301\Sdks\Microsoft.NET.Sdk\targets\Microsoft.NET.Sdk.targets (204,5) 处重新分配属性: $(CoreBuildDependsOn)=“
                   C:\Program Files\dotnet\sdk\10.0.301\Sdks\Microsoft.NET.Sdk\targets\Microsoft.NET.Sdk.targets(204,5): message :       _CheckForBuildWithNoBuild;
                   C:\Program Files\dotnet\sdk\10.0.301\Sdks\Microsoft.NET.Sdk\targets\Microsoft.NET.Sdk.targets(204,5): message :       
                   C:\Program Files\dotnet\sdk\10.0.301\Sdks\Microsoft.NET.Sdk\targets\Microsoft.NET.Sdk.targets(204,5): message :       BuildOnlySettings;
                   C:\Program Files\dotnet\sdk\10.0.301\Sdks\Microsoft.NET.Sdk\targets\Microsoft.NET.Sdk.targets(204,5): message :       PrepareForBuild;
                   C:\Program Files\dotnet\sdk\10.0.301\Sdks\Microsoft.NET.Sdk\targets\Microsoft.NET.Sdk.targets(204,5): message :       PreBuildEvent;
                   C:\Program Files\dotnet\sdk\10.0.301\Sdks\Microsoft.NET.Sdk\targets\Microsoft.NET.Sdk.targets(204,5): message :       ResolveReferences;
                   C:\Program Files\dotnet\sdk\10.0.301\Sdks\Microsoft.NET.Sdk\targets\Microsoft.NET.Sdk.targets(204,5): message :       PrepareResources;
                   C:\Program Files\dotnet\sdk\10.0.301\Sdks\Microsoft.NET.Sdk\targets\Microsoft.NET.Sdk.targets(204,5): message :       ResolveKeySource;
                   C:\Program Files\dotnet\sdk\10.0.301\Sdks\Microsoft.NET.Sdk\targets\Microsoft.NET.Sdk.targets(204,5): message :       Compile;
                   C:\Program Files\dotnet\sdk\10.0.301\Sdks\Microsoft.NET.Sdk\targets\Microsoft.NET.Sdk.targets(204,5): message :       ExportWindowsMDFile;
                   C:\Program Files\dotnet\sdk\10.0.301\Sdks\Microsoft.NET.Sdk\targets\Microsoft.NET.Sdk.targets(204,5): message :       UnmanagedUnregistration;
                   C:\Program Files\dotnet\sdk\10.0.301\Sdks\Microsoft.NET.Sdk\targets\Microsoft.NET.Sdk.targets(204,5): message :       GenerateSerializationAssemblies;
                   C:\Program Files\dotnet\sdk\10.0.301\Sdks\Microsoft.NET.Sdk\targets\Microsoft.NET.Sdk.targets(204,5): message :       CreateSatelliteAssemblies;
                   C:\Program Files\dotnet\sdk\10.0.301\Sdks\Microsoft.NET.Sdk\targets\Microsoft.NET.Sdk.targets(204,5): message :       GenerateManifests;
                   C:\Program Files\dotnet\sdk\10.0.301\Sdks\Microsoft.NET.Sdk\targets\Microsoft.NET.Sdk.targets(204,5): message :       GetTargetPath;
                   C:\Program Files\dotnet\sdk\10.0.301\Sdks\Microsoft.NET.Sdk\targets\Microsoft.NET.Sdk.targets(204,5): message :       PrepareForRun;
                   C:\Program Files\dotnet\sdk\10.0.301\Sdks\Microsoft.NET.Sdk\targets\Microsoft.NET.Sdk.targets(204,5): message :       UnmanagedRegistration;
                   C:\Program Files\dotnet\sdk\10.0.301\Sdks\Microsoft.NET.Sdk\targets\Microsoft.NET.Sdk.targets(204,5): message :       IncrementalClean;
                   C:\Program Files\dotnet\sdk\10.0.301\Sdks\Microsoft.NET.Sdk\targets\Microsoft.NET.Sdk.targets(204,5): message :       PostBuildEvent
                   C:\Program Files\dotnet\sdk\10.0.301\Sdks\Microsoft.NET.Sdk\targets\Microsoft.NET.Sdk.targets(204,5): message :     ;
                   C:\Program Files\dotnet\sdk\10.0.301\Sdks\Microsoft.NET.Sdk\targets\Microsoft.NET.Sdk.targets(204,5): message :       GenerateBuildDependencyFile;
                   C:\Program Files\dotnet\sdk\10.0.301\Sdks\Microsoft.NET.Sdk\targets\Microsoft.NET.Sdk.targets(204,5): message :       GenerateBuildRuntimeConfigurationFiles
                   C:\Program Files\dotnet\sdk\10.0.301\Sdks\Microsoft.NET.Sdk\targets\Microsoft.NET.Sdk.targets(204,5): message :     ”(先前值:“
                   C:\Program Files\dotnet\sdk\10.0.301\Sdks\Microsoft.NET.Sdk\targets\Microsoft.NET.Sdk.targets(204,5): message :       BuildOnlySettings;
                   C:\Program Files\dotnet\sdk\10.0.301\Sdks\Microsoft.NET.Sdk\targets\Microsoft.NET.Sdk.targets(204,5): message :       PrepareForBuild;
                   C:\Program Files\dotnet\sdk\10.0.301\Sdks\Microsoft.NET.Sdk\targets\Microsoft.NET.Sdk.targets(204,5): message :       PreBuildEvent;
                   C:\Program Files\dotnet\sdk\10.0.301\Sdks\Microsoft.NET.Sdk\targets\Microsoft.NET.Sdk.targets(204,5): message :       ResolveReferences;
                   C:\Program Files\dotnet\sdk\10.0.301\Sdks\Microsoft.NET.Sdk\targets\Microsoft.NET.Sdk.targets(204,5): message :       PrepareResources;
                   C:\Program Files\dotnet\sdk\10.0.301\Sdks\Microsoft.NET.Sdk\targets\Microsoft.NET.Sdk.targets(204,5): message :       ResolveKeySource;
                   C:\Program Files\dotnet\sdk\10.0.301\Sdks\Microsoft.NET.Sdk\targets\Microsoft.NET.Sdk.targets(204,5): message :       Compile;
                   C:\Program Files\dotnet\sdk\10.0.301\Sdks\Microsoft.NET.Sdk\targets\Microsoft.NET.Sdk.targets(204,5): message :       ExportWindowsMDFile;
                   C:\Program Files\dotnet\sdk\10.0.301\Sdks\Microsoft.NET.Sdk\targets\Microsoft.NET.Sdk.targets(204,5): message :       UnmanagedUnregistration;
                   C:\Program Files\dotnet\sdk\10.0.301\Sdks\Microsoft.NET.Sdk\targets\Microsoft.NET.Sdk.targets(204,5): message :       GenerateSerializationAssemblies;
                   C:\Program Files\dotnet\sdk\10.0.301\Sdks\Microsoft.NET.Sdk\targets\Microsoft.NET.Sdk.targets(204,5): message :       CreateSatelliteAssemblies;
                   C:\Program Files\dotnet\sdk\10.0.301\Sdks\Microsoft.NET.Sdk\targets\Microsoft.NET.Sdk.targets(204,5): message :       GenerateManifests;
                   C:\Program Files\dotnet\sdk\10.0.301\Sdks\Microsoft.NET.Sdk\targets\Microsoft.NET.Sdk.targets(204,5): message :       GetTargetPath;
                   C:\Program Files\dotnet\sdk\10.0.301\Sdks\Microsoft.NET.Sdk\targets\Microsoft.NET.Sdk.targets(204,5): message :       PrepareForRun;
                   C:\Program Files\dotnet\sdk\10.0.301\Sdks\Microsoft.NET.Sdk\targets\Microsoft.NET.Sdk.targets(204,5): message :       UnmanagedRegistration;
                   C:\Program Files\dotnet\sdk\10.0.301\Sdks\Microsoft.NET.Sdk\targets\Microsoft.NET.Sdk.targets(204,5): message :       IncrementalClean;
                   C:\Program Files\dotnet\sdk\10.0.301\Sdks\Microsoft.NET.Sdk\targets\Microsoft.NET.Sdk.targets(204,5): message :       PostBuildEvent
                   C:\Program Files\dotnet\sdk\10.0.301\Sdks\Microsoft.NET.Sdk\targets\Microsoft.NET.Sdk.targets(204,5): message :     ”)
                   C:\Program Files\dotnet\sdk\10.0.301\Sdks\Microsoft.NET.Sdk\targets\Microsoft.NET.Sdk.targets(213,5): message : 在 C:\Program Files\dotnet\sdk\10.0.301\Sdks\Microsoft.NET.Sdk\targets\Microsoft.NET.Sdk.targets (213,5) 处重新分配属性: $(CoreCleanDependsOn)=“
                   C:\Program Files\dotnet\sdk\10.0.301\Sdks\Microsoft.NET.Sdk\targets\Microsoft.NET.Sdk.targets(213,5): message :       _SdkBeforeClean;
                   C:\Program Files\dotnet\sdk\10.0.301\Sdks\Microsoft.NET.Sdk\targets\Microsoft.NET.Sdk.targets(213,5): message :       
                   C:\Program Files\dotnet\sdk\10.0.301\Sdks\Microsoft.NET.Sdk\targets\Microsoft.NET.Sdk.targets(213,5): message :     ”(先前值:“”)
                   C:\Program Files\dotnet\sdk\10.0.301\Sdks\Microsoft.NET.Sdk\targets\Microsoft.NET.Sdk.targets(220,5): message : 在 C:\Program Files\dotnet\sdk\10.0.301\Sdks\Microsoft.NET.Sdk\targets\Microsoft.NET.Sdk.targets (220,5) 处重新分配属性: $(RebuildDependsOn)=“
                   C:\Program Files\dotnet\sdk\10.0.301\Sdks\Microsoft.NET.Sdk\targets\Microsoft.NET.Sdk.targets(220,5): message :       _SdkBeforeRebuild;
                   C:\Program Files\dotnet\sdk\10.0.301\Sdks\Microsoft.NET.Sdk\targets\Microsoft.NET.Sdk.targets(220,5): message :       
                   C:\Program Files\dotnet\sdk\10.0.301\Sdks\Microsoft.NET.Sdk\targets\Microsoft.NET.Sdk.targets(220,5): message :       BeforeRebuild;
                   C:\Program Files\dotnet\sdk\10.0.301\Sdks\Microsoft.NET.Sdk\targets\Microsoft.NET.Sdk.targets(220,5): message :       Clean;
                   C:\Program Files\dotnet\sdk\10.0.301\Sdks\Microsoft.NET.Sdk\targets\Microsoft.NET.Sdk.targets(220,5): message :       Build;
                   C:\Program Files\dotnet\sdk\10.0.301\Sdks\Microsoft.NET.Sdk\targets\Microsoft.NET.Sdk.targets(220,5): message :       AfterRebuild;
                   C:\Program Files\dotnet\sdk\10.0.301\Sdks\Microsoft.NET.Sdk\targets\Microsoft.NET.Sdk.targets(220,5): message :     
                   C:\Program Files\dotnet\sdk\10.0.301\Sdks\Microsoft.NET.Sdk\targets\Microsoft.NET.Sdk.targets(220,5): message :     ”(先前值:“
                   C:\Program Files\dotnet\sdk\10.0.301\Sdks\Microsoft.NET.Sdk\targets\Microsoft.NET.Sdk.targets(220,5): message :       BeforeRebuild;
                   C:\Program Files\dotnet\sdk\10.0.301\Sdks\Microsoft.NET.Sdk\targets\Microsoft.NET.Sdk.targets(220,5): message :       Clean;
                   C:\Program Files\dotnet\sdk\10.0.301\Sdks\Microsoft.NET.Sdk\targets\Microsoft.NET.Sdk.targets(220,5): message :       Build;
                   C:\Program Files\dotnet\sdk\10.0.301\Sdks\Microsoft.NET.Sdk\targets\Microsoft.NET.Sdk.targets(220,5): message :       AfterRebuild;
                   C:\Program Files\dotnet\sdk\10.0.301\Sdks\Microsoft.NET.Sdk\targets\Microsoft.NET.Sdk.targets(220,5): message :     ”)
                   C:\Program Files\dotnet\sdk\10.0.301\Sdks\Microsoft.NET.Sdk\targets\Microsoft.NET.Sdk.targets(799,5): message : 在 C:\Program Files\dotnet\sdk\10.0.301\Sdks\Microsoft.NET.Sdk\targets\Microsoft.NET.Sdk.targets (799,5) 处重新分配属性: $(CompileDependsOn)=“
                   C:\Program Files\dotnet\sdk\10.0.301\Sdks\Microsoft.NET.Sdk\targets\Microsoft.NET.Sdk.targets(799,5): message :       
                   C:\Program Files\dotnet\sdk\10.0.301\Sdks\Microsoft.NET.Sdk\targets\Microsoft.NET.Sdk.targets(799,5): message :       ResolveReferences;
                   C:\Program Files\dotnet\sdk\10.0.301\Sdks\Microsoft.NET.Sdk\targets\Microsoft.NET.Sdk.targets(799,5): message :       ResolveKeySource;
                   C:\Program Files\dotnet\sdk\10.0.301\Sdks\Microsoft.NET.Sdk\targets\Microsoft.NET.Sdk.targets(799,5): message :       SetWin32ManifestProperties;
                   C:\Program Files\dotnet\sdk\10.0.301\Sdks\Microsoft.NET.Sdk\targets\Microsoft.NET.Sdk.targets(799,5): message :       _SetPreferNativeArm64Win32ManifestProperties;
                   C:\Program Files\dotnet\sdk\10.0.301\Sdks\Microsoft.NET.Sdk\targets\Microsoft.NET.Sdk.targets(799,5): message :       FindReferenceAssembliesForReferences;
                   C:\Program Files\dotnet\sdk\10.0.301\Sdks\Microsoft.NET.Sdk\targets\Microsoft.NET.Sdk.targets(799,5): message :       _GenerateCompileInputs;
                   C:\Program Files\dotnet\sdk\10.0.301\Sdks\Microsoft.NET.Sdk\targets\Microsoft.NET.Sdk.targets(799,5): message :       BeforeCompile;
                   C:\Program Files\dotnet\sdk\10.0.301\Sdks\Microsoft.NET.Sdk\targets\Microsoft.NET.Sdk.targets(799,5): message :       _TimeStampBeforeCompile;
                   C:\Program Files\dotnet\sdk\10.0.301\Sdks\Microsoft.NET.Sdk\targets\Microsoft.NET.Sdk.targets(799,5): message :       _GenerateCompileDependencyCache;
                   C:\Program Files\dotnet\sdk\10.0.301\Sdks\Microsoft.NET.Sdk\targets\Microsoft.NET.Sdk.targets(799,5): message :       CoreCompile;
                   C:\Program Files\dotnet\sdk\10.0.301\Sdks\Microsoft.NET.Sdk\targets\Microsoft.NET.Sdk.targets(799,5): message :       _TimeStampAfterCompile;
                   C:\Program Files\dotnet\sdk\10.0.301\Sdks\Microsoft.NET.Sdk\targets\Microsoft.NET.Sdk.targets(799,5): message :       AfterCompile;
                   C:\Program Files\dotnet\sdk\10.0.301\Sdks\Microsoft.NET.Sdk\targets\Microsoft.NET.Sdk.targets(799,5): message :     ;
                   C:\Program Files\dotnet\sdk\10.0.301\Sdks\Microsoft.NET.Sdk\targets\Microsoft.NET.Sdk.targets(799,5): message :       _CreateAppHost;
                   C:\Program Files\dotnet\sdk\10.0.301\Sdks\Microsoft.NET.Sdk\targets\Microsoft.NET.Sdk.targets(799,5): message :       _CreateComHost;
                   C:\Program Files\dotnet\sdk\10.0.301\Sdks\Microsoft.NET.Sdk\targets\Microsoft.NET.Sdk.targets(799,5): message :       _GetIjwHostPaths;
                   C:\Program Files\dotnet\sdk\10.0.301\Sdks\Microsoft.NET.Sdk\targets\Microsoft.NET.Sdk.targets(799,5): message :     ”(先前值:“
                   C:\Program Files\dotnet\sdk\10.0.301\Sdks\Microsoft.NET.Sdk\targets\Microsoft.NET.Sdk.targets(799,5): message :       ResolveReferences;
                   C:\Program Files\dotnet\sdk\10.0.301\Sdks\Microsoft.NET.Sdk\targets\Microsoft.NET.Sdk.targets(799,5): message :       ResolveKeySource;
                   C:\Program Files\dotnet\sdk\10.0.301\Sdks\Microsoft.NET.Sdk\targets\Microsoft.NET.Sdk.targets(799,5): message :       SetWin32ManifestProperties;
                   C:\Program Files\dotnet\sdk\10.0.301\Sdks\Microsoft.NET.Sdk\targets\Microsoft.NET.Sdk.targets(799,5): message :       _SetPreferNativeArm64Win32ManifestProperties;
                   C:\Program Files\dotnet\sdk\10.0.301\Sdks\Microsoft.NET.Sdk\targets\Microsoft.NET.Sdk.targets(799,5): message :       FindReferenceAssembliesForReferences;
                   C:\Program Files\dotnet\sdk\10.0.301\Sdks\Microsoft.NET.Sdk\targets\Microsoft.NET.Sdk.targets(799,5): message :       _GenerateCompileInputs;
                   C:\Program Files\dotnet\sdk\10.0.301\Sdks\Microsoft.NET.Sdk\targets\Microsoft.NET.Sdk.targets(799,5): message :       BeforeCompile;
                   C:\Program Files\dotnet\sdk\10.0.301\Sdks\Microsoft.NET.Sdk\targets\Microsoft.NET.Sdk.targets(799,5): message :       _TimeStampBeforeCompile;
                   C:\Program Files\dotnet\sdk\10.0.301\Sdks\Microsoft.NET.Sdk\targets\Microsoft.NET.Sdk.targets(799,5): message :       _GenerateCompileDependencyCache;
                   C:\Program Files\dotnet\sdk\10.0.301\Sdks\Microsoft.NET.Sdk\targets\Microsoft.NET.Sdk.targets(799,5): message :       CoreCompile;
                   C:\Program Files\dotnet\sdk\10.0.301\Sdks\Microsoft.NET.Sdk\targets\Microsoft.NET.Sdk.targets(799,5): message :       _TimeStampAfterCompile;
                   C:\Program Files\dotnet\sdk\10.0.301\Sdks\Microsoft.NET.Sdk\targets\Microsoft.NET.Sdk.targets(799,5): message :       AfterCompile;
                   C:\Program Files\dotnet\sdk\10.0.301\Sdks\Microsoft.NET.Sdk\targets\Microsoft.NET.Sdk.targets(799,5): message :     ”)
                   C:\Program Files\dotnet\sdk\10.0.301\Sdks\Microsoft.NET.Sdk\targets\Microsoft.NET.Sdk.targets(1131,5): message : 在 C:\Program Files\dotnet\sdk\10.0.301\Sdks\Microsoft.NET.Sdk\targets\Microsoft.NET.Sdk.targets (1131,5) 处重新分配属性: $(CreateSatelliteAssembliesDependsOn)=“
                   C:\Program Files\dotnet\sdk\10.0.301\Sdks\Microsoft.NET.Sdk\targets\Microsoft.NET.Sdk.targets(1131,5): message :       
                   C:\Program Files\dotnet\sdk\10.0.301\Sdks\Microsoft.NET.Sdk\targets\Microsoft.NET.Sdk.targets(1131,5): message :       ;
                   C:\Program Files\dotnet\sdk\10.0.301\Sdks\Microsoft.NET.Sdk\targets\Microsoft.NET.Sdk.targets(1131,5): message :       _GenerateSatelliteAssemblyInputs;
                   C:\Program Files\dotnet\sdk\10.0.301\Sdks\Microsoft.NET.Sdk\targets\Microsoft.NET.Sdk.targets(1131,5): message :       ComputeIntermediateSatelliteAssemblies;
                   C:\Program Files\dotnet\sdk\10.0.301\Sdks\Microsoft.NET.Sdk\targets\Microsoft.NET.Sdk.targets(1131,5): message :       GenerateSatelliteAssemblies
                   C:\Program Files\dotnet\sdk\10.0.301\Sdks\Microsoft.NET.Sdk\targets\Microsoft.NET.Sdk.targets(1131,5): message :     ;
                   C:\Program Files\dotnet\sdk\10.0.301\Sdks\Microsoft.NET.Sdk\targets\Microsoft.NET.Sdk.targets(1131,5): message :       CoreGenerateSatelliteAssemblies
                   C:\Program Files\dotnet\sdk\10.0.301\Sdks\Microsoft.NET.Sdk\targets\Microsoft.NET.Sdk.targets(1131,5): message :     ”(先前值:“
                   C:\Program Files\dotnet\sdk\10.0.301\Sdks\Microsoft.NET.Sdk\targets\Microsoft.NET.Sdk.targets(1131,5): message :       ;
                   C:\Program Files\dotnet\sdk\10.0.301\Sdks\Microsoft.NET.Sdk\targets\Microsoft.NET.Sdk.targets(1131,5): message :       _GenerateSatelliteAssemblyInputs;
                   C:\Program Files\dotnet\sdk\10.0.301\Sdks\Microsoft.NET.Sdk\targets\Microsoft.NET.Sdk.targets(1131,5): message :       ComputeIntermediateSatelliteAssemblies;
                   C:\Program Files\dotnet\sdk\10.0.301\Sdks\Microsoft.NET.Sdk\targets\Microsoft.NET.Sdk.targets(1131,5): message :       GenerateSatelliteAssemblies
                   C:\Program Files\dotnet\sdk\10.0.301\Sdks\Microsoft.NET.Sdk\targets\Microsoft.NET.Sdk.targets(1131,5): message :     ”)
                   C:\Program Files\dotnet\sdk\10.0.301\Sdks\Microsoft.SourceLink.GitLab\build\Microsoft.SourceLink.GitLab.targets(12,5): message : 在 C:\Program Files\dotnet\sdk\10.0.301\Sdks\Microsoft.SourceLink.GitLab\build\Microsoft.SourceLink.GitLab.targets (12,5) 处重新分配属性: $(SourceLinkUrlInitializerTargets)=“;_InitializeGitHubSourceLinkUrl;_InitializeGitLabSourceLinkUrl”(先前值:“;_InitializeGitHubSourceLinkUrl”)
                   C:\Program Files\dotnet\sdk\10.0.301\Sdks\Microsoft.SourceLink.GitLab\build\Microsoft.SourceLink.GitLab.targets(13,5): message : 在 C:\Program Files\dotnet\sdk\10.0.301\Sdks\Microsoft.SourceLink.GitLab\build\Microsoft.SourceLink.GitLab.targets (13,5) 处重新分配属性: $(SourceControlManagerUrlTranslationTargets)=“;TranslateGitHubUrlsInSourceControlInformation;TranslateGitLabUrlsInSourceControlInformation”(先前值:“;TranslateGitHubUrlsInSourceControlInformation”)
                   C:\Program Files\dotnet\sdk\10.0.301\Sdks\Microsoft.SourceLink.AzureRepos.Git\build\Microsoft.SourceLink.AzureRepos.Git.targets(12,5): message : 在 C:\Program Files\dotnet\sdk\10.0.301\Sdks\Microsoft.SourceLink.AzureRepos.Git\build\Microsoft.SourceLink.AzureRepos.Git.targets (12,5) 处重新分配属性: $(SourceLinkUrlInitializerTargets)=“;_InitializeGitHubSourceLinkUrl;_InitializeGitLabSourceLinkUrl;_InitializeAzureReposGitSourceLinkUrl”(先前值:“;_InitializeGitHubSourceLinkUrl;_InitializeGitLabSourceLinkUrl”)
                   C:\Program Files\dotnet\sdk\10.0.301\Sdks\Microsoft.SourceLink.AzureRepos.Git\build\Microsoft.SourceLink.AzureRepos.Git.targets(13,5): message : 在 C:\Program Files\dotnet\sdk\10.0.301\Sdks\Microsoft.SourceLink.AzureRepos.Git\build\Microsoft.SourceLink.AzureRepos.Git.targets (13,5) 处重新分配属性: $(SourceControlManagerUrlTranslationTargets)=“;TranslateGitHubUrlsInSourceControlInformation;TranslateGitLabUrlsInSourceControlInformation;TranslateAzureReposGitUrlsInSourceControlInformation”(先前值:“;TranslateGitHubUrlsInSourceControlInformation;TranslateGitLabUrlsInSourceControlInformation”)
                   C:\Program Files\dotnet\sdk\10.0.301\Sdks\Microsoft.SourceLink.Bitbucket.Git\build\Microsoft.SourceLink.Bitbucket.Git.targets(12,5): message : 在 C:\Program Files\dotnet\sdk\10.0.301\Sdks\Microsoft.SourceLink.Bitbucket.Git\build\Microsoft.SourceLink.Bitbucket.Git.targets (12,5) 处重新分配属性: $(SourceLinkUrlInitializerTargets)=“;_InitializeGitHubSourceLinkUrl;_InitializeGitLabSourceLinkUrl;_InitializeAzureReposGitSourceLinkUrl;_InitializeBitbucketGitSourceLinkUrl”(先前值:“;_InitializeGitHubSourceLinkUrl;_InitializeGitLabSourceLinkUrl;_InitializeAzureReposGitSourceLinkUrl”)
                   C:\Program Files\dotnet\sdk\10.0.301\Sdks\Microsoft.SourceLink.Bitbucket.Git\build\Microsoft.SourceLink.Bitbucket.Git.targets(13,5): message : 在 C:\Program Files\dotnet\sdk\10.0.301\Sdks\Microsoft.SourceLink.Bitbucket.Git\build\Microsoft.SourceLink.Bitbucket.Git.targets (13,5) 处重新分配属性: $(SourceControlManagerUrlTranslationTargets)=“;TranslateGitHubUrlsInSourceControlInformation;TranslateGitLabUrlsInSourceControlInformation;TranslateAzureReposGitUrlsInSourceControlInformation;TranslateBitbucketGitUrlsInSourceControlInformation”(先前值:“;TranslateGitHubUrlsInSourceControlInformation;TranslateGitLabUrlsInSourceControlInformation;TranslateAzureReposGitUrlsInSourceControlInformation”)
                   C:\Program Files\dotnet\sdk\10.0.301\Sdks\Microsoft.NET.Sdk\targets\Microsoft.NET.DesignerSupport.targets(21,5): message : 在 C:\Program Files\dotnet\sdk\10.0.301\Sdks\Microsoft.NET.Sdk\targets\Microsoft.NET.DesignerSupport.targets (21,5) 处重新分配属性: $(DesignerRuntimeImplementationProjectOutputGroupDependsOn)=“
                   C:\Program Files\dotnet\sdk\10.0.301\Sdks\Microsoft.NET.Sdk\targets\Microsoft.NET.DesignerSupport.targets(21,5): message :       
                   C:\Program Files\dotnet\sdk\10.0.301\Sdks\Microsoft.NET.Sdk\targets\Microsoft.NET.DesignerSupport.targets(21,5): message :       ;
                   C:\Program Files\dotnet\sdk\10.0.301\Sdks\Microsoft.NET.Sdk\targets\Microsoft.NET.DesignerSupport.targets(21,5): message :       
                   C:\Program Files\dotnet\sdk\10.0.301\Sdks\Microsoft.NET.Sdk\targets\Microsoft.NET.DesignerSupport.targets(21,5): message :       ;
                   C:\Program Files\dotnet\sdk\10.0.301\Sdks\Microsoft.NET.Sdk\targets\Microsoft.NET.DesignerSupport.targets(21,5): message :       BuildOnlySettings;
                   C:\Program Files\dotnet\sdk\10.0.301\Sdks\Microsoft.NET.Sdk\targets\Microsoft.NET.DesignerSupport.targets(21,5): message :       PrepareForBuild;
                   C:\Program Files\dotnet\sdk\10.0.301\Sdks\Microsoft.NET.Sdk\targets\Microsoft.NET.DesignerSupport.targets(21,5): message :       AssignTargetPaths;
                   C:\Program Files\dotnet\sdk\10.0.301\Sdks\Microsoft.NET.Sdk\targets\Microsoft.NET.DesignerSupport.targets(21,5): message :       ResolveReferences
                   C:\Program Files\dotnet\sdk\10.0.301\Sdks\Microsoft.NET.Sdk\targets\Microsoft.NET.DesignerSupport.targets(21,5): message :     
                   C:\Program Files\dotnet\sdk\10.0.301\Sdks\Microsoft.NET.Sdk\targets\Microsoft.NET.DesignerSupport.targets(21,5): message :     ;
                   C:\Program Files\dotnet\sdk\10.0.301\Sdks\Microsoft.NET.Sdk\targets\Microsoft.NET.DesignerSupport.targets(21,5): message :       _GenerateDesignerDepsFile;
                   C:\Program Files\dotnet\sdk\10.0.301\Sdks\Microsoft.NET.Sdk\targets\Microsoft.NET.DesignerSupport.targets(21,5): message :       _GenerateDesignerRuntimeConfigFile;
                   C:\Program Files\dotnet\sdk\10.0.301\Sdks\Microsoft.NET.Sdk\targets\Microsoft.NET.DesignerSupport.targets(21,5): message :       GetCopyToOutputDirectoryItems;
                   C:\Program Files\dotnet\sdk\10.0.301\Sdks\Microsoft.NET.Sdk\targets\Microsoft.NET.DesignerSupport.targets(21,5): message :       _GatherDesignerShadowCopyFiles;
                   C:\Program Files\dotnet\sdk\10.0.301\Sdks\Microsoft.NET.Sdk\targets\Microsoft.NET.DesignerSupport.targets(21,5): message :     ”(先前值:“
                   C:\Program Files\dotnet\sdk\10.0.301\Sdks\Microsoft.NET.Sdk\targets\Microsoft.NET.DesignerSupport.targets(21,5): message :       ;
                   C:\Program Files\dotnet\sdk\10.0.301\Sdks\Microsoft.NET.Sdk\targets\Microsoft.NET.DesignerSupport.targets(21,5): message :       
                   C:\Program Files\dotnet\sdk\10.0.301\Sdks\Microsoft.NET.Sdk\targets\Microsoft.NET.DesignerSupport.targets(21,5): message :       ;
                   C:\Program Files\dotnet\sdk\10.0.301\Sdks\Microsoft.NET.Sdk\targets\Microsoft.NET.DesignerSupport.targets(21,5): message :       BuildOnlySettings;
                   C:\Program Files\dotnet\sdk\10.0.301\Sdks\Microsoft.NET.Sdk\targets\Microsoft.NET.DesignerSupport.targets(21,5): message :       PrepareForBuild;
                   C:\Program Files\dotnet\sdk\10.0.301\Sdks\Microsoft.NET.Sdk\targets\Microsoft.NET.DesignerSupport.targets(21,5): message :       AssignTargetPaths;
                   C:\Program Files\dotnet\sdk\10.0.301\Sdks\Microsoft.NET.Sdk\targets\Microsoft.NET.DesignerSupport.targets(21,5): message :       ResolveReferences
                   C:\Program Files\dotnet\sdk\10.0.301\Sdks\Microsoft.NET.Sdk\targets\Microsoft.NET.DesignerSupport.targets(21,5): message :     
                   C:\Program Files\dotnet\sdk\10.0.301\Sdks\Microsoft.NET.Sdk\targets\Microsoft.NET.DesignerSupport.targets(21,5): message :     ”)
                   C:\Program Files\dotnet\sdk\10.0.301\Sdks\Microsoft.NET.Sdk\targets\Microsoft.NET.Sdk.CSharp.targets(31,5): message : 在 C:\Program Files\dotnet\sdk\10.0.301\Sdks\Microsoft.NET.Sdk\targets\Microsoft.NET.Sdk.CSharp.targets (31,5) 处重新分配属性: $(DefineConstants)=“TRACE;DEBUG”(先前值:“TRACE”)
                   C:\Program Files\dotnet\sdk\10.0.301\Sdks\Microsoft.NET.Sdk\targets\Microsoft.NET.Sdk.CSharp.targets(45,5): message : 在 C:\Program Files\dotnet\sdk\10.0.301\Sdks\Microsoft.NET.Sdk\targets\Microsoft.NET.Sdk.CSharp.targets (45,5) 处重新分配属性: $(WarningsAsErrors)=“;NU1605;SYSLIB0011”(先前值:“;NU1605”)
                   C:\Program Files\dotnet\sdk\10.0.301\NuGet.Build.Tasks.Pack.targets(34,5): message : 在 C:\Program Files\dotnet\sdk\10.0.301\NuGet.Build.Tasks.Pack.targets (34,5) 处重新分配属性: $(PackageDescription)=“Package Description”(先前值:“”)
                   C:\Program Files\dotnet\sdk\10.0.301\NuGet.Build.Tasks.Pack.targets(59,5): message : 在 C:\Program Files\dotnet\sdk\10.0.301\NuGet.Build.Tasks.Pack.targets (59,5) 处重新分配属性: $(GenerateNuspecDependsOn)=“Build;_LoadPackInputItems; _GetTargetFrameworksOutput; _WalkEachTargetPerFramework; _GetPackageFiles; ”(先前值:“_LoadPackInputItems; _GetTargetFrameworksOutput; _WalkEachTargetPerFramework; _GetPackageFiles; ”)
                   C:\Program Files\dotnet\sdk\10.0.301\Sdks\Microsoft.NET.Sdk\Sdk\Sdk.targets(59,5): message : 在 C:\Program Files\dotnet\sdk\10.0.301\Sdks\Microsoft.NET.Sdk\Sdk\Sdk.targets (59,5) 处重新分配属性: $(_IsNotSetContainersTargetsDir)=“true”(先前值:“false”)
                   C:\Program Files\dotnet\sdk\10.0.301\Containers\build\Microsoft.NET.Build.Containers.targets(5,5): message : 在 C:\Program Files\dotnet\sdk\10.0.301\Containers\build\Microsoft.NET.Build.Containers.targets (5,5) 处重新分配属性: $(_IsSDKContainerAllowedVersion)=“true”(先前值:“false”)
                   C:\Program Files\dotnet\sdk\10.0.301\Containers\build\Microsoft.NET.Build.Containers.targets(15,5): message : 在 C:\Program Files\dotnet\sdk\10.0.301\Containers\build\Microsoft.NET.Build.Containers.targets (15,5) 处重新分配属性: $(_ContainerIsTargetingNet8TFM)=“true”(先前值:“false”)
                   正在使用项目“C:\Program Files\dotnet\sdk\10.0.301\Sdks\Microsoft.NET.Sdk\targets\Microsoft.NET.Sdk.FrameworkReferenceResolution.targets”中的目标“ResolveFrameworkReferences”重写项目“C:\Program Files\dotnet\sdk\10.0.301\Microsoft.Common.CurrentVersion.targets”中的目标“ResolveFrameworkReferences”。
                   正在使用项目“C:\Program Files\dotnet\sdk\10.0.301\Sdks\Microsoft.NET.Sdk\targets\Microsoft.NET.Sdk.targets”中的目标“GenerateSupportedTargetFrameworkAlias”重写项目“C:\Program Files\dotnet\sdk\10.0.301\Microsoft.Common.CurrentVersion.targets”中的目标“GenerateSupportedTargetFrameworkAlias”。
                   正在使用项目“C:\Program Files\dotnet\sdk\10.0.301\Sdks\Microsoft.NET.Sdk\targets\Microsoft.NET.DisableStandardFrameworkResolution.targets”中的目标“GetReferenceAssemblyPaths”重写项目“C:\Program Files\dotnet\sdk\10.0.301\Microsoft.Common.CurrentVersion.targets”中的目标“GetReferenceAssemblyPaths”。
                   正在使用项目“C:\Program Files\dotnet\sdk\10.0.301\Sdks\Microsoft.NET.Sdk\targets\Microsoft.NET.DisableStandardFrameworkResolution.targets”中的目标“GetFrameworkPaths”重写项目“C:\Program Files\dotnet\sdk\10.0.301\Microsoft.Common.CurrentVersion.targets”中的目标“GetFrameworkPaths”。
                   正在使用项目“C:\Program Files\dotnet\sdk\10.0.301\Sdks\Microsoft.NET.Sdk\targets\Microsoft.NET.DesignerSupport.targets”中的目标“DesignerRuntimeImplementationProjectOutputGroup”重写项目“C:\Program Files\dotnet\sdk\10.0.301\Microsoft.Common.CurrentVersion.targets”中的目标“DesignerRuntimeImplementationProjectOutputGroup”。
                   正在使用项目“C:\Program Files\dotnet\sdk\10.0.301\Sdks\Microsoft.NET.Sdk\targets\Microsoft.NET.Publish.targets”中的目标“Publish”重写项目“C:\Program Files\dotnet\sdk\10.0.301\Microsoft.Common.CurrentVersion.targets”中的目标“Publish”。
                   正在使用项目“C:\Program Files\dotnet\sdk\10.0.301\Sdks\Microsoft.NET.Sdk\targets\Microsoft.NET.Publish.targets”中的目标“ResolveReadyToRunCompilers”重写项目“C:\Program Files\dotnet\sdk\10.0.301\Sdks\Microsoft.NET.Sdk\targets\Microsoft.NET.CrossGen.targets”中的目标“ResolveReadyToRunCompilers”。
                   正在使用项目“C:\Program Files\dotnet\sdk\10.0.301\Sdks\Microsoft.NET.Sdk\targets\Microsoft.NET.Publish.targets”中的目标“GetCopyToPublishDirectoryItems”重写项目“C:\Program Files\dotnet\sdk\10.0.301\Microsoft.Common.CurrentVersion.targets”中的目标“GetCopyToPublishDirectoryItems”。
                   正在使用项目“C:\Program Files\dotnet\sdk\10.0.301\Sdks\Microsoft.NET.Sdk\targets\Microsoft.NET.Sdk.targets”中的目标“Run”重写项目“C:\Program Files\dotnet\sdk\10.0.301\Microsoft.Common.CurrentVersion.targets”中的目标“Run”。
01:04:09.844     0>初始属性:
                   __DisableWorkloadResolverSentinelPath = C:\Program Files\dotnet\sdk\10.0.301\DisableWorkloadResolver.sentinel
                   __WindowsAppSdkDefaultImageIncludes = **/*.png;**/*.bmp;**/*.jpg;**/*.dds;**/*.tif;**/*.tga;**/*.gif
                   _AfterSdkPublishDependsOn = Publish
                   _ApiCompatValidatePackageSemaphoreFile = obj\Debug\net10.0\Microsoft.NET.ApiCompat.ValidatePackage.semaphore
                   _BeforePublishNoBuildTargets = 
                         BuildOnlySettings;
                         _PreventProjectReferencesFromBuilding;
                         ResolveReferences;
                         PrepareResourceNames;
                         ComputeIntermediateSatelliteAssemblies;
                         ComputeEmbeddedApphostPaths;
                       
                   _BinaryFormatterObsoleteAsError = true
                   _BuildTasksAssemblyName = Microsoft.Build.Tasks.CodeAnalysis
                   _BuildTasksDirectory = C:\Program Files\dotnet\sdk\10.0.301\Sdks\Microsoft.NET.Sdk\targets\..\..\..\Roslyn\
                   _ComHostLibraryExtension = .dll
                   _ContainerIsSelfContained = false
                   _ContainerIsTargetingNet8TFM = true
                   _ContainersTargetsDir = C:\Program Files\dotnet\sdk\10.0.301\Sdks\Microsoft.NET.Sdk\Sdk\..\..\..\Containers\build\
                   _CorePublishTargets = 
                         PrepareForPublish;
                         ComputeAndCopyFilesToPublishDirectory;
                         ;
                         PublishItemsOutputGroup;
                       
                   _DebugSymbolsProduced = true
                   _DefaultArtifactsPathPropsImported = true
                   _DefaultUserProfileRuntimeStorePath = C:\Users\Administrator\.dotnet\store
                   _DeploymentApplicationManifestIdentity = NikkiLoader.exe
                   _DeploymentBuiltUpdateInterval = 0
                   _DeploymentBuiltUpdateIntervalUnits = Days
                   _DeploymentDeployManifestIdentity = NikkiLoader.application
                   _DeploymentFileMappingExtension = 
                   _DeploymentLauncherBased = true
                   _DeploymentPublishableProjectDefault = true
                   _DeploymentTargetApplicationManifestFileName = NikkiLoader.dll.manifest
                   _DeploymentUrl = 
                   _DesignerDepsFileName = NikkiLoader.designer.deps.json
                   _DesignerDepsFilePath = obj\Debug\net10.0\NikkiLoader.designer.deps.json
                   _DesignerRuntimeConfigFileName = NikkiLoader.designer.runtimeconfig.json
                   _DesignerRuntimeConfigFilePath = obj\Debug\net10.0\NikkiLoader.designer.runtimeconfig.json
                   _DirectoryBuildPropsBasePath = 
                   _DirectoryBuildPropsFile = Directory.Build.props
                   _DirectoryBuildTargetsBasePath = 
                   _DirectoryBuildTargetsFile = Directory.Build.targets
                   _DirectoryPackagesPropsBasePath = 
                   _DirectoryPackagesPropsFile = Directory.Packages.props
                   _DocumentationFileProduced = false
                   _DotNetAppHostExecutableName = apphost.exe
                   _DotNetAppHostExecutableNameWithoutExtension = apphost
                   _DotNetComHostLibraryName = comhost.dll
                   _DotNetComHostLibraryNameWithoutExtension = comhost
                   _DotNetHostExecutableName = dotnet.exe
                   _DotNetHostFxrLibraryName = libhostfxr.so
                   _DotNetHostPolicyLibraryName = libhostpolicy.so
                   _DotNetIjwHostLibraryName = Ijwhost.dll
                   _DotNetIjwHostLibraryNameWithoutExtension = Ijwhost
                   _DotNetSingleFileHostExecutableNameWithoutExtension = singlefilehost
                   _EnableDefaultWindowsPlatform = false
                   _FirstTargetFrameworkToSupportAot = net7.0
                   _FirstTargetFrameworkToSupportSingleFile = net6.0
                   _FirstTargetFrameworkToSupportTrimming = net6.0
                   _FirstTargetFrameworkVersionToSupportAotAnalyzer = 7.0
                   _FirstTargetFrameworkVersionToSupportSingleFileAnalyzer = 6.0
                   _FirstTargetFrameworkVersionToSupportTrimAnalyzer = 6.0
                   _GenerateBindingRedirectsIntermediateAppConfig = obj\Debug\net10.0\NikkiLoader.dll.config
                   _GeneratePublishDependencyFilePropertyInputsCache = D:\Project\AssetRipper\.workbuddy\tmp\NikkiLoader\obj\Debug\net10.0\NikkiLoader.genpublishdeps.cache
                   _GenerateRestoreGraphProjectEntryInputProperties = ExcludeRestorePackageImports=true
                   _GenerateRuntimeConfigurationPropertyInputsCache = D:\Project\AssetRipper\.workbuddy\tmp\NikkiLoader\obj\Debug\net10.0\NikkiLoader.genruntimeconfig.cache
                   _GenerateSingleFileBundlePropertyInputsCache = D:\Project\AssetRipper\.workbuddy\tmp\NikkiLoader\obj\Debug\net10.0\NikkiLoader.genbundle.cache
                   _GenerateSourceLinkFileBeforeTargets = CoreCompile
                   _GenerateSourceLinkFileDependsOnTargets = 
                   _GenerateSupportedRuntimeIntermediateAppConfig = obj\Debug\net10.0\NikkiLoader.dll.withSupportedRuntime.config
                   _GetChildProjectCopyToOutputDirectoryItems = true
                   _GetChildProjectCopyToPublishDirectoryItems = true
                   _IjwHostLibraryExtension = .dll
                   _InitialBaseIntermediateOutputPath = obj\
                   _IsDisjointMSBuildVersion = False
                   _IsExecutable = true
                   _IsNETCoreOrNETStandard = true
                   _IsNotSetContainersTargetsDir = true
                   _IsSDKContainerAllowedVersion = true
                   _LatestAnalysisLevel = 10.0
                   _MaxAvailableLangVersion = 14.0
                   _MaxSupportedLangVersion = 14.0
                   _MicrosoftSourceLinkCommonAssemblyFile = C:\Program Files\dotnet\sdk\10.0.301\Sdks\Microsoft.SourceLink.Common\build\..\tools\net\Microsoft.SourceLink.Common.dll
                   _MinimumNonEolSupportedNetCoreTargetFramework = net8.0
                   _MSBuildVersionMajorMinor = 18.6
                   _NativeExecutableExtension = .exe
                   _NativeLibraryExtension = .so
                   _NativeLibraryPrefix = lib
                   _NETAnalyzersSDKAssemblyVersion = 10.0.301
                   _NETCoreSdkIsPreview = false
                   _NetFrameworkHostedCompilersVersion = 5.6.0-2.26270.133
                   _NoneAnalysisLevel = 4.0
                   _NugetFallbackFolder = C:\Program Files\dotnet\sdk\10.0.301\Sdks\Microsoft.NET.Sdk\targets\..\..\..\..\NuGetFallbackFolder
                   _NugetTargetMonikerAndRID = .NETCoreApp,Version=v10.0
                   _OriginalConfiguration = Debug
                   _OriginalPlatform = AnyCPU
                   _PlatformWithoutConfigurationInference = AnyCPU
                   _PreviewAnalysisLevel = 11.0
                   _ProjectDefaultTargets = Build
                   _PublishNoBuildAlternativeDependsOn = 
                         BuildOnlySettings;
                         _PreventProjectReferencesFromBuilding;
                         ResolveReferences;
                         PrepareResourceNames;
                         ComputeIntermediateSatelliteAssemblies;
                         ComputeEmbeddedApphostPaths;
                       ;
                         PrepareForPublish;
                         ComputeAndCopyFilesToPublishDirectory;
                         ;
                         PublishItemsOutputGroup;
                       
                   _PublishProfileDesignerFolder = Properties
                   _PublishProfileRootFolder = D:\Project\AssetRipper\.workbuddy\tmp\NikkiLoader\Properties\PublishProfiles\
                   _RecursiveTargetForContentCopying = GetCopyToOutputDirectoryItems
                   _ResolveReferenceDependencies = false
                   _RuntimeIdentifierUsesAppHost = true
                   _RuntimePackInWorkloadVersion6 = 6.0.36
                   _RuntimePackInWorkloadVersion7 = 7.0.20
                   _RuntimePackInWorkloadVersion8 = 8.0.28
                   _RuntimePackInWorkloadVersion9 = 9.0.17
                   _RuntimePackInWorkloadVersionCurrent = 10.0.9
                   _SGenDllCreated = false
                   _SGenDllName = NikkiLoader.XmlSerializers.dll
                   _SGenGenerateSerializationAssembliesConfig = Off
                   _SourceLinkAzureReposGitAssemblyFile = C:\Program Files\dotnet\sdk\10.0.301\Sdks\Microsoft.SourceLink.AzureRepos.Git\build\..\tools\net\Microsoft.SourceLink.AzureRepos.Git.dll
                   _SourceLinkBitbucketAssemblyFile = C:\Program Files\dotnet\sdk\10.0.301\Sdks\Microsoft.SourceLink.Bitbucket.Git\build\..\tools\net\Microsoft.SourceLink.Bitbucket.Git.dll
                   _SourceLinkGitHubAssemblyFile = C:\Program Files\dotnet\sdk\10.0.301\Sdks\Microsoft.SourceLink.GitHub\build\..\tools\net\Microsoft.SourceLink.GitHub.dll
                   _SourceLinkGitLabAssemblyFile = C:\Program Files\dotnet\sdk\10.0.301\Sdks\Microsoft.SourceLink.GitLab\build\..\tools\net\Microsoft.SourceLink.GitLab.dll
                   _SourceLinkPropsImported = true
                   _SourceLinkSdkSubDir = build
                   _SupportedArchitectures = amd64 arm64
                   _SupportedPlatformList = @(SupportedPlatform, ',')
                   _TargetFrameworkDirectories = 
                   _TargetFrameworkVersionValue = 0.0
                   _TargetFrameworkVersionWithoutV = 10.0
                   _TargetLatestRuntimePatchIsDefault = true
                   _TargetPlatformVersionUsesCsWinRT3 = false
                   _TargetsThatPrepareProjectReferences = 
                         AssignProjectConfiguration;
                         _SplitProjectReferencesByFileExistence
                       
                   _UseAttributeForTargetFrameworkInfoPropertyNames = true
                   _UsingDefaultForHasRuntimeOutput = true
                   _UsingDefaultPlatformTarget = true
                   _WindowsDesktopSdkTargetFrameworkVersionFloor = 3.0
                   _WorkloadLibraryPacksFolder = C:\Program Files\dotnet\library-packs
                   AddAdditionalExplicitAssemblyReferences = false
                   AddAppConfigToBuildOutputs = true
                   AllowedOutputExtensionsInPackageBuildOutputFolder = .dll; .exe; .winmd; .json; .pri; .xml ;
                   AllowedOutputExtensionsInSymbolsPackageBuildOutputFolder = .pdb; .mdb; .dll; .exe; .winmd; .json; .pri; .xml ;; 
                   AllowedReferenceAssemblyFileExtensions = 
                         .winmd;
                         .dll;
                         .exe
                       
                   AllowedReferenceRelatedFileExtensions = 
                         .pdb;
                         .xml;
                         .pri;
                         .dll.config;
                         .exe.config
                       
                   AllowUnsafeBlocks = true
                   AlwaysIncludeCoreFrameworkInRuntimeConfig = true
                   AlwaysUseNumericalSuffixInItemNames = true
                   AnalysisLevel = latest
                   AppDesignerFolder = Properties
                   AppendPlatformToOutputPath = false
                   AppendRuntimeIdentifierToOutputPath = true
                   AppendTargetFrameworkToOutputPath = true
                   AssemblyFoldersConfigFile = C:\Program Files\dotnet\sdk\10.0.301\AssemblyFolders.config
                   AssemblyFoldersSuffix = AssemblyFoldersEx
                   AssemblyName = NikkiLoader
                   AssemblySearchPaths = {CandidateAssemblyFiles};{HintPathFromItem};{TargetFrameworkDirectory};{RawFileName}
                   AssemblyTitle = NikkiLoader
                   AssetTargetFallback = ;net461;net462;net47;net471;net472;net48;net481
                   AssignTargetPathsDependsOn = 
                   Authors = NikkiLoader
                   AutomaticallyUseReferenceAssemblyPackages = true
                   AutoUnifyAssemblyReferences = true
                   AvailablePlatforms = Any CPU,x86,x64,ARM32,ARM64
                   BaseIntermediateOutputPath = obj\
                   BaseOutputPath = bin\
                   BaseOutputPathWasSpecified = true
                   BuildCompileAction = Build
                   BuildDependsOn = 
                         BeforeBuild;
                         CoreBuild;
                         AfterBuild
                       
                   BuildGenerateSourcesAction = Build
                   BuildingProject = false
                   BuildInParallel = true
                   BuildLinkAction = Build
                   BuildOutputTargetFolder = lib
                   BuildProjectReferences = true
                   BuiltProjectOutputGroupDependenciesDependsOn = 
                         ;
                         
                         ;
                         BuildOnlySettings;
                         PrepareForBuild;
                         AssignTargetPaths;
                         ResolveReferences
                       
                       
                   BuiltProjectOutputGroupDependsOn = PrepareForBuild
                   BundledMSBuildVersion = 18.6.4
                   BundledNETCoreAppPackageVersion = 10.0.9
                   BundledNETCoreAppTargetFrameworkVersion = 10.0
                   BundledNETCorePlatformsPackageVersion = 10.0.9-servicing.26270.113
                   BundledNETStandardPackageVersion = 2.1.0
                   BundledNETStandardTargetFrameworkVersion = 2.1
                   BundledRuntimeIdentifierGraphFile = C:\Program Files\dotnet\sdk\10.0.301\RuntimeIdentifierGraph.json
                   CheckEolTargetFramework = true
                   CheckEolWorkloads = true
                   CheckForOverflowUnderflow = false
                   CleanDependsOn = 
                         BeforeClean;
                         UnmanagedUnregistration;
                         CoreClean;
                         CleanReferencedProjects;
                         CleanPublishFolder;
                         AfterClean
                       
                   CleanFile = NikkiLoader.csproj.FileListAbsolute.txt
                   ClickOncePublishDir = bin\Debug\net10.0\publish\
                   CodeAnalysisRuleIds = CA1000;CA1001;CA1002;CA1003;CA1005;CA1008;CA1010;CA1012;CA1014;CA1016;CA1017;CA1018;CA1019;CA1021;CA1024;CA1027;CA1028;CA1030;CA1031;CA1032;CA1033;CA1034;CA1036;CA1040;CA1041;CA1043;CA1044;CA1045;CA1046;CA1047;CA1050;CA1051;CA1052;CA1054;CA1055;CA1056;CA1058;CA1060;CA1061;CA1062;CA1063;CA1064;CA1065;CA1066;CA1067;CA1068;CA1069;CA1070;CA1200;CA1303;CA1304;CA1305;CA1307;CA1308;CA1309;CA1310;CA1311;CA1401;CA1416;CA1417;CA1418;CA1419;CA1420;CA1421;CA1422;CA1501;CA1502;CA1505;CA1506;CA1507;CA1508;CA1509;CA1510;CA1511;CA1512;CA1513;CA1514;CA1515;CA1516;CA1700;CA1707;CA1708;CA1710;CA1711;CA1712;CA1713;CA1715;CA1716;CA1720;CA1721;CA1724;CA1725;CA1727;CA1802;CA1805;CA1806;CA1810;CA1812;CA1813;CA1814;CA1815;CA1816;CA1819;CA1820;CA1821;CA1822;CA1823;CA1824;CA1825;CA1826;CA1827;CA1828;CA1829;CA1830;CA1831;CA1832;CA1833;CA1834;CA1835;CA1836;CA1837;CA1838;CA1839;CA1840;CA1841;CA1842;CA1843;CA1844;CA1845;CA1846;CA1847;CA1848;CA1849;CA1850;CA1851;CA1852;CA1853;CA1854;CA1855;CA1856;CA1857;CA1858;CA1859;CA1860;CA1861;CA1862;CA1863;CA1864;CA1865;CA1866;CA1867;CA1868;CA1869;CA1870;CA1871;CA1872;CA1873;CA1874;CA1875;CA2000;CA2002;CA2007;CA2008;CA2009;CA2011;CA2012;CA2013;CA2014;CA2015;CA2016;CA2017;CA2018;CA2019;CA2020;CA2021;CA2022;CA2023;CA2024;CA2025;CA2100;CA2101;CA2119;CA2153;CA2200;CA2201;CA2207;CA2208;CA2211;CA2213;CA2214;CA2215;CA2216;CA2217;CA2218;CA2219;CA2224;CA2225;CA2226;CA2227;CA2231;CA2234;CA2235;CA2237;CA2241;CA2242;CA2243;CA2244;CA2245;CA2246;CA2247;CA2248;CA2249;CA2250;CA2251;CA2252;CA2253;CA2254;CA2255;CA2256;CA2257;CA2258;CA2259;CA2260;CA2261;CA2262;CA2263;CA2264;CA2265;CA2266;CA2300;CA2301;CA2302;CA2305;CA2310;CA2311;CA2312;CA2315;CA2321;CA2322;CA2326;CA2327;CA2328;CA2329;CA2330;CA2350;CA2351;CA2352;CA2353;CA2354;CA2355;CA2356;CA2361;CA2362;CA3001;CA3002;CA3003;CA3004;CA3005;CA3006;CA3007;CA3008;CA3009;CA3010;CA3011;CA3012;CA3061;CA3075;CA3076;CA3077;CA3147;CA5350;CA5351;CA5358;CA5359;CA5360;CA5361;CA5362;CA5363;CA5364;CA5365;CA5366;CA5367;CA5368;CA5369;CA5370;CA5371;CA5372;CA5373;CA5374;CA5375;CA5376;CA5377;CA5378;CA5379;CA5380;CA5381;CA5382;CA5383;CA5384;CA5385;CA5386;CA5387;CA5388;CA5389;CA5390;CA5391;CA5392;CA5393;CA5394;CA5395;CA5396;CA5397;CA5398;CA5399;CA5400;CA5401;CA5402;CA5403;CA5404;CA5405
                   CodeAnalysisTargets = C:\Program Files\dotnet\sdk\10.0.301\Microsoft\VisualStudio\v18.0\CodeAnalysis\Microsoft.CodeAnalysis.targets
                   CommandLineArgsForDesignTimeEvaluation = -langversion:14.0 -define:TRACE
                   CommonOutputGroupsDependsOn = 
                         ;
                         BuildOnlySettings;
                         PrepareForBuild;
                         AssignTargetPaths;
                         ResolveReferences
                       
                   CommonTargetsPath = C:\Program Files\dotnet\sdk\10.0.301\Microsoft.Common.CurrentVersion.targets
                   CommonXamlResourcesDirectory = C:\Program Files\dotnet\sdk\10.0.301\\
                   Company = NikkiLoader
                   CompileDependsOn = 
                         
                         ResolveReferences;
                         ResolveKeySource;
                         SetWin32ManifestProperties;
                         _SetPreferNativeArm64Win32ManifestProperties;
                         FindReferenceAssembliesForReferences;
                         _GenerateCompileInputs;
                         BeforeCompile;
                         _TimeStampBeforeCompile;
                         _GenerateCompileDependencyCache;
                         CoreCompile;
                         _TimeStampAfterCompile;
                         AfterCompile;
                       ;
                         _CreateAppHost;
                         _CreateComHost;
                         _GetIjwHostPaths;
                       
                   CompileLicxFilesDependsOn = 
                   CompilerApiVersion = roslyn5.6
                   CompilerGeneratedFilesOutputPath = 
                   ComputeIntermediateSatelliteAssembliesDependsOn = 
                         CreateManifestResourceNames
                       
                   ComputeNETCoreBuildOutputFiles = true
                   ComReferenceExecuteAsTool = false
                   ComReferenceNoClassMembers = false
                   Configuration = Debug
                   ConfigurationName = Debug
                   Configurations = Debug;Release
                   ConsiderPlatformAsProcessorArchitecture = true
                   ContainerCustomTasksAssembly = C:\Program Files\dotnet\sdk\10.0.301\Containers\build\..\tasks\net10.0\Microsoft.NET.Build.Containers.dll
                   ContainerCustomTasksFolder = C:\Program Files\dotnet\sdk\10.0.301\Containers\build\..\tasks\net10.0\
                   ContainerizeFolder = C:\Program Files\dotnet\sdk\10.0.301\Containers\build\..\containerize\
                   ContainerizeFolderName = containerize
                   ContainerTaskFolderName = tasks
                   ContainerTaskFramework = net10.0
                   ContentFilesProjectOutputGroupDependsOn = PrepareForBuild;AssignTargetPaths
                   ContentPreprocessorOutputDirectory = obj\Debug\net10.0\NuGet\
                   ContentTargetFolders = content;contentFiles
                   ContinueOnError = false
                   CopyBuildOutputToPublishDirectory = true
                   CopyConflictingTransitiveContent = false
                   CopyLocalLockFileAssemblies = true
                   CopyOutputSymbolsToPublishDirectory = true
                   CoreBuildDependsOn = 
                         _CheckForBuildWithNoBuild;
                         
                         BuildOnlySettings;
                         PrepareForBuild;
                         PreBuildEvent;
                         ResolveReferences;
                         PrepareResources;
                         ResolveKeySource;
                         Compile;
                         ExportWindowsMDFile;
                         UnmanagedUnregistration;
                         GenerateSerializationAssemblies;
                         CreateSatelliteAssemblies;
                         GenerateManifests;
                         GetTargetPath;
                         PrepareForRun;
                         UnmanagedRegistration;
                         IncrementalClean;
                         PostBuildEvent
                       ;
                         GenerateBuildDependencyFile;
                         GenerateBuildRuntimeConfigurationFiles
                       
                   CoreCleanDependsOn = 
                         _SdkBeforeClean;
                         
                       
                   CoreCompileDependsOn = ;_ComputeNonExistentFileProperty;ResolveCodeAnalysisRuleSet
                   CoreResGenDependsOn = FindReferenceAssembliesForReferences
                   CreateCustomManifestResourceNamesDependsOn = 
                   CreateHardLinksForCopyAdditionalFilesIfPossible = false
                   CreateManifestResourceNamesDependsOn = 
                   CreateSatelliteAssembliesDependsOn = 
                         
                         ;
                         _GenerateSatelliteAssemblyInputs;
                         ComputeIntermediateSatelliteAssemblies;
                         GenerateSatelliteAssemblies
                       ;
                         CoreGenerateSatelliteAssemblies
                       
                   CreateSymbolicLinksForCopyAdditionalFilesIfPossible = false
                   CSharpCoreTargetsPath = C:\Program Files\dotnet\sdk\10.0.301\Sdks\Microsoft.NET.Sdk\targets\..\..\..\Roslyn\Microsoft.CSharp.Core.targets
                   CSharpDesignTimeTargetsPath = C:\Program Files\dotnet\sdk\10.0.301\\Microsoft\VisualStudio\Managed\Microsoft.CSharp.DesignTime.targets
                   CSharpTargetsPath = C:\Program Files\dotnet\sdk\10.0.301\Microsoft.CSharp.CurrentVersion.targets
                   CustomAfterDirectoryBuildProps = ;C:\Program Files\dotnet\sdk\10.0.301\Sdks\Microsoft.NET.Sdk\Sdk\UseArtifactsOutputPath.props
                   CustomAfterMicrosoftCommonProps = C:\Program Files\dotnet\sdk\10.0.301\\vCurrent\Custom.After.Microsoft.Common.props
                   CustomAfterMicrosoftCommonTargets = C:\Program Files\dotnet\sdk\10.0.301\\vCurrent\Custom.After.Microsoft.Common.targets
                   CustomAfterMicrosoftCSharpTargets = C:\Program Files\dotnet\sdk\10.0.301\\vCurrent\Custom.After.Microsoft.CSharp.targets
                   CustomBeforeMicrosoftCommonProps = C:\Program Files\dotnet\sdk\10.0.301\\vCurrent\Custom.Before.Microsoft.Common.props
                   CustomBeforeMicrosoftCommonTargets = C:\Program Files\dotnet\sdk\10.0.301\\vCurrent\Custom.Before.Microsoft.Common.targets
                   CustomBeforeMicrosoftCSharpTargets = C:\Program Files\dotnet\sdk\10.0.301\\vCurrent\Custom.Before.Microsoft.CSharp.targets
                   DebugSymbols = true
                   DebugSymbolsProjectOutputGroupDependenciesDependsOn = 
                         ;
                         
                         ;
                         BuildOnlySettings;
                         PrepareForBuild;
                         AssignTargetPaths;
                         ResolveReferences
                       
                       
                   DebugSymbolsProjectOutputGroupDependsOn = 
                   DebugType = portable
                   DefaultAllowedOutputExtensionsInPackageBuildOutputFolder = .dll; .exe; .winmd; .json; .pri; .xml
                   DefaultAppHostRuntimeIdentifier = win-x64
                   DefaultCopyToPublishDirectoryMetadata = true
                   DefaultExcludesInProjectFolder = ;;**/.*/**
                   DefaultImplicitPackages = Microsoft.NETCore.App;NETStandard.Library
                   DefaultItemExcludes = ;bin\Debug\/**;obj\Debug\/**;bin\/**;obj\/**;bin\Debug\net10.0\publish\/**;**/*.user;**/*.*proj;**/*.sln;**/*.slnx;**/*.vssscc;**/.DS_Store
                   DefaultLanguageSourceExtension = .cs
                   DefaultProjectTypeGuid = {FAE04EC0-301F-11D3-BF4B-00C04F79EFBC}
                   DefineCommonCapabilities = true
                   DefineCommonItemSchemas = true
                   DefineCommonReferenceSchemas = true
                   DefineConstants = TRACE;DEBUG
                   DelaySign = 
                   DeploymentComputeClickOnceManifestInfoDependsOn = 
                         CleanPublishFolder;
                         GetCopyToOutputDirectoryItems;
                         _DeploymentGenerateTrustInfo;
                         
                       
                   DesignerRuntimeImplementationProjectOutputGroupDependsOn = 
                         
                         ;
                         
                         ;
                         BuildOnlySettings;
                         PrepareForBuild;
                         AssignTargetPaths;
                         ResolveReferences
                       
                       ;
                         _GenerateDesignerDepsFile;
                         _GenerateDesignerRuntimeConfigFile;
                         GetCopyToOutputDirectoryItems;
                         _GatherDesignerShadowCopyFiles;
                       
                   DesignTimeAssemblySearchPaths = {CandidateAssemblyFiles};{HintPathFromItem};{TargetFrameworkDirectory};{RawFileName}
                   DesignTimeAutoUnify = true
                   DesignTimeResolveAssemblyReferencesDependsOn = 
                         GetFrameworkPaths;
                         GetReferenceAssemblyPaths;
                         ResolveReferences
                       
                   Deterministic = true
                   DevEnvDir = *Undefined*
                   DisableHandlePackageFileConflicts = true
                   DisableLogTaskParameter_ConvertToAbsolutePath_Path = true
                   DisableLogTaskParameter_FindUnderPath_OutOfPath = true
                   DisableLogTaskParameter_RemoveDuplicates_Inputs = true
                   DisableLogTaskParameterItemMetadata_ConvertToAbsolutePath_AbsolutePaths = true
                   DisableLogTaskParameterItemMetadata_Copy_CopiedFiles = true
                   DisableLogTaskParameterItemMetadata_Copy_DestinationFiles = true
                   DisableLogTaskParameterItemMetadata_Copy_SourceFiles = true
                   DisableLogTaskParameterItemMetadata_FindUnderPath_Files = true
                   DisableLogTaskParameterItemMetadata_FindUnderPath_InPath = true
                   DisableLogTaskParameterItemMetadata_GenerateResource_FilesWritten = true
                   DisableLogTaskParameterItemMetadata_Hash_ItemsToHash = true
                   DisableLogTaskParameterItemMetadata_RemoveDuplicates_Filtered = true
                   DisableLogTaskParameterItemMetadata_WriteLinesToFile_Lines = true
                   DisableStandardFrameworkResolution = true
                   DocumentationFile = 
                   DocumentationProjectOutputGroupDependenciesDependsOn = 
                         ;
                         
                         ;
                         BuildOnlySettings;
                         PrepareForBuild;
                         AssignTargetPaths;
                         ResolveReferences
                       
                       
                   DocumentationProjectOutputGroupDependsOn = 
                   DOTNET_CLI_TELEMETRY_SESSIONID = a0623ff0-2fc9-45a3-b6a0-21566b640f84
                   DOTNET_HOST_PATH = C:\Program Files\dotnet\dotnet.exe
                   DotNetApiCompatTaskAssembly = C:\Program Files\dotnet\sdk\10.0.301\Sdks\Microsoft.NET.Sdk\targets\..\tools\net10.0\Microsoft.DotNet.ApiCompat.Task.dll
                   DotnetCliToolTargetFramework = netcoreapp2.2
                   DotNetSdkSupportsVSHostObjectRemoting = true
                   EffectiveAnalysisLevel = 10.0
                   EffectiveCodeAnalysisTreatWarningsAsErrors = 
                   EffectiveTargetPlatformVersion = 
                   EmbeddedResourceUseDependentUponConvention = true
                   EmbeddedWin32Manifest = 
                   EmbedUntrackedSources = true
                   EmitAssetsLogMessages = true
                   EmitCompilerGeneratedFiles = false
                   EmitLegacyAssetsFileItems = false
                   EnableAppxPackageTargetsForUwpClassLibraries = true
                   EnableDefaultCompileItems = false
                   EnableDefaultEmbeddedResourceItems = false
                   EnableDefaultItems = true
                   EnableDefaultNoneItems = false
                   EnableFrameworkPathOverride = false
                   EnableNETAnalyzers = true
                   EnableSdkContainerSupport = true
                   EnableSourceControlManagerQueries = true
                   EnableSourceLink = true
                   EnableUnsafeBinaryFormatterSerialization = false
                   EnableWebSdkImplicitPackageVersions = false
                   EnforceCodeStyleInBuild = false
                   ErrorReport = prompt
                   ExcludeRestorePackageImports = true
                   ExpandSDKAllowedReferenceExtensions = 
                         .winmd;
                         .dll
                       
                   ExpandSDKReferencesDependsOn = 
                         ResolveSDKReferences
                       
                   FileAlignment = 512
                   FindInvalidProjectReferencesDependsOn = 
                         GetReferenceTargetPlatformMonikers
                       
                   Framework20Dir = @(_TargetFramework20DirectoryItem)
                   Framework30Dir = @(_TargetFramework30DirectoryItem)
                   Framework35Dir = @(_TargetFramework35DirectoryItem)
                   Framework40Dir = @(_TargetFramework40DirectoryItem)
                   FrameworkDir = @(_TargetFramework40DirectoryItem)
                   FrameworkPathOverride = 
                   FrameworkRegistryBase = Software\Microsoft\.NETCoreApp
                   FrameworkSDKDir = @(_TargetFrameworkSDKDirectoryItem)
                   FullReferenceAssemblyNames = Full
                   GenerateAssemblyCompanyAttribute = true
                   GenerateAssemblyConfigurationAttribute = true
                   GenerateAssemblyCopyrightAttribute = true
                   GenerateAssemblyDescriptionAttribute = true
                   GenerateAssemblyFileVersionAttribute = true
                   GenerateAssemblyInfo = true
                   GenerateAssemblyInformationalVersionAttribute = true
                   GenerateAssemblyMetadataAttributes = true
                   GenerateAssemblyProductAttribute = true
                   GenerateAssemblyTitleAttribute = true
                   GenerateAssemblyTrademarkAttribute = true
                   GenerateAssemblyVersionAttribute = true
                   GenerateBindingRedirectsOutputType = true
                   GenerateClickOnceManifests = 
                   GeneratedAssemblyInfoFile = obj\Debug\net10.0\NikkiLoader.AssemblyInfo.cs
                   GenerateDependencyFile = true
                   GeneratedGlobalUsingsFile = obj\Debug\net10.0\NikkiLoader.GlobalUsings.g.cs
                   GenerateDisableRuntimeMarshallingAttribute = true
                   GenerateDocumentationFile = false
                   GenerateFullPaths = true
                   GenerateInternalsVisibleToAttributes = true
                   GenerateManifestsDependsOn = 
                         SetWin32ManifestProperties;
                         GenerateApplicationManifest;
                         GenerateDeploymentManifest
                       
                   GenerateNeutralResourcesLanguageAttribute = true
                   GenerateNuspecDependsOn = Build;_LoadPackInputItems; _GetTargetFrameworksOutput; _WalkEachTargetPerFramework; _GetPackageFiles; 
                   GeneratePackageOnBuild = false
                   GenerateRepositoryUrlAttribute = true
                   GenerateRequiresPreviewFeaturesAttribute = true
                   GenerateResourceMSBuildArchitecture = CurrentArchitecture
                   GenerateResourceMSBuildRuntime = CurrentRuntime
                   GenerateResourceUsePreserializedResources = true
                   GenerateRuntimeConfigDevFile = false
                   GenerateRuntimeConfigurationFiles = true
                   GenerateSatelliteAssembliesForCore = true
                   GenerateSupportedOSPlatformAttribute = true
                   GenerateTargetFrameworkAttribute = true
                   GenerateTargetPlatformAttribute = true
                   GetCopyToOutputDirectoryItemsDependsOn = 
                         AssignTargetPaths;
                         
                         AssignProjectConfiguration;
                         _SplitProjectReferencesByFileExistence
                       ;
                         _GetProjectReferenceTargetFrameworkProperties;
                         _PopulateCommonStateForGetCopyToOutputDirectoryItems
                       
                   GetFrameworkPathsDependsOn = 
                   GetReferenceNearestTargetFrameworkTaskSupportsTargetFrameworkPropertyParameter = true
                   GetReferenceNearestTargetFrameworkTaskSupportsTargetPlatformParameter = true
                   GetTargetPathWithTargetPlatformMonikerDependsOn = 
                   HasRuntimeOutput = true
                   HideWarningsAndErrors = false
                   HighEntropyVA = true
                   ImplicitConfigurationDefine = DEBUG
                   ImplicitUsings = enable
                   ImportByWildcardAfterMicrosoftCommonProps = true
                   ImportByWildcardAfterMicrosoftCommonTargets = true
                   ImportByWildcardAfterMicrosoftCSharpTargets = true
                   ImportByWildcardBeforeMicrosoftCommonProps = true
                   ImportByWildcardBeforeMicrosoftCommonTargets = true
                   ImportByWildcardBeforeMicrosoftCSharpTargets = true
                   ImportDirectoryBuildProps = true
                   ImportDirectoryBuildTargets = true
                   ImportDirectoryPackagesProps = true
                   ImportFrameworkWinFXTargets = false
                   ImportNuGetBuildTasksPackTargetsFromSdk = true
                   ImportProjectExtensionProps = false
                   ImportProjectExtensionTargets = false
                   ImportUserLocationsByWildcardAfterMicrosoftCommonProps = true
                   ImportUserLocationsByWildcardAfterMicrosoftCommonTargets = true
                   ImportUserLocationsByWildcardAfterMicrosoftCSharpTargets = true
                   ImportUserLocationsByWildcardBeforeMicrosoftCommonProps = true
                   ImportUserLocationsByWildcardBeforeMicrosoftCommonTargets = true
                   ImportUserLocationsByWildcardBeforeMicrosoftCSharpTargets = true
                   IncludeBuildOutput = true
                   IncludeContentInPack = true
                   IncludeFileVersionsInDependencyFile = true
                   IncludeMainProjectInDepsFile = true
                   IncludeProjectsNotInAssetsFileInDepsFile = true
                   IncludeSourceRevisionInInformationalVersion = true
                   IncludeSymbolsInSingleFile = false
                   InnerBuildProperty = TargetFramework
                   InnerBuildPropertyValues = TargetFrameworks
                   InterceptorsPreviewNamespaces = ;Microsoft.Extensions.Validation.Generated
                   IntermediateOutputPath = obj\Debug\net10.0\
                   InvariantGlobalization = true
                   IsNetCoreAppTargetingLatestTFM = true
                   IsPackable = true
                   IsPublishable = true
                   IsRestoreTargetsFileLoaded = true
                   IsRidAgnostic = false
                   Language = C#
                   LanguageTargets = C:\Program Files\dotnet\sdk\10.0.301\Microsoft.CSharp.targets
                   LangVersion = 14.0
                   MarkPackageReferencesAsExternallyResolved = true
                   MaxSupportedLangVersion = 14.0
                   MaxTargetPath = 100
                   MicrosoftBuildTasksGitAssemblyFile = C:\Program Files\dotnet\sdk\10.0.301\Sdks\Microsoft.Build.Tasks.Git\build\..\tools\net\Microsoft.Build.Tasks.Git.dll
                   MicrosoftCommonPropsHasBeenImported = true
                   MicrosoftNETBuildExtensionsTargets = C:\Program Files\dotnet\sdk\10.0.301\\Microsoft\Microsoft.NET.Build.Extensions\Microsoft.NET.Build.Extensions.targets
                   MicrosoftNETBuildExtensionsTasksAssembly = C:\Program Files\dotnet\sdk\10.0.301\Microsoft\Microsoft.NET.Build.Extensions\\tools\net10.0\Microsoft.NET.Build.Extensions.Tasks.dll
                   MicrosoftNETBuildTasksAssembly = C:\Program Files\dotnet\sdk\10.0.301\Sdks\Microsoft.NET.Sdk\targets\..\tools\net10.0\Microsoft.NET.Build.Tasks.dll
                   MicrosoftNETBuildTasksDirectory = C:\Program Files\dotnet\sdk\10.0.301\Sdks\Microsoft.NET.Sdk\targets\..\tools\net10.0\
                   MicrosoftNETBuildTasksDirectoryRoot = C:\Program Files\dotnet\sdk\10.0.301\Sdks\Microsoft.NET.Sdk\targets\..\tools\
                   MicrosoftNETBuildTasksTFM = net10.0
                   MicrosoftNETFrameworkReferenceAssembliesLatestPackageVersion = 1.0.3
                   MicrosoftNETWindowsWorkloadInstalled = true
                   MinimumMSBuildVersion = 18.0.0
                   MsAppxPackageTargets = C:\Program Files\dotnet\sdk\10.0.301\Microsoft\VisualStudio\v18.0\AppxPackage\Microsoft.AppXPackage.Targets
                   MSBuildAllProjects = D:\Project\AssetRipper\.workbuddy\tmp\NikkiLoader\NikkiLoader.csproj;;C:\Program Files\dotnet\sdk\10.0.301\Current\Microsoft.Common.targets\ImportAfter\Microsoft.TestPlatform.ImportAfter.targets
                   MSBuildAssemblyVersion = 18.0
                   MSBuildBinPath = C:\Program Files\dotnet\sdk\10.0.301
                   MSBuildCopyContentTransitively = true
                   MSBuildCopyMarkerName = NikkiLoa.F9311C3A.Up2Date
                   MSBuildDisableFeaturesFromVersion = 999.999
                   MSBuildEnableWorkloadResolver = true
                   MSBuildExtensionsPath = C:\Program Files\dotnet\sdk\10.0.301\
                   MSBuildExtensionsPath32 = C:\Program Files\dotnet\sdk\10.0.301
                   MSBuildExtensionsPath64 = C:\Program Files\dotnet\sdk\10.0.301
                   MSBUILDFAILONDRIVEENUMERATINGWILDCARD = 1
                   MSBuildFileVersion = 18.6.4.27133
                   MSBuildIsRestoring = True
                   MSBuildLoadMicrosoftTargetsReadOnly = true
                   MSBuildNodeCount = 16
                   MSBuildProgramFiles32 = C:\Program Files (x86)
                   MSBuildProjectDefaultTargets = Build
                   MSBuildProjectDirectory = D:\Project\AssetRipper\.workbuddy\tmp\NikkiLoader
                   MSBuildProjectDirectoryNoRoot = Project\AssetRipper\.workbuddy\tmp\NikkiLoader
                   MSBuildProjectExtension = .csproj
                   MSBuildProjectExtensionsPath = D:\Project\AssetRipper\.workbuddy\tmp\NikkiLoader\obj\
                   MSBuildProjectFile = NikkiLoader.csproj
                   MSBuildProjectFullPath = D:\Project\AssetRipper\.workbuddy\tmp\NikkiLoader\NikkiLoader.csproj
                   MSBuildProjectName = NikkiLoader
                   MSBuildRestoreSessionId = c80c22a3-526c-46a8-9bae-48ab811dc9fb
                   MSBuildRuntimeType = Core
                   MSBuildSDKsPath = C:\Program Files\dotnet\sdk\10.0.301\Sdks
                   MSBuildSemanticVersion = 18.6.4+96856fd72
                   MSBuildStartupDirectory = D:\Project\AssetRipper\.workbuddy\tmp\NikkiLoader
                   MSBuildToolsPath = C:\Program Files\dotnet\sdk\10.0.301
                   MSBuildToolsVersion = Current
                   MSBuildUserExtensionsPath = C:\Users\Administrator\AppData\Local\Microsoft\MSBuild
                   MSBUILDUSESERVER = 0
                   MSBuildUseVisualStudioDirectoryLayout = False
                   MSBuildVersion = 18.6.4
                   MSBuildWarningsAsErrors = ;NU1605
                   MSBuildWarningsAsMessages = ;1701;1702
                   MSBuildWarningsNotAsErrors = 
                   MsTestToolsTargets = C:\Program Files\dotnet\sdk\10.0.301\Microsoft\VisualStudio\v18.0\TeamTest\Microsoft.TeamTest.targets
                   NETCoreAppMaximumVersion = 10.0
                   NetCoreRoot = C:\Program Files\dotnet\
                   NETCoreSdkBundledCliToolsProps = C:\Program Files\dotnet\sdk\10.0.301\Sdks\Microsoft.NET.Sdk\targets\..\..\..\Microsoft.NETCoreSdk.BundledCliTools.props
                   NETCoreSdkBundledMSBuildInformationProps = C:\Program Files\dotnet\sdk\10.0.301\Sdks\Microsoft.NET.Sdk\targets\..\..\..\Microsoft.NETCoreSdk.BundledMSBuildInformation.props
                   NETCoreSdkBundledVersionsProps = C:\Program Files\dotnet\sdk\10.0.301\Sdks\Microsoft.NET.Sdk\targets\..\..\..\Microsoft.NETCoreSdk.BundledVersions.props
                   NETCoreSdkPortableRuntimeIdentifier = win-x64
                   NETCoreSdkRuntimeIdentifier = win-x64
                   NETCoreSdkVersion = 10.0.301
                   NetCoreTargetingPackRoot = C:\Program Files\dotnet\packs
                   NoCompilerStandardLib = true
                   NoStdLib = true
                   NoWarn = 1701;1702
                   NuGetAudit = true
                   NuGetAuditLevel = low
                   NuGetAuditMode = all
                   NuGetBuildTasksPackTargets = C:\Program Files\dotnet\sdk\10.0.301\Sdks\Microsoft.NET.Sdk\Sdk\..\..\..\NuGet.Build.Tasks.Pack.targets
                   NuGetInteractive = false
                   NuGetPackTaskAssemblyFile = NuGet.Build.Tasks.Pack.dll
                   NuGetPropsFile = C:\Program Files\dotnet\sdk\10.0.301\NuGet.props
                   NuGetRestoreTargets = C:\Program Files\dotnet\sdk\10.0.301\NuGet.targets
                   NuGetTargetMoniker = .NETCoreApp,Version=v10.0
                   Nullable = enable
                   NuspecOutputPath = obj\Debug\
                   Optimize = false
                   OutDir = bin\Debug\net10.0\
                   OutputPath = bin\Debug\net10.0\
                   OutputType = Exe
                   OverwriteReadOnlyFiles = false
                   PackageDescription = Package Description
                   PackageDownloadSupported = true
                   PackageId = NikkiLoader
                   PackageOutputPath = bin\Debug\
                   PackageRequireLicenseAcceptance = false
                   PackageVersion = 1.0.0
                   PackDependsOn = ; _GetRestoreProjectStyle; _IntermediatePack; GenerateNuspec; 
                   PackRelease = true
                   Platform = AnyCPU
                   PlatformName = AnyCPU
                   Platforms = AnyCPU
                   PostBuildEventDependsOn = 
                   PreBuildEventDependsOn = 
                   PredefinedCulturesOnly = true
                   Prefer32Bit = false
                   PreferNativeArm64 = false
                   PrepareForBuildDependsOn = ;GetFrameworkPaths;GetReferenceAssemblyPaths;AssignLinkMetadata
                   PrepareForRunDependsOn = 
                         CopyFilesToOutputDirectory
                       
                   PrepareProjectReferencesDependsOn = 
                         AssignProjectConfiguration;
                         _SplitProjectReferencesByFileExistence;
                         _GetProjectReferenceTargetFrameworkProperties;
                         _GetProjectReferencePlatformProperties
                       
                   PrepareResourceNamesDependsOn = 
                         AssignTargetPaths;
                         SplitResourcesByCulture;
                         CreateManifestResourceNames;
                         CreateCustomManifestResourceNames
                       
                   PrepareResourcesDependsOn = 
                         ResolvePackageDependenciesForBuild;
                         _HandlePackageFileConflicts;
                         
                         ;
                         PrepareResourceNames;
                         ResGen;
                         CompileLicxFiles
                       
                       
                   PreserveCompilationReferences = 
                   ProcessorArchitecture = msil
                   ProcessorArchitectureAsPlatform = AnyCPU
                   ProduceReferenceAssembly = true
                   Product = NikkiLoader
                   ProjectAssetsCacheFile = D:\Project\AssetRipper\.workbuddy\tmp\NikkiLoader\obj\Debug\net10.0\NikkiLoader.assets.cache
                   ProjectAssetsFile = D:\Project\AssetRipper\.workbuddy\tmp\NikkiLoader\obj\project.assets.json
                   ProjectDepsFileName = NikkiLoader.deps.json
                   ProjectDepsFilePath = D:\Project\AssetRipper\.workbuddy\tmp\NikkiLoader\bin\Debug\net10.0\NikkiLoader.deps.json
                   ProjectDesignTimeAssemblyResolutionSearchPaths = 
                         {CandidateAssemblyFiles};
                         ;
                         {HintPathFromItem};
                         {TargetFrameworkDirectory};
                         {Registry:Software\Microsoft\.NETCoreApp,v10.0,AssemblyFoldersEx};
                         {RawFileName};
                         D:\Project\AssetRipper\.workbuddy\tmp\NikkiLoader\bin\Debug\net10.0\
                       
                   ProjectDir = D:\Project\AssetRipper\.workbuddy\tmp\NikkiLoader\
                   ProjectExt = .csproj
                   ProjectFileName = NikkiLoader.csproj
                   ProjectFlavor = Client
                   ProjectName = NikkiLoader
                   ProjectPath = D:\Project\AssetRipper\.workbuddy\tmp\NikkiLoader\NikkiLoader.csproj
                   ProjectRuntimeConfigFileName = NikkiLoader.runtimeconfig.json
                   ProjectRuntimeConfigFilePath = D:\Project\AssetRipper\.workbuddy\tmp\NikkiLoader\bin\Debug\net10.0\NikkiLoader.runtimeconfig.json
                   PrunePackageDataRoot = C:\Program Files\dotnet\sdk\10.0.301\PrunePackageData
                   PublishableProject = true
                   PublishBuildDependsOn = 
                         BuildOnlySettings;
                         PrepareForBuild;
                         ResolveReferences;
                         PrepareResources;
                         ResolveKeySource;
                         GenerateSerializationAssemblies;
                         CreateSatelliteAssemblies;
                       
                   PublishContainerDependsOn = 
                         _ContainerVerifySDKVersion;
                         ComputeContainerConfig;
                         _CheckContainersPackage;
                       
                   PublishDependsOn = 
                         SetGenerateManifests;
                         Build;
                         PublishOnly
                       
                   PublishDir = bin\Debug\net10.0\publish\
                   PublishDirName = publish
                   PublishDocumentationFile = true
                   PublishDocumentationFiles = true
                   PublishItemsOutputGroupDependsOn = 
                         ;
                         ResolveReferences;
                         ComputeResolvedFilesToPublishList;
                         _ComputeFilesToBundle;
                       
                   PublishOnlyDependsOn = 
                         SetGenerateManifests;
                         PublishBuild;
                         BeforePublish;
                         GenerateManifests;
                         CopyFilesToOutputDirectory;
                         _CopyFilesToPublishFolder;
                         _DeploymentGenerateBootstrapper;
                         ResolveKeySource;
                         _DeploymentSignClickOnceDeployment;
                         AfterPublish
                       
                   PublishProfileImported = false
                   PublishReadyToRunComposite = false
                   PublishReadyToRunPerfmapFormatVersion = 1
                   PublishReadyToRunUseCrossgen2 = true
                   PublishReadyToRunUseRuntimePackOptimizationData = true
                   PublishReferencesDocumentationFiles = true
                   PublishRelease = true
                   RebuildDependsOn = 
                         _SdkBeforeRebuild;
                         
                         BeforeRebuild;
                         Clean;
                         Build;
                         AfterRebuild;
                       
                       
                   RefAssembliesFolderName = refs
                   ReferenceCopyLocalPathsOutputGroupDependsOn = 
                         ;
                         
                         ;
                         BuildOnlySettings;
                         PrepareForBuild;
                         AssignTargetPaths;
                         ResolveReferences
                       
                       
                   ReportingServicesTargets = C:\Program Files\dotnet\sdk\10.0.301\\Microsoft\VisualStudio\v18.0\ReportingServices\Microsoft.ReportingServices.targets
                   ResGenDependsOn = ResolveAssemblyReferences;SplitResourcesByCulture;BeforeResGen;CoreResGen;AfterResGen
                   ResGenExecuteAsTool = false
                   ResolveAssemblyReferenceOutputUnresolvedAssemblyConflicts = true
                   ResolveAssemblyReferencesDependsOn = 
                         
                         
                         ResolveProjectReferences;
                         FindInvalidProjectReferences;
                         GetFrameworkPaths;
                         GetReferenceAssemblyPaths;
                         PrepareForBuild;
                         ResolveSDKReferences;
                         ExpandSDKReferences;
                       ;
                         ResolvePackageDependenciesForBuild;
                         _HandlePackageFileConflicts;
                       ;
                         ResolveTargetingPackAssets;
                       
                   ResolveNuGetPackages = false
                   ResolvePackageDependenciesForBuildDependsOn = 
                         ResolveLockFileReferences;
                         ResolveLockFileAnalyzers;
                         ResolveLockFileCopyLocalFiles;
                         ResolveRuntimePackAssets;
                         RunProduceContentAssets;
                         IncludeTransitiveProjectReferences
                       
                   ResolveReferencesDependsOn = 
                         BeforeResolveReferences;
                         AssignProjectConfiguration;
                         ResolveProjectReferences;
                         FindInvalidProjectReferences;
                         ResolveNativeReferences;
                         ResolveAssemblyReferences;
                         GenerateBindingRedirects;
                         GenerateBindingRedirectsUpdateAppConfig;
                         ResolveComReferences;
                         AfterResolveReferences
                       
                   ResolveSDKReferencesDependsOn = 
                         GetInstalledSDKLocations
                       
                   RespectAlreadyAssignedItemCulture = true
                   RestoreBuildInParallel = true
                   RestoreContinueOnError = WarnAndContinue
                   RestoreEnablePackagePruning = true
                   RestoreOutputPath = D:\Project\AssetRipper\.workbuddy\tmp\NikkiLoader\obj\
                   RestorePackagePruningDefault = true
                   RestoreProjectStyle = PackageReference
                   RestoreRecursive = true
                   RestoreTaskAssemblyFile = NuGet.Build.Tasks.dll
                   RestoreUseSkipNonexistentTargets = true
                   RootNamespace = NikkiLoader
                   RoslynAssembliesPath = C:\Program Files\dotnet\sdk\10.0.301\Sdks\Microsoft.NET.Sdk\targets\..\..\..\Roslyn\bincore
                   RoslynCompilerType = Core
                   RoslynCoreAssembliesPath = C:\Program Files\dotnet\sdk\10.0.301\Sdks\Microsoft.NET.Sdk\targets\..\..\..\Roslyn\bincore
                   RoslynTargetsPath = C:\Program Files\dotnet\sdk\10.0.301\Sdks\Microsoft.NET.Sdk\targets\..\..\..\Roslyn
                   RoslynTasksAssembly = C:\Program Files\dotnet\sdk\10.0.301\Sdks\Microsoft.NET.Sdk\targets\..\..\..\Roslyn\Microsoft.Build.Tasks.CodeAnalysis.dll
                   RunArguments = 
                   RunCommand = D:\Project\AssetRipper\.workbuddy\tmp\NikkiLoader\bin\Debug\net10.0\NikkiLoader.exe
                   RunDependsOn = 
                   RunPackageValidationDependsOn = CollectApiCompatInputs;_GetReferencePathFromInnerProjects;
                   RuntimeIdentifierGraphPath = C:\Program Files\dotnet\sdk\10.0.301/PortableRuntimeIdentifierGraph.json
                   RunWorkingDirectory = 
                   SatelliteDllsProjectOutputGroupDependenciesDependsOn = 
                         ;
                         
                         ;
                         BuildOnlySettings;
                         PrepareForBuild;
                         AssignTargetPaths;
                         ResolveReferences
                       
                       
                   SatelliteDllsProjectOutputGroupDependsOn = ;PrepareForBuild;PrepareResourceNames
                   SdkAnalysisLevel = 10.0.300
                   SDKContainerSupportEnabled = true
                   SDKRedistOutputGroupDependsOn = ResolveSDKReferences;ExpandSDKReferences
                   SDKReferenceDirectoryRoot = C:\Users\Administrator\AppData\Local\Microsoft SDKs;C:\Program Files (x86)\Microsoft SDKs
                   SDKReferenceRegistryRoot = Software\Microsoft\Microsoft SDKs
                   SelfContained = false
                   SGenFilesOutputGroupDependenciesDependsOn = 
                         ;
                         
                         ;
                         BuildOnlySettings;
                         PrepareForBuild;
                         AssignTargetPaths;
                         ResolveReferences
                       
                       
                   SGenFilesOutputGroupDependsOn = 
                   SGenShouldGenerateSerializer = true
                   SGenUseKeep = false
                   SGenUseProxyTypes = true
                   ShouldMarkCertainSDKReferencesAsRuntimeOnly = true
                   SignAssembly = false
                   SkipCopyUnchangedFiles = true
                   SkipImportNuGetBuildTargets = true
                   SkipImportNuGetProps = true
                   SolutionDir = *Undefined*
                   SolutionExt = *Undefined*
                   SolutionFileName = *Undefined*
                   SolutionName = *Undefined*
                   SolutionPath = *Undefined*
                   SourceControlInformationFeatureSupported = true
                   SourceControlManagerUrlTranslationTargets = ;TranslateGitHubUrlsInSourceControlInformation;TranslateGitLabUrlsInSourceControlInformation;TranslateAzureReposGitUrlsInSourceControlInformation;TranslateBitbucketGitUrlsInSourceControlInformation
                   SourceFilesProjectOutputGroupDependsOn = PrepareForBuild;AssignTargetPaths
                   SourceLinkUrlInitializerTargets = ;_InitializeGitHubSourceLinkUrl;_InitializeGitLabSourceLinkUrl;_InitializeAzureReposGitSourceLinkUrl;_InitializeBitbucketGitSourceLinkUrl
                   SourceRootMappedPathsFeatureSupported = true
                   SupportedOSPlatformVersion = 
                   SupportsRoslynComponentVersioning = true
                   SuppressDependenciesWhenPacking = false
                   SymbolPackageFormat = symbols.nupkg
                   TargetCulture = *
                   TargetDeployManifestFileName = NikkiLoader.application
                   TargetDir = D:\Project\AssetRipper\.workbuddy\tmp\NikkiLoader\bin\Debug\net10.0\
                   TargetedFrameworkDir = @(_TargetedFrameworkDirectoryItem)
                   TargetedSDKArchitecture = msil
                   TargetedSDKConfiguration = Debug
                   TargetExt = .dll
                   TargetFileName = NikkiLoader.dll
                   TargetFramework = net10.0
                   TargetFrameworkDirectory = 
                   TargetFrameworkIdentifier = .NETCoreApp
                   TargetFrameworkMoniker = .NETCoreApp,Version=v10.0
                   TargetFrameworkMonikerAssemblyAttributesPath = obj\Debug\net10.0\.NETCoreApp,Version=v10.0.AssemblyAttributes.cs
                   TargetFrameworkMonikerDisplayName = .NET 10.0
                   TargetFrameworkSDKToolsDirectory = 
                   TargetFrameworkVersion = v10.0
                   TargetLatestRuntimePatch = false
                   TargetName = NikkiLoader
                   TargetPath = D:\Project\AssetRipper\.workbuddy\tmp\NikkiLoader\bin\Debug\net10.0\NikkiLoader.dll
                   TargetPlatformDisplayName =  
                   TargetPlatformIdentifier = 
                   TargetPlatformRegistryBase = Software\Microsoft\Microsoft SDKs\
                   TargetPlatformSdkPath = 
                   TargetPlatformVersion = 
                   TargetRefPath = D:\Project\AssetRipper\.workbuddy\tmp\NikkiLoader\obj\Debug\net10.0\ref\NikkiLoader.dll
                   TargetRuntime = Managed
                   TargetsCurrent = true
                   TargetsForTfmSpecificContentInPackage = ;_PackProjectToolValidation
                   ToolDepsJsonGeneratorProject = C:\Program Files\dotnet\sdk\10.0.301\Sdks\Microsoft.NET.Sdk\targets\GenerateDeps\GenerateDeps.proj
                   TreatWarningsAsErrors = false
                   TrimDepsJsonLibrariesWithoutAssets = true
                   UnmanagedRegistrationDependsOn = 
                   UnmanagedUnregistrationDependsOn = 
                   UnsupportedTargetFrameworkVersion = 11.0
                   UseAppHost = true
                   UseCommonOutputDirectory = false
                   UseDefaultPlatformLookupTables = true
                   UseHostCompilerIfAvailable = true
                   UseMSBuildTestInfrastructure = false
                   UseOSWinMdReferences = false
                   UseRidGraph = false
                   UserProfileRuntimeStorePath = C:\Users\Administrator\.dotnet\store
                   UserRuntimeConfig = D:\Project\AssetRipper\.workbuddy\tmp\NikkiLoader/runtimeconfig.template.json
                   UseSourcePath = true
                   UsingMicrosoftNETSdk = true
                   UsingNETSdkDefaults = true
                   Utf8Output = true
                   ValidateRuntimeIdentifierCompatibility = false
                   VerifyMatchingImplicitPackageVersion = true
                   Version = 1.0.0
                   VersionPrefix = 1.0.0
                   VisualBasicCoreTargetsPath = C:\Program Files\dotnet\sdk\10.0.301\Sdks\Microsoft.NET.Sdk\targets\..\..\..\Roslyn\Microsoft.VisualBasic.Core.targets
                   VisualStudioVersion = 18.0
                   VSTestConsolePath = C:\Program Files\dotnet\sdk\10.0.301\vstest.console.dll
                   VSTestNoBuild = False
                   VSTestTargets = C:\Program Files\dotnet\sdk\10.0.301\\Microsoft.TestPlatform.targets
                   VSTestTaskAssemblyFile = Microsoft.TestPlatform.Build.dll
                   VsTestUseMSBuildOutput = False
                   WarningLevel = 10
                   WarningsAsErrors = ;NU1605;SYSLIB0011
                   WarnOnPackingNonPackableProject = false
                   WebReference_EnableLegacyEventingModel = false
                   WebReference_EnableProperties = true
                   WebReference_EnableSQLTypes = true
                   WMSJSProject = WJProject
                   WMSJSProjectDirectory = JavaScript
                   YieldDuringToolExecution = true

01:04:09.844     0>初始项:
                   _ApplicationManifestFinal
                       bin\Debug\net10.0\NikkiLoader.dll.manifest
                           TargetPath = NikkiLoader.dll.manifest
                   _DebugSymbolsIntermediatePath
                       obj\Debug\net10.0\NikkiLoader.pdb
                   _DebugSymbolsOutputPath
                       bin\Debug\net10.0\NikkiLoader.pdb
                   _DeploymentManifestEntryPoint
                       obj\Debug\net10.0\NikkiLoader.dll
                           TargetPath = NikkiLoader.dll
                   _EolNetCoreTargetFrameworkVersions
                       1.0
                       1.1
                       2.0
                       2.1
                       2.2
                       3.0
                       3.1
                       5.0
                       6.0
                       7.0
                   _ExcludedKnownRuntimeIdentiferPlatforms
                       rhel.6
                       rhel.6
                       rhel.6
                       rhel.6
                       rhel.6
                       rhel.6
                       rhel.6
                       rhel.6
                       rhel.6
                       rhel.6
                       rhel.6
                       rhel.6
                       rhel.6
                       rhel.6
                       rhel.6
                       rhel.6
                       rhel.6
                       tizen.4.0.0
                       tizen.4.0.0
                       tizen.4.0.0
                       tizen.4.0.0
                       tizen.4.0.0
                       tizen.4.0.0
                       tizen.4.0.0
                       tizen.4.0.0
                       tizen.4.0.0
                       tizen.4.0.0
                       tizen.4.0.0
                       tizen.4.0.0
                       tizen.4.0.0
                       tizen.4.0.0
                       tizen.4.0.0
                       tizen.4.0.0
                       tizen.4.0.0
                       tizen.4.0.0
                       tizen.4.0.0
                       tizen.4.0.0
                       tizen.4.0.0
                       tizen.4.0.0
                       tizen.4.0.0
                       tizen.4.0.0
                       tizen.4.0.0
                       tizen.4.0.0
                       tizen.4.0.0
                       tizen.4.0.0
                       tizen.4.0.0
                       tizen.4.0.0
                       tizen.4.0.0
                       tizen.4.0.0
                       tizen.4.0.0
                       tizen.4.0.0
                       tizen.4.0.0
                       tizen.4.0.0
                       tizen.4.0.0
                       tizen.4.0.0
                       tizen.4.0.0
                       tizen.4.0.0
                       tizen.4.0.0
                       tizen.5.0.0
                       tizen.5.0.0
                       tizen.5.0.0
                       tizen.5.0.0
                       tizen.5.0.0
                       tizen.5.0.0
                       tizen.5.0.0
                       tizen.5.0.0
                       tizen.5.0.0
                       tizen.5.0.0
                       tizen.5.0.0
                       tizen.5.0.0
                       tizen.5.0.0
                       tizen.5.0.0
                       tizen.5.0.0
                       tizen.5.0.0
                       tizen.5.0.0
                       tizen.5.0.0
                       tizen.5.0.0
                       tizen.5.0.0
                       tizen.5.0.0
                       tizen.5.0.0
                       tizen.5.0.0
                       tizen.5.0.0
                       tizen.5.0.0
                       tizen.5.0.0
                       tizen.5.0.0
                       tizen.5.0.0
                       tizen.5.0.0
                       tizen.5.0.0
                       tizen.5.0.0
                       tizen.5.0.0
                       tizen.5.0.0
                       tizen.5.0.0
                       tizen.5.0.0
                       tizen.5.0.0
                       tizen.5.0.0
                       tizen.5.0.0
                       tizen.5.0.0
                       tizen.5.0.0
                       tizen.5.0.0
                   _KnownRuntimeIdentiferPlatforms
                       any
                       any
                       any
                       any
                       any
                       any
                       any
                       any
                       any
                       any
                       any
                       any
                       any
                       any
                       any
                       any
                       any
                       any
                       any
                       any
                       any
                       any
                       any
                       any
                       any
                       any
                       any
                       any
                       any
                       any
                       any
                       any
                       any
                       any
                       any
                       any
                       any
                       any
                       any
                       any
                       aot
                       aot
                       aot
                       aot
                       aot
                       aot
                       aot
                       aot
                       aot
                       aot
                       aot
                       aot
                       aot
                       aot
                       aot
                       aot
                       aot
                       aot
                       aot
                       aot
                       aot
                       aot
                       aot
                       aot
                       aot
                       aot
                       aot
                       aot
                       aot
                       aot
                       aot
                       aot
                       aot
                       aot
                       aot
                       aot
                       aot
                       aot
                       aot
                       aot
                       freebsd
                       freebsd
                       freebsd
                       freebsd
                       freebsd
                       freebsd
                       freebsd
                       freebsd
                       freebsd
                       freebsd
                       freebsd
                       freebsd
                       freebsd
                       freebsd
                       freebsd
                       freebsd
                       freebsd
                       freebsd
                       freebsd
                       freebsd
                       freebsd
                       freebsd
                       freebsd
                       freebsd
                       freebsd
                       freebsd
                       freebsd
                       freebsd
                       freebsd
                       freebsd
                       freebsd
                       freebsd
                       freebsd
                       freebsd
                       freebsd
                       freebsd
                       freebsd
                       freebsd
                       freebsd
                       freebsd
                       illumos
                       illumos
                       illumos
                       illumos
                       illumos
                       illumos
                       illumos
                       illumos
                       illumos
                       illumos
                       illumos
                       illumos
                       illumos
                       illumos
                       illumos
                       illumos
                       illumos
                       illumos
                       illumos
                       illumos
                       illumos
                       illumos
                       illumos
                       illumos
                       illumos
                       illumos
                       illumos
                       illumos
                       illumos
                       illumos
                       illumos
                       illumos
                       illumos
                       illumos
                       illumos
                       illumos
                       illumos
                       illumos
                       illumos
                       illumos
                       solaris
                       solaris
                       solaris
                       solaris
                       solaris
                       solaris
                       solaris
                       solaris
                       solaris
                       solaris
                       solaris
                       solaris
                       solaris
                       solaris
                       solaris
                       solaris
                       solaris
                       solaris
                       solaris
                       solaris
                       solaris
                       solaris
                       solaris
                       solaris
                       solaris
                       solaris
                       solaris
                       solaris
                       solaris
                       solaris
                       solaris
                       solaris
                       solaris
                       solaris
                       solaris
                       solaris
                       solaris
                       solaris
                       solaris
                       solaris
                       unix
                       unix
                       unix
                       unix
                       unix
                       unix
                       unix
                       unix
                       unix
                       unix
                       unix
                       unix
                       unix
                       unix
                       unix
                       unix
                       unix
                       unix
                       unix
                       unix
                       unix
                       unix
                       unix
                       unix
                       unix
                       unix
                       unix
                       unix
                       unix
                       unix
                       unix
                       unix
                       unix
                       unix
                       unix
                       unix
                       unix
                       unix
                       unix
                       unix
                   _OutputPathItem
                       bin\Debug\net10.0\
                   _ResolveComReferenceCache
                       obj\Debug\net10.0\NikkiLoader.csproj.ResolveComReference.cache
                   _UnmanagedRegistrationCache
                       obj\NikkiLoader.csproj.UnmanagedRegistration.cache
                   _ValidProjectsForRestore
                       D:\Project\AssetRipper\.workbuddy\tmp\NikkiLoader\NikkiLoader.csproj
                   AdditionalProbingPath
                       C:\Users\Administrator\.dotnet\store\|arch|\|tfm|
                   AdditionalTargetFrameworkInfoProperty
                       _IsExecutable
                       _SelfContainedWasSpecified
                       IsRidAgnostic
                       SelfContained
                       ShouldBeValidatedAsExecutableReference
                   Analyzer
                       C:\Program Files\dotnet\sdk\10.0.301\Sdks\Microsoft.NET.Sdk\targets\..\analyzers\Microsoft.CodeAnalysis.CSharp.NetAnalyzers.dll
                           IsImplicitlyDefined = true
                       C:\Program Files\dotnet\sdk\10.0.301\Sdks\Microsoft.NET.Sdk\targets\..\analyzers\Microsoft.CodeAnalysis.NetAnalyzers.dll
                           IsImplicitlyDefined = true
                   AppConfigFileDestination
                       bin\Debug\net10.0\NikkiLoader.dll.config
                   ApplicationManifest
                       obj\Debug\net10.0\NikkiLoader.dll.manifest
                           TargetPath = NikkiLoader.dll.manifest
                   BuiltProjectOutputGroupKeyOutput
                       D:\Project\AssetRipper\.workbuddy\tmp\NikkiLoader\obj\Debug\net10.0\NikkiLoader.dll
                           IsKeyOutput = true
                           FinalOutputPath = D:\Project\AssetRipper\.workbuddy\tmp\NikkiLoader\bin\Debug\net10.0\NikkiLoader.dll
                           TargetPath = NikkiLoader.dll
                   ClsidMap
                       obj\Debug\net10.0\NikkiLoader.clsidmap
                   CompilerVisibleProperty
                       _SupportedPlatformList
                       EnableComHosting
                       EnableGeneratedComInterfaceComImportInterop
                       EnforceExtendedAnalyzerRules
                       EntryPointFilePath
                       InvariantGlobalization
                       PlatformNeutralAssembly
                       ProjectDir
                       ProjectTypeGuids
                       RootNamespace
                       TargetFramework
                       TargetFrameworkIdentifier
                       TargetFrameworkVersion
                       TargetPlatformMinVersion
                       UsingMicrosoftNETSdkWeb
                   CopyUpToDateMarker
                       D:\Project\AssetRipper\.workbuddy\tmp\NikkiLoader\obj\Debug\net10.0\NikkiLoa.F9311C3A.Up2Date
                   CreateDirectory
                       D:\Project\AssetRipper\.workbuddy\tmp\NikkiLoader\obj\Debug\net10.0\refint\
                       obj\Debug\net10.0\ref
                   DebugSymbolsProjectOutputGroupOutput
                       D:\Project\AssetRipper\.workbuddy\tmp\NikkiLoader\obj\Debug\net10.0\NikkiLoader.pdb
                           FinalOutputPath = D:\Project\AssetRipper\.workbuddy\tmp\NikkiLoader\bin\Debug\net10.0\NikkiLoader.pdb
                           TargetPath = NikkiLoader.pdb
                   DeployManifest
                       obj\Debug\net10.0\NikkiLoader.application
                           TargetPath = NikkiLoader.application
                   FrameworkReference
                       Microsoft.NETCore.App
                           IsImplicitlyDefined = true
                           PrivateAssets = All
                           Pack = false
                   GenerateRuntimeConfigurationFilesInputs
                       D:\Project\AssetRipper\.workbuddy\tmp\NikkiLoader\obj\Debug\net10.0\NikkiLoader.assets.cache
                       D:\Project\AssetRipper\.workbuddy\tmp\NikkiLoader\obj\project.assets.json
                   ImplicitPackageReferenceVersion
                       Microsoft.AspNetCore.All
                           LatestVersion = 2.1.30
                           DefaultVersion = 2.1.1
                           TargetFrameworkVersion = 2.1
                       Microsoft.AspNetCore.All
                           LatestVersion = 2.2.8
                           DefaultVersion = 2.2.0
                           TargetFrameworkVersion = 2.2
                       Microsoft.AspNetCore.App
                           LatestVersion = 2.1.30
                           DefaultVersion = 2.1.1
                           TargetFrameworkVersion = 2.1
                       Microsoft.AspNetCore.App
                           LatestVersion = 2.2.8
                           DefaultVersion = 2.2.0
                           TargetFrameworkVersion = 2.2
                       Microsoft.NETCore.App
                           LatestVersion = 1.0.16
                           DefaultVersion = 1.0.5
                           TargetFrameworkVersion = 1.0
                       Microsoft.NETCore.App
                           LatestVersion = 1.1.13
                           DefaultVersion = 1.1.2
                           TargetFrameworkVersion = 1.1
                       Microsoft.NETCore.App
                           LatestVersion = 2.0.9
                           DefaultVersion = 2.0.0
                           TargetFrameworkVersion = 2.0
                       Microsoft.NETCore.App
                           LatestVersion = 2.1.30
                           DefaultVersion = 2.1.0
                           TargetFrameworkVersion = 2.1
                       Microsoft.NETCore.App
                           LatestVersion = 2.2.8
                           DefaultVersion = 2.2.0
                           TargetFrameworkVersion = 2.2
                   IntermediateAssembly
                       obj\Debug\net10.0\NikkiLoader.dll
                   IntermediateRefAssembly
                       obj\Debug\net10.0\refint\NikkiLoader.dll
                   KnownAppHostPack
                       Microsoft.NETCore.App
                           ExcludedRuntimeIdentifiers = android
                           AppHostRuntimeIdentifiers = linux-arm;linux-arm64;linux-musl-arm64;linux-musl-x64;linux-x64;osx-x64;tizen.4.0.0-armel;tizen.5.0.0-armel;win-arm64;win-x64;win-x86;linux-musl-arm;osx-arm64;linux-s390x;linux-loongarch64;linux-bionic-arm;linux-bionic-arm64;linux-bionic-x64;linux-bionic-x86;linux-ppc64le;freebsd-x64;freebsd-arm64;linux-riscv64;linux-musl-riscv64;linux-musl-loongarch64
                           TargetFramework = net10.0
                           AppHostPackNamePattern = Microsoft.NETCore.App.Host.**RID**
                           AppHostPackVersion = 10.0.9
                       Microsoft.NETCore.App
                           ExcludedRuntimeIdentifiers = android
                           AppHostRuntimeIdentifiers = linux-arm;linux-arm64;linux-musl-arm64;linux-musl-x64;linux-x64;osx-x64;tizen.4.0.0-armel;tizen.5.0.0-armel;win-arm64;win-x64;win-x86;linux-musl-arm;osx-arm64;linux-s390x;linux-loongarch64;linux-bionic-arm;linux-bionic-arm64;linux-bionic-x64;linux-bionic-x86;linux-ppc64le;freebsd-x64;freebsd-arm64;linux-riscv64;linux-musl-riscv64;linux-musl-loongarch64
                           TargetFramework = net9.0
                           AppHostPackNamePattern = Microsoft.NETCore.App.Host.**RID**
                           AppHostPackVersion = 9.0.17
                       Microsoft.NETCore.App
                           ExcludedRuntimeIdentifiers = android
                           AppHostRuntimeIdentifiers = linux-arm;linux-arm64;linux-musl-arm64;linux-musl-x64;linux-x64;osx-x64;tizen.4.0.0-armel;tizen.5.0.0-armel;win-arm64;win-x64;win-x86;linux-musl-arm;osx-arm64;linux-s390x;linux-loongarch64;linux-bionic-arm;linux-bionic-arm64;linux-bionic-x64;linux-bionic-x86;linux-ppc64le;freebsd-x64;freebsd-arm64
                           TargetFramework = net8.0
                           AppHostPackNamePattern = Microsoft.NETCore.App.Host.**RID**
                           AppHostPackVersion = 8.0.28
                       Microsoft.NETCore.App
                           ExcludedRuntimeIdentifiers = android
                           AppHostRuntimeIdentifiers = linux-arm;linux-arm64;linux-musl-arm64;linux-musl-x64;linux-x64;osx-x64;tizen.4.0.0-armel;tizen.5.0.0-armel;win-arm;win-arm64;win-x64;win-x86;linux-musl-arm;osx-arm64;linux-s390x;linux-loongarch64;linux-bionic-arm;linux-bionic-arm64;linux-bionic-x64;linux-bionic-x86;linux-ppc64le
                           TargetFramework = net7.0
                           AppHostPackNamePattern = Microsoft.NETCore.App.Host.**RID**
                           AppHostPackVersion = 7.0.20
                       Microsoft.NETCore.App
                           ExcludedRuntimeIdentifiers = android
                           AppHostRuntimeIdentifiers = linux-arm;linux-arm64;linux-musl-arm64;linux-musl-x64;linux-x64;osx-x64;tizen.4.0.0-armel;tizen.5.0.0-armel;win-arm;win-arm64;win-x64;win-x86;linux-musl-arm;osx-arm64;linux-s390x;linux-loongarch64
                           TargetFramework = net6.0
                           AppHostPackNamePattern = Microsoft.NETCore.App.Host.**RID**
                           AppHostPackVersion = 6.0.36
                       Microsoft.NETCore.App
                           AppHostRuntimeIdentifiers = linux-arm;linux-arm64;linux-musl-arm64;linux-musl-x64;linux-x64;osx-x64;tizen.4.0.0-armel;tizen.5.0.0-armel;win-arm;win-arm64;win-x64;win-x86;linux-musl-arm
                           TargetFramework = net5.0
                           AppHostPackNamePattern = Microsoft.NETCore.App.Host.**RID**
                           AppHostPackVersion = 5.0.17
                       Microsoft.NETCore.App
                           AppHostRuntimeIdentifiers = linux-arm;linux-arm64;linux-musl-arm64;linux-musl-x64;linux-x64;osx-x64;tizen.4.0.0-armel;tizen.5.0.0-armel;win-arm;win-arm64;win-x64;win-x86
                           TargetFramework = netcoreapp3.1
                           AppHostPackNamePattern = Microsoft.NETCore.App.Host.**RID**
                           AppHostPackVersion = 3.1.32
                       Microsoft.NETCore.App
                           AppHostRuntimeIdentifiers = linux-arm;linux-arm64;linux-musl-arm64;linux-musl-x64;linux-x64;osx-x64;tizen.4.0.0-armel;tizen.5.0.0-armel;win-arm;win-arm64;win-x64;win-x86
                           TargetFramework = netcoreapp3.0
                           AppHostPackNamePattern = Microsoft.NETCore.App.Host.**RID**
                           AppHostPackVersion = 3.0.3
                   KnownAspNetCorePack
                       Microsoft.AspNetCore.App.Internal.Assets
                           TargetFramework = net10.0
                           AspNetCorePackVersion = 10.0.9
                   KnownCrossgen2Pack
                       Microsoft.NETCore.App.Crossgen2
                           Crossgen2RuntimeIdentifiers = linux-musl-x64;linux-x64;win-x64;linux-arm;linux-arm64;linux-musl-arm;linux-musl-arm64;osx-arm64;osx-x64;win-arm64;win-x86;freebsd-x64;freebsd-arm64;linux-riscv64;linux-musl-riscv64;linux-loongarch64;linux-musl-loongarch64
                           TargetFramework = net10.0
                           Crossgen2PackNamePattern = Microsoft.NETCore.App.Crossgen2.**RID**
                           Crossgen2PackVersion = 10.0.9
                           Crossgen2PortableRuntimeIdentifiers = linux-musl-x64;linux-x64;win-x64;linux-arm;linux-arm64;linux-musl-arm;linux-musl-arm64;osx-arm64;osx-x64;win-arm64;win-x86;freebsd-x64;freebsd-arm64;linux-riscv64;linux-musl-riscv64;linux-loongarch64;linux-musl-loongarch64
                       Microsoft.NETCore.App.Crossgen2
                           Crossgen2RuntimeIdentifiers = linux-musl-x64;linux-x64;win-x64;linux-arm;linux-arm64;linux-musl-arm;linux-musl-arm64;osx-arm64;osx-x64;win-arm64;win-x86;freebsd-x64;freebsd-arm64;linux-riscv64;linux-musl-riscv64;linux-loongarch64;linux-musl-loongarch64
                           TargetFramework = net9.0
                           Crossgen2PackNamePattern = Microsoft.NETCore.App.Crossgen2.**RID**
                           Crossgen2PackVersion = 9.0.17
                       Microsoft.NETCore.App.Crossgen2
                           Crossgen2RuntimeIdentifiers = linux-musl-x64;linux-x64;win-x64;linux-arm;linux-arm64;linux-musl-arm;linux-musl-arm64;osx-arm64;osx-x64;win-arm64;win-x86;freebsd-x64;freebsd-arm64
                           TargetFramework = net8.0
                           Crossgen2PackNamePattern = Microsoft.NETCore.App.Crossgen2.**RID**
                           Crossgen2PackVersion = 8.0.28
                       Microsoft.NETCore.App.Crossgen2
                           Crossgen2RuntimeIdentifiers = linux-musl-x64;linux-x64;win-x64;linux-arm;linux-arm64;linux-musl-arm;linux-musl-arm64;osx-arm64;osx-x64;win-arm;win-arm64;win-x86
                           TargetFramework = net7.0
                           Crossgen2PackNamePattern = Microsoft.NETCore.App.Crossgen2.**RID**
                           Crossgen2PackVersion = 7.0.20
                       Microsoft.NETCore.App.Crossgen2
                           Crossgen2RuntimeIdentifiers = linux-musl-x64;linux-x64;win-x64;linux-arm;linux-arm64;linux-musl-arm;linux-musl-arm64;osx-arm64;osx-x64;win-arm;win-arm64;win-x86
                           TargetFramework = net6.0
                           Crossgen2PackNamePattern = Microsoft.NETCore.App.Crossgen2.**RID**
                           Crossgen2PackVersion = 6.0.36
                       Microsoft.NETCore.App.Crossgen2
                           Crossgen2RuntimeIdentifiers = linux-musl-x64;linux-x64;win-x64
                           TargetFramework = net5.0
                           Crossgen2PackNamePattern = Microsoft.NETCore.App.Crossgen2.**RID**
                           Crossgen2PackVersion = 5.0.17
                   KnownFrameworkReference
                       Microsoft.AspNetCore.App
                           TargetFramework = netcoreapp3.1
                           DefaultRuntimeFrameworkVersion = 3.1.0
                           TargetingPackName = Microsoft.AspNetCore.App.Ref
                           LatestRuntimeFrameworkVersion = 3.1.32
                           RuntimePackRuntimeIdentifiers = win-x64;win-x86;win-arm;osx-x64;linux-musl-x64;linux-musl-arm64;linux-x64;linux-arm;linux-arm64
                           RuntimePackNamePatterns = Microsoft.AspNetCore.App.Runtime.**RID**
                           TargetingPackVersion = 3.1.10
                           RuntimeFrameworkName = Microsoft.AspNetCore.App
                       Microsoft.AspNetCore.App
                           TargetFramework = net10.0
                           DefaultRuntimeFrameworkVersion = 10.0.0
                           TargetingPackName = Microsoft.AspNetCore.App.Ref
                           LatestRuntimeFrameworkVersion = 10.0.9
                           RuntimePackExcludedRuntimeIdentifiers = android;linux-bionic
                           RuntimePackRuntimeIdentifiers = win-x64;win-x86;osx-x64;linux-musl-x64;linux-musl-arm64;linux-x64;linux-arm;linux-arm64;linux-musl-arm;win-arm64;osx-arm64;linux-s390x;linux-loongarch64;linux-ppc64le;freebsd-x64;freebsd-arm64;linux-riscv64;linux-musl-riscv64;linux-loongarch64;linux-musl-loongarch64
                           RuntimePackNamePatterns = Microsoft.AspNetCore.App.Runtime.**RID**
                           TargetingPackVersion = 10.0.9
                           RuntimeFrameworkName = Microsoft.AspNetCore.App
                       Microsoft.AspNetCore.App
                           TargetFramework = net5.0
                           DefaultRuntimeFrameworkVersion = 5.0.0
                           TargetingPackName = Microsoft.AspNetCore.App.Ref
                           LatestRuntimeFrameworkVersion = 5.0.17
                           RuntimePackRuntimeIdentifiers = win-x64;win-x86;win-arm;osx-x64;linux-musl-x64;linux-musl-arm64;linux-x64;linux-arm;linux-arm64;linux-musl-arm;win-arm64
                           RuntimePackNamePatterns = Microsoft.AspNetCore.App.Runtime.**RID**
                           TargetingPackVersion = 5.0.0
                           RuntimeFrameworkName = Microsoft.AspNetCore.App
                       Microsoft.AspNetCore.App
                           TargetFramework = net6.0
                           DefaultRuntimeFrameworkVersion = 6.0.0
                           TargetingPackName = Microsoft.AspNetCore.App.Ref
                           LatestRuntimeFrameworkVersion = 6.0.36
                           RuntimePackRuntimeIdentifiers = win-x64;win-x86;win-arm;osx-x64;linux-musl-x64;linux-musl-arm64;linux-x64;linux-arm;linux-arm64;linux-musl-arm;win-arm64;osx-arm64;linux-s390x;linux-loongarch64
                           RuntimePackNamePatterns = Microsoft.AspNetCore.App.Runtime.**RID**
                           TargetingPackVersion = 6.0.36
                           RuntimeFrameworkName = Microsoft.AspNetCore.App
                       Microsoft.AspNetCore.App
                           TargetFramework = netcoreapp3.0
                           DefaultRuntimeFrameworkVersion = 3.0.0
                           TargetingPackName = Microsoft.AspNetCore.App.Ref
                           LatestRuntimeFrameworkVersion = 3.0.3
                           RuntimePackRuntimeIdentifiers = win-x64;win-x86;win-arm;osx-x64;linux-musl-x64;linux-musl-arm64;linux-x64;linux-arm;linux-arm64
                           RuntimePackNamePatterns = Microsoft.AspNetCore.App.Runtime.**RID**
                           TargetingPackVersion = 3.0.1
                           RuntimeFrameworkName = Microsoft.AspNetCore.App
                       Microsoft.AspNetCore.App
                           TargetFramework = net9.0
                           DefaultRuntimeFrameworkVersion = 9.0.0
                           TargetingPackName = Microsoft.AspNetCore.App.Ref
                           LatestRuntimeFrameworkVersion = 9.0.17
                           RuntimePackExcludedRuntimeIdentifiers = android;linux-bionic
                           RuntimePackRuntimeIdentifiers = win-x64;win-x86;osx-x64;linux-musl-x64;linux-musl-arm64;linux-x64;linux-arm;linux-arm64;linux-musl-arm;win-arm64;osx-arm64;linux-s390x;linux-loongarch64;linux-ppc64le;freebsd-x64;freebsd-arm64;linux-riscv64;linux-musl-riscv64;linux-loongarch64;linux-musl-loongarch64
                           RuntimePackNamePatterns = Microsoft.AspNetCore.App.Runtime.**RID**
                           TargetingPackVersion = 9.0.17
                           RuntimeFrameworkName = Microsoft.AspNetCore.App
                       Microsoft.AspNetCore.App
                           TargetFramework = net7.0
                           DefaultRuntimeFrameworkVersion = 7.0.0
                           TargetingPackName = Microsoft.AspNetCore.App.Ref
                           LatestRuntimeFrameworkVersion = 7.0.20
                           RuntimePackExcludedRuntimeIdentifiers = android
                           RuntimePackRuntimeIdentifiers = win-x64;win-x86;win-arm;osx-x64;linux-musl-x64;linux-musl-arm64;linux-x64;linux-arm;linux-arm64;linux-musl-arm;win-arm64;osx-arm64;linux-s390x;linux-loongarch64;linux-ppc64le
                           RuntimePackNamePatterns = Microsoft.AspNetCore.App.Runtime.**RID**
                           TargetingPackVersion = 7.0.20
                           RuntimeFrameworkName = Microsoft.AspNetCore.App
                       Microsoft.AspNetCore.App
                           TargetFramework = net8.0
                           DefaultRuntimeFrameworkVersion = 8.0.0
                           TargetingPackName = Microsoft.AspNetCore.App.Ref
                           LatestRuntimeFrameworkVersion = 8.0.28
                           RuntimePackExcludedRuntimeIdentifiers = android;linux-bionic
                           RuntimePackRuntimeIdentifiers = win-x64;win-x86;osx-x64;linux-musl-x64;linux-musl-arm64;linux-x64;linux-arm;linux-arm64;linux-musl-arm;win-arm64;osx-arm64;linux-s390x;linux-loongarch64;linux-ppc64le;freebsd-x64;freebsd-arm64
                           RuntimePackNamePatterns = Microsoft.AspNetCore.App.Runtime.**RID**
                           TargetingPackVersion = 8.0.28
                           RuntimeFrameworkName = Microsoft.AspNetCore.App
                       Microsoft.NETCore.App
                           TargetFramework = net10.0
                           DefaultRuntimeFrameworkVersion = 10.0.0
                           TargetingPackName = Microsoft.NETCore.App.Ref
                           LatestRuntimeFrameworkVersion = 10.0.9
                           RuntimePackRuntimeIdentifiers = linux-arm;linux-arm64;linux-musl-arm64;linux-musl-x64;linux-x64;osx-x64;tizen.4.0.0-armel;tizen.5.0.0-armel;win-arm64;win-x64;win-x86;linux-musl-arm;osx-arm64;linux-s390x;linux-loongarch64;linux-bionic-arm;linux-bionic-arm64;linux-bionic-x64;linux-bionic-x86;linux-ppc64le;freebsd-x64;freebsd-arm64;linux-riscv64;linux-musl-riscv64;linux-musl-loongarch64;android-arm64;android-x64
                           RuntimePackNamePatterns = Microsoft.NETCore.App.Runtime.**RID**
                           TargetingPackVersion = 10.0.9
                           RuntimeFrameworkName = Microsoft.NETCore.App
                       Microsoft.NETCore.App
                           TargetFramework = netcoreapp3.0
                           DefaultRuntimeFrameworkVersion = 3.0.0
                           TargetingPackName = Microsoft.NETCore.App.Ref
                           LatestRuntimeFrameworkVersion = 3.0.3
                           RuntimePackRuntimeIdentifiers = linux-arm;linux-arm64;linux-musl-arm64;linux-musl-x64;linux-x64;osx-x64;tizen.4.0.0-armel;tizen.5.0.0-armel;win-arm;win-arm64;win-x64;win-x86
                           RuntimePackNamePatterns = Microsoft.NETCore.App.Runtime.**RID**
                           TargetingPackVersion = 3.0.0
                           IsTrimmable = true
                           RuntimeFrameworkName = Microsoft.NETCore.App
                       Microsoft.NETCore.App
                           TargetFramework = netcoreapp3.1
                           DefaultRuntimeFrameworkVersion = 3.1.0
                           TargetingPackName = Microsoft.NETCore.App.Ref
                           LatestRuntimeFrameworkVersion = 3.1.32
                           RuntimePackRuntimeIdentifiers = linux-arm;linux-arm64;linux-musl-arm64;linux-musl-x64;linux-x64;osx-x64;tizen.4.0.0-armel;tizen.5.0.0-armel;win-arm;win-arm64;win-x64;win-x86
                           RuntimePackNamePatterns = Microsoft.NETCore.App.Runtime.**RID**
                           TargetingPackVersion = 3.1.0
                           IsTrimmable = true
                           RuntimeFrameworkName = Microsoft.NETCore.App
                       Microsoft.NETCore.App
                           TargetFramework = net5.0
                           DefaultRuntimeFrameworkVersion = 5.0.0
                           TargetingPackName = Microsoft.NETCore.App.Ref
                           LatestRuntimeFrameworkVersion = 5.0.17
                           RuntimePackRuntimeIdentifiers = linux-arm;linux-arm64;linux-musl-arm64;linux-musl-x64;linux-x64;osx-x64;tizen.4.0.0-armel;tizen.5.0.0-armel;win-arm;win-arm64;win-x64;win-x86;linux-musl-arm;browser-wasm
                           RuntimePackNamePatterns = Microsoft.NETCore.App.Runtime.**RID**
                           TargetingPackVersion = 5.0.0
                           IsTrimmable = true
                           RuntimeFrameworkName = Microsoft.NETCore.App
                       Microsoft.NETCore.App
                           TargetFramework = net7.0
                           DefaultRuntimeFrameworkVersion = 7.0.0
                           TargetingPackName = Microsoft.NETCore.App.Ref
                           LatestRuntimeFrameworkVersion = 7.0.20
                           RuntimePackRuntimeIdentifiers = linux-arm;linux-arm64;linux-musl-arm64;linux-musl-x64;linux-x64;osx-x64;tizen.4.0.0-armel;tizen.5.0.0-armel;win-arm;win-arm64;win-x64;win-x86;linux-musl-arm;osx-arm64;linux-s390x;linux-loongarch64;linux-bionic-arm;linux-bionic-arm64;linux-bionic-x64;linux-bionic-x86;linux-ppc64le
                           RuntimePackNamePatterns = Microsoft.NETCore.App.Runtime.**RID**
                           TargetingPackVersion = 7.0.20
                           RuntimeFrameworkName = Microsoft.NETCore.App
                       Microsoft.NETCore.App
                           TargetFramework = net6.0
                           DefaultRuntimeFrameworkVersion = 6.0.0
                           TargetingPackName = Microsoft.NETCore.App.Ref
                           LatestRuntimeFrameworkVersion = 6.0.36
                           RuntimePackRuntimeIdentifiers = linux-arm;linux-arm64;linux-musl-arm64;linux-musl-x64;linux-x64;osx-x64;tizen.4.0.0-armel;tizen.5.0.0-armel;win-arm;win-arm64;win-x64;win-x86;linux-musl-arm;osx-arm64;linux-s390x;linux-loongarch64
                           RuntimePackNamePatterns = Microsoft.NETCore.App.Runtime.**RID**
                           TargetingPackVersion = 6.0.36
                           RuntimeFrameworkName = Microsoft.NETCore.App
                       Microsoft.NETCore.App
                           TargetFramework = net8.0
                           DefaultRuntimeFrameworkVersion = 8.0.0
                           TargetingPackName = Microsoft.NETCore.App.Ref
                           LatestRuntimeFrameworkVersion = 8.0.28
                           RuntimePackRuntimeIdentifiers = linux-arm;linux-arm64;linux-musl-arm64;linux-musl-x64;linux-x64;osx-x64;tizen.4.0.0-armel;tizen.5.0.0-armel;win-arm64;win-x64;win-x86;linux-musl-arm;osx-arm64;linux-s390x;linux-loongarch64;linux-bionic-arm;linux-bionic-arm64;linux-bionic-x64;linux-bionic-x86;linux-ppc64le;freebsd-x64;freebsd-arm64
                           RuntimePackNamePatterns = Microsoft.NETCore.App.Runtime.**RID**
                           TargetingPackVersion = 8.0.28
                           RuntimeFrameworkName = Microsoft.NETCore.App
                       Microsoft.NETCore.App
                           TargetFramework = net9.0
                           DefaultRuntimeFrameworkVersion = 9.0.0
                           TargetingPackName = Microsoft.NETCore.App.Ref
                           LatestRuntimeFrameworkVersion = 9.0.17
                           RuntimePackRuntimeIdentifiers = linux-arm;linux-arm64;linux-musl-arm64;linux-musl-x64;linux-x64;osx-x64;tizen.4.0.0-armel;tizen.5.0.0-armel;win-arm64;win-x64;win-x86;linux-musl-arm;osx-arm64;linux-s390x;linux-loongarch64;linux-bionic-arm;linux-bionic-arm64;linux-bionic-x64;linux-bionic-x86;linux-ppc64le;freebsd-x64;freebsd-arm64;linux-riscv64;linux-musl-riscv64;linux-musl-loongarch64
                           RuntimePackNamePatterns = Microsoft.NETCore.App.Runtime.**RID**
                           TargetingPackVersion = 9.0.17
                           RuntimeFrameworkName = Microsoft.NETCore.App
                       Microsoft.WindowsDesktop.App
                           TargetFramework = net8.0
                           DefaultRuntimeFrameworkVersion = 8.0.0
                           TargetingPackName = Microsoft.WindowsDesktop.App.Ref
                           IsWindowsOnly = true
                           LatestRuntimeFrameworkVersion = 8.0.28
                           RuntimePackRuntimeIdentifiers = win-x64;win-x86;win-arm64
                           RuntimePackNamePatterns = Microsoft.WindowsDesktop.App.Runtime.**RID**
                           TargetingPackVersion = 8.0.28
                           RuntimeFrameworkName = Microsoft.WindowsDesktop.App
                       Microsoft.WindowsDesktop.App
                           TargetFramework = net7.0
                           DefaultRuntimeFrameworkVersion = 7.0.0
                           TargetingPackName = Microsoft.WindowsDesktop.App.Ref
                           IsWindowsOnly = true
                           LatestRuntimeFrameworkVersion = 7.0.20
                           RuntimePackRuntimeIdentifiers = win-x64;win-x86;win-arm64
                           RuntimePackNamePatterns = Microsoft.WindowsDesktop.App.Runtime.**RID**
                           TargetingPackVersion = 7.0.20
                           RuntimeFrameworkName = Microsoft.WindowsDesktop.App
                       Microsoft.WindowsDesktop.App
                           TargetFramework = netcoreapp3.1
                           DefaultRuntimeFrameworkVersion = 3.1.0
                           TargetingPackName = Microsoft.WindowsDesktop.App.Ref
                           IsWindowsOnly = true
                           LatestRuntimeFrameworkVersion = 3.1.32
                           RuntimePackRuntimeIdentifiers = win-x64;win-x86
                           RuntimePackNamePatterns = Microsoft.WindowsDesktop.App.Runtime.**RID**
                           TargetingPackVersion = 3.1.0
                           RuntimeFrameworkName = Microsoft.WindowsDesktop.App
                       Microsoft.WindowsDesktop.App
                           TargetFramework = net6.0
                           DefaultRuntimeFrameworkVersion = 6.0.0
                           TargetingPackName = Microsoft.WindowsDesktop.App.Ref
                           IsWindowsOnly = true
                           LatestRuntimeFrameworkVersion = 6.0.36
                           RuntimePackRuntimeIdentifiers = win-x64;win-x86;win-arm64
                           RuntimePackNamePatterns = Microsoft.WindowsDesktop.App.Runtime.**RID**
                           TargetingPackVersion = 6.0.36
                           RuntimeFrameworkName = Microsoft.WindowsDesktop.App
                       Microsoft.WindowsDesktop.App
                           TargetFramework = net10.0
                           DefaultRuntimeFrameworkVersion = 10.0.0
                           TargetingPackName = Microsoft.WindowsDesktop.App.Ref
                           IsWindowsOnly = true
                           LatestRuntimeFrameworkVersion = 10.0.9
                           RuntimePackRuntimeIdentifiers = win-x64;win-x86;win-arm64
                           RuntimePackNamePatterns = Microsoft.WindowsDesktop.App.Runtime.**RID**
                           TargetingPackVersion = 10.0.9
                           RuntimeFrameworkName = Microsoft.WindowsDesktop.App
                       Microsoft.WindowsDesktop.App
                           TargetFramework = netcoreapp3.0
                           DefaultRuntimeFrameworkVersion = 3.0.0
                           TargetingPackName = Microsoft.WindowsDesktop.App.Ref
                           IsWindowsOnly = true
                           LatestRuntimeFrameworkVersion = 3.0.3
                           RuntimePackRuntimeIdentifiers = win-x64;win-x86
                           RuntimePackNamePatterns = Microsoft.WindowsDesktop.App.Runtime.**RID**
                           TargetingPackVersion = 3.0.0
                           RuntimeFrameworkName = Microsoft.WindowsDesktop.App
                       Microsoft.WindowsDesktop.App
                           TargetFramework = net9.0
                           DefaultRuntimeFrameworkVersion = 9.0.0
                           TargetingPackName = Microsoft.WindowsDesktop.App.Ref
                           IsWindowsOnly = true
                           LatestRuntimeFrameworkVersion = 9.0.17
                           RuntimePackRuntimeIdentifiers = win-x64;win-x86;win-arm64
                           RuntimePackNamePatterns = Microsoft.WindowsDesktop.App.Runtime.**RID**
                           TargetingPackVersion = 9.0.17
                           RuntimeFrameworkName = Microsoft.WindowsDesktop.App
                       Microsoft.WindowsDesktop.App
                           TargetFramework = net5.0
                           DefaultRuntimeFrameworkVersion = 5.0.0
                           TargetingPackName = Microsoft.WindowsDesktop.App.Ref
                           IsWindowsOnly = true
                           LatestRuntimeFrameworkVersion = 5.0.17
                           RuntimePackRuntimeIdentifiers = win-x64;win-x86;win-arm64
                           RuntimePackNamePatterns = Microsoft.WindowsDesktop.App.Runtime.**RID**
                           TargetingPackVersion = 5.0.0
                           RuntimeFrameworkName = Microsoft.WindowsDesktop.App
                       Microsoft.WindowsDesktop.App.WindowsForms
                           TargetFramework = net6.0
                           DefaultRuntimeFrameworkVersion = 6.0.0
                           TargetingPackName = Microsoft.WindowsDesktop.App.Ref
                           IsWindowsOnly = true
                           LatestRuntimeFrameworkVersion = 6.0.36
                           RuntimePackRuntimeIdentifiers = win-x64;win-x86;win-arm64
                           RuntimePackNamePatterns = Microsoft.WindowsDesktop.App.Runtime.**RID**
                           TargetingPackVersion = 6.0.36
                           Profile = WindowsForms
                           RuntimeFrameworkName = Microsoft.WindowsDesktop.App
                       Microsoft.WindowsDesktop.App.WindowsForms
                           TargetFramework = net10.0
                           DefaultRuntimeFrameworkVersion = 10.0.0
                           TargetingPackName = Microsoft.WindowsDesktop.App.Ref
                           IsWindowsOnly = true
                           LatestRuntimeFrameworkVersion = 10.0.9
                           RuntimePackRuntimeIdentifiers = win-x64;win-x86;win-arm64
                           RuntimePackNamePatterns = Microsoft.WindowsDesktop.App.Runtime.**RID**
                           TargetingPackVersion = 10.0.9
                           Profile = WindowsForms
                           RuntimeFrameworkName = Microsoft.WindowsDesktop.App
                       Microsoft.WindowsDesktop.App.WindowsForms
                           TargetFramework = net5.0
                           DefaultRuntimeFrameworkVersion = 5.0.0
                           TargetingPackName = Microsoft.WindowsDesktop.App.Ref
                           IsWindowsOnly = true
                           LatestRuntimeFrameworkVersion = 5.0.17
                           RuntimePackRuntimeIdentifiers = win-x64;win-x86;win-arm64
                           RuntimePackNamePatterns = Microsoft.WindowsDesktop.App.Runtime.**RID**
                           TargetingPackVersion = 5.0.0
                           Profile = WindowsForms
                           RuntimeFrameworkName = Microsoft.WindowsDesktop.App
                       Microsoft.WindowsDesktop.App.WindowsForms
                           TargetFramework = netcoreapp3.1
                           DefaultRuntimeFrameworkVersion = 3.1.0
                           TargetingPackName = Microsoft.WindowsDesktop.App.Ref
                           IsWindowsOnly = true
                           LatestRuntimeFrameworkVersion = 3.1.32
                           RuntimePackRuntimeIdentifiers = win-x64;win-x86
                           RuntimePackNamePatterns = Microsoft.WindowsDesktop.App.Runtime.**RID**
                           TargetingPackVersion = 3.1.0
                           Profile = WindowsForms
                           RuntimeFrameworkName = Microsoft.WindowsDesktop.App
                       Microsoft.WindowsDesktop.App.WindowsForms
                           TargetFramework = net9.0
                           DefaultRuntimeFrameworkVersion = 9.0.0
                           TargetingPackName = Microsoft.WindowsDesktop.App.Ref
                           IsWindowsOnly = true
                           LatestRuntimeFrameworkVersion = 9.0.17
                           RuntimePackRuntimeIdentifiers = win-x64;win-x86;win-arm64
                           RuntimePackNamePatterns = Microsoft.WindowsDesktop.App.Runtime.**RID**
                           TargetingPackVersion = 9.0.17
                           Profile = WindowsForms
                           RuntimeFrameworkName = Microsoft.WindowsDesktop.App
                       Microsoft.WindowsDesktop.App.WindowsForms
                           TargetFramework = net7.0
                           DefaultRuntimeFrameworkVersion = 7.0.0
                           TargetingPackName = Microsoft.WindowsDesktop.App.Ref
                           IsWindowsOnly = true
                           LatestRuntimeFrameworkVersion = 7.0.20
                           RuntimePackRuntimeIdentifiers = win-x64;win-x86;win-arm64
                           RuntimePackNamePatterns = Microsoft.WindowsDesktop.App.Runtime.**RID**
                           TargetingPackVersion = 7.0.20
                           Profile = WindowsForms
                           RuntimeFrameworkName = Microsoft.WindowsDesktop.App
                       Microsoft.WindowsDesktop.App.WindowsForms
                           TargetFramework = netcoreapp3.0
                           DefaultRuntimeFrameworkVersion = 3.0.0
                           TargetingPackName = Microsoft.WindowsDesktop.App.Ref
                           IsWindowsOnly = true
                           LatestRuntimeFrameworkVersion = 3.0.3
                           RuntimePackRuntimeIdentifiers = win-x64;win-x86
                           RuntimePackNamePatterns = Microsoft.WindowsDesktop.App.Runtime.**RID**
                           TargetingPackVersion = 3.0.0
                           Profile = WindowsForms
                           RuntimeFrameworkName = Microsoft.WindowsDesktop.App
                       Microsoft.WindowsDesktop.App.WindowsForms
                           TargetFramework = net8.0
                           DefaultRuntimeFrameworkVersion = 8.0.0
                           TargetingPackName = Microsoft.WindowsDesktop.App.Ref
                           IsWindowsOnly = true
                           LatestRuntimeFrameworkVersion = 8.0.28
                           RuntimePackRuntimeIdentifiers = win-x64;win-x86;win-arm64
                           RuntimePackNamePatterns = Microsoft.WindowsDesktop.App.Runtime.**RID**
                           TargetingPackVersion = 8.0.28
                           Profile = WindowsForms
                           RuntimeFrameworkName = Microsoft.WindowsDesktop.App
                       Microsoft.WindowsDesktop.App.WPF
                           TargetFramework = netcoreapp3.0
                           DefaultRuntimeFrameworkVersion = 3.0.0
                           TargetingPackName = Microsoft.WindowsDesktop.App.Ref
                           IsWindowsOnly = true
                           LatestRuntimeFrameworkVersion = 3.0.3
                           RuntimePackRuntimeIdentifiers = win-x64;win-x86
                           RuntimePackNamePatterns = Microsoft.WindowsDesktop.App.Runtime.**RID**
                           TargetingPackVersion = 3.0.0
                           Profile = WPF
                           RuntimeFrameworkName = Microsoft.WindowsDesktop.App
                       Microsoft.WindowsDesktop.App.WPF
                           TargetFramework = net8.0
                           DefaultRuntimeFrameworkVersion = 8.0.0
                           TargetingPackName = Microsoft.WindowsDesktop.App.Ref
                           IsWindowsOnly = true
                           LatestRuntimeFrameworkVersion = 8.0.28
                           RuntimePackRuntimeIdentifiers = win-x64;win-x86;win-arm64
                           RuntimePackNamePatterns = Microsoft.WindowsDesktop.App.Runtime.**RID**
                           TargetingPackVersion = 8.0.28
                           Profile = WPF
                           RuntimeFrameworkName = Microsoft.WindowsDesktop.App
                       Microsoft.WindowsDesktop.App.WPF
                           TargetFramework = net5.0
                           DefaultRuntimeFrameworkVersion = 5.0.0
                           TargetingPackName = Microsoft.WindowsDesktop.App.Ref
                           IsWindowsOnly = true
                           LatestRuntimeFrameworkVersion = 5.0.17
                           RuntimePackRuntimeIdentifiers = win-x64;win-x86;win-arm64
                           RuntimePackNamePatterns = Microsoft.WindowsDesktop.App.Runtime.**RID**
                           TargetingPackVersion = 5.0.0
                           Profile = WPF
                           RuntimeFrameworkName = Microsoft.WindowsDesktop.App
                       Microsoft.WindowsDesktop.App.WPF
                           TargetFramework = netcoreapp3.1
                           DefaultRuntimeFrameworkVersion = 3.1.0
                           TargetingPackName = Microsoft.WindowsDesktop.App.Ref
                           IsWindowsOnly = true
                           LatestRuntimeFrameworkVersion = 3.1.32
                           RuntimePackRuntimeIdentifiers = win-x64;win-x86
                           RuntimePackNamePatterns = Microsoft.WindowsDesktop.App.Runtime.**RID**
                           TargetingPackVersion = 3.1.0
                           Profile = WPF
                           RuntimeFrameworkName = Microsoft.WindowsDesktop.App
                       Microsoft.WindowsDesktop.App.WPF
                           TargetFramework = net9.0
                           DefaultRuntimeFrameworkVersion = 9.0.0
                           TargetingPackName = Microsoft.WindowsDesktop.App.Ref
                           IsWindowsOnly = true
                           LatestRuntimeFrameworkVersion = 9.0.17
                           RuntimePackRuntimeIdentifiers = win-x64;win-x86;win-arm64
                           RuntimePackNamePatterns = Microsoft.WindowsDesktop.App.Runtime.**RID**
                           TargetingPackVersion = 9.0.17
                           Profile = WPF
                           RuntimeFrameworkName = Microsoft.WindowsDesktop.App
                       Microsoft.WindowsDesktop.App.WPF
                           TargetFramework = net6.0
                           DefaultRuntimeFrameworkVersion = 6.0.0
                           TargetingPackName = Microsoft.WindowsDesktop.App.Ref
                           IsWindowsOnly = true
                           LatestRuntimeFrameworkVersion = 6.0.36
                           RuntimePackRuntimeIdentifiers = win-x64;win-x86;win-arm64
                           RuntimePackNamePatterns = Microsoft.WindowsDesktop.App.Runtime.**RID**
                           TargetingPackVersion = 6.0.36
                           Profile = WPF
                           RuntimeFrameworkName = Microsoft.WindowsDesktop.App
                       Microsoft.WindowsDesktop.App.WPF
                           TargetFramework = net7.0
                           DefaultRuntimeFrameworkVersion = 7.0.0
                           TargetingPackName = Microsoft.WindowsDesktop.App.Ref
                           IsWindowsOnly = true
                           LatestRuntimeFrameworkVersion = 7.0.20
                           RuntimePackRuntimeIdentifiers = win-x64;win-x86;win-arm64
                           RuntimePackNamePatterns = Microsoft.WindowsDesktop.App.Runtime.**RID**
                           TargetingPackVersion = 7.0.20
                           Profile = WPF
                           RuntimeFrameworkName = Microsoft.WindowsDesktop.App
                       Microsoft.WindowsDesktop.App.WPF
                           TargetFramework = net10.0
                           DefaultRuntimeFrameworkVersion = 10.0.0
                           TargetingPackName = Microsoft.WindowsDesktop.App.Ref
                           IsWindowsOnly = true
                           LatestRuntimeFrameworkVersion = 10.0.9
                           RuntimePackRuntimeIdentifiers = win-x64;win-x86;win-arm64
                           RuntimePackNamePatterns = Microsoft.WindowsDesktop.App.Runtime.**RID**
                           TargetingPackVersion = 10.0.9
                           Profile = WPF
                           RuntimeFrameworkName = Microsoft.WindowsDesktop.App
                       NETStandard.Library
                           TargetFramework = netstandard2.1
                           TargetingPackName = NETStandard.Library.Ref
                           TargetingPackVersion = 2.1.0
                   KnownILCompilerPack
                       Microsoft.DotNet.ILCompiler
                           ILCompilerPackNamePattern = runtime.**RID**.Microsoft.DotNet.ILCompiler
                           ILCompilerRuntimePackNamePattern = Microsoft.NETCore.App.Runtime.NativeAOT.**RID**
                           TargetFramework = net10.0
                           ILCompilerPackVersion = 10.0.9
                           ILCompilerRuntimeIdentifiers = linux-arm64;linux-musl-arm64;linux-musl-x64;linux-x64;win-arm64;win-x64;osx-x64;osx-arm64;freebsd-x64;freebsd-arm64;linux-arm;linux-musl-arm;linux-loongarch64;linux-musl-loongarch64;win-x86;linux-riscv64;linux-musl-riscv64
                           ILCompilerPortableRuntimeIdentifiers = linux-arm64;linux-musl-arm64;linux-musl-x64;linux-x64;win-arm64;win-x64;osx-x64;osx-arm64;freebsd-x64;freebsd-arm64;linux-arm;linux-musl-arm;linux-loongarch64;linux-musl-loongarch64;win-x86;linux-riscv64;linux-musl-riscv64
                       Microsoft.DotNet.ILCompiler
                           ILCompilerPackNamePattern = runtime.**RID**.Microsoft.DotNet.ILCompiler
                           TargetFramework = net9.0
                           ILCompilerPackVersion = 9.0.17
                           ILCompilerRuntimeIdentifiers = linux-arm64;linux-musl-arm64;linux-musl-x64;linux-x64;win-arm64;win-x64;osx-x64;osx-arm64;freebsd-x64;freebsd-arm64;linux-arm;linux-musl-arm;linux-loongarch64;linux-musl-loongarch64;win-x86
                       Microsoft.DotNet.ILCompiler
                           ILCompilerPackNamePattern = runtime.**RID**.Microsoft.DotNet.ILCompiler
                           TargetFramework = net8.0
                           ILCompilerPackVersion = 8.0.28
                           ILCompilerRuntimeIdentifiers = linux-arm64;linux-musl-arm64;linux-musl-x64;linux-x64;win-arm64;win-x64;osx-x64;osx-arm64;freebsd-x64;freebsd-arm64
                       Microsoft.DotNet.ILCompiler
                           ILCompilerPackNamePattern = runtime.**RID**.Microsoft.DotNet.ILCompiler
                           TargetFramework = net7.0
                           ILCompilerPackVersion = 7.0.20
                           ILCompilerRuntimeIdentifiers = linux-arm64;linux-musl-arm64;linux-musl-x64;linux-x64;win-arm64;win-x64
                   KnownILLinkPack
                       Microsoft.NET.ILLink.Tasks
                           TargetFramework = net10.0
                           ILLinkPackVersion = 10.0.9
                       Microsoft.NET.ILLink.Tasks
                           TargetFramework = net9.0
                           ILLinkPackVersion = 9.0.17
                       Microsoft.NET.ILLink.Tasks
                           TargetFramework = net8.0
                           ILLinkPackVersion = 8.0.28
                       Microsoft.NET.ILLink.Tasks
                           TargetFramework = net7.0
                           ILLinkPackVersion = 7.0.100-1.23211.1
                       Microsoft.NET.ILLink.Tasks
                           TargetFramework = net6.0
                           ILLinkPackVersion = 7.0.100-1.23211.1
                       Microsoft.NET.ILLink.Tasks
                           TargetFramework = net5.0
                           ILLinkPackVersion = 7.0.100-1.23211.1
                       Microsoft.NET.ILLink.Tasks
                           TargetFramework = netcoreapp3.1
                           ILLinkPackVersion = 7.0.100-1.23211.1
                       Microsoft.NET.ILLink.Tasks
                           TargetFramework = netcoreapp3.0
                           ILLinkPackVersion = 7.0.100-1.23211.1
                   KnownRuntimePack
                       Microsoft.NETCore.App
                           TargetFramework = net10.0
                           LatestRuntimeFrameworkVersion = 10.0.9
                           RuntimePackRuntimeIdentifiers = ios-arm64;iossimulator-arm64;iossimulator-x64;tvos-arm64;tvossimulator-arm64;tvossimulator-x64;maccatalyst-arm64;maccatalyst-x64;linux-bionic-arm64;linux-bionic-x64;osx-arm64;osx-x64;freebsd-arm64;freebsd-x64;linux-x64;linux-arm;linux-arm64;linux-loongarch64;linux-bionic-arm;linux-musl-x64;linux-musl-arm;linux-musl-arm64;linux-musl-loongarch64;win-x64;win-x86;win-arm64;browser-wasm;wasi-wasm;linux-riscv64;linux-musl-riscv64;android-arm64;android-x64
                           RuntimePackNamePatterns = Microsoft.NETCore.App.Runtime.NativeAOT.**RID**
                           RuntimePackLabels = NativeAOT
                           RuntimeFrameworkName = Microsoft.NETCore.App
                       Microsoft.NETCore.App
                           TargetFramework = net10.0
                           LatestRuntimeFrameworkVersion = 10.0.9
                           RuntimePackRuntimeIdentifiers = linux-arm;linux-arm64;linux-musl-arm64;linux-musl-x64;linux-x64;osx-x64;win-arm64;win-x64;win-x86;linux-musl-arm;osx-arm64;linux-s390x;linux-loongarch64;browser-wasm;ios-arm64;ios-arm;iossimulator-arm64;iossimulator-x64;iossimulator-x86;tvos-arm64;tvossimulator-arm64;tvossimulator-x64;maccatalyst-x64;maccatalyst-arm64;android-arm64;android-arm;android-x64;android-x86;freebsd-x64;freebsd-arm64;wasi-wasm;linux-riscv64;linux-musl-riscv64;linux-loongarch64;linux-musl-loongarch64
                           RuntimePackNamePatterns = Microsoft.NETCore.App.Runtime.Mono.**RID**
                           RuntimePackLabels = Mono
                           RuntimeFrameworkName = Microsoft.NETCore.App
                       Microsoft.NETCore.App
                           TargetFramework = net9.0
                           LatestRuntimeFrameworkVersion = 9.0.17
                           RuntimePackRuntimeIdentifiers = ios-arm64;iossimulator-arm64;iossimulator-x64;tvos-arm64;tvossimulator-arm64;tvossimulator-x64;maccatalyst-arm64;maccatalyst-x64;linux-bionic-arm64;linux-bionic-x64;osx-arm64;osx-x64;freebsd-arm64;freebsd-x64;linux-x64;linux-arm;linux-arm64;linux-loongarch64;linux-bionic-arm;linux-musl-x64;linux-musl-arm;linux-musl-arm64;linux-musl-loongarch64;win-x64;win-x86;win-arm64;browser-wasm;wasi-wasm
                           RuntimePackNamePatterns = Microsoft.NETCore.App.Runtime.NativeAOT.**RID**
                           RuntimePackLabels = NativeAOT
                           RuntimeFrameworkName = Microsoft.NETCore.App
                       Microsoft.NETCore.App
                           TargetFramework = net9.0
                           LatestRuntimeFrameworkVersion = 9.0.17
                           RuntimePackRuntimeIdentifiers = linux-arm;linux-arm64;linux-musl-arm64;linux-musl-x64;linux-x64;osx-x64;win-arm64;win-x64;win-x86;linux-musl-arm;osx-arm64;linux-s390x;linux-loongarch64;browser-wasm;ios-arm64;ios-arm;iossimulator-arm64;iossimulator-x64;iossimulator-x86;tvos-arm64;tvossimulator-arm64;tvossimulator-x64;maccatalyst-x64;maccatalyst-arm64;android-arm64;android-arm;android-x64;android-x86;freebsd-x64;freebsd-arm64;wasi-wasm;linux-riscv64;linux-musl-riscv64;linux-loongarch64;linux-musl-loongarch64
                           RuntimePackNamePatterns = Microsoft.NETCore.App.Runtime.Mono.**RID**
                           RuntimePackLabels = Mono
                           RuntimeFrameworkName = Microsoft.NETCore.App
                       Microsoft.NETCore.App
                           TargetFramework = net8.0
                           LatestRuntimeFrameworkVersion = 8.0.28
                           RuntimePackRuntimeIdentifiers = ios-arm64;iossimulator-arm64;iossimulator-x64;tvos-arm64;tvossimulator-arm64;tvossimulator-x64;maccatalyst-arm64;maccatalyst-x64;linux-bionic-arm64;linux-bionic-x64;osx-arm64;osx-x64;freebsd-arm64;freebsd-x64
                           RuntimePackNamePatterns = Microsoft.NETCore.App.Runtime.NativeAOT.**RID**
                           RuntimePackLabels = NativeAOT
                           RuntimeFrameworkName = Microsoft.NETCore.App
                       Microsoft.NETCore.App
                           TargetFramework = net8.0
                           LatestRuntimeFrameworkVersion = 8.0.28
                           RuntimePackRuntimeIdentifiers = linux-arm;linux-arm64;linux-musl-arm64;linux-musl-x64;linux-x64;osx-x64;win-arm64;win-x64;win-x86;linux-musl-arm;osx-arm64;linux-s390x;linux-loongarch64;browser-wasm;ios-arm64;ios-arm;iossimulator-arm64;iossimulator-x64;iossimulator-x86;tvos-arm64;tvossimulator-arm64;tvossimulator-x64;maccatalyst-x64;maccatalyst-arm64;android-arm64;android-arm;android-x64;android-x86;freebsd-x64;freebsd-arm64;wasi-wasm
                           RuntimePackNamePatterns = Microsoft.NETCore.App.Runtime.Mono.**RID**
                           RuntimePackLabels = Mono
                           RuntimeFrameworkName = Microsoft.NETCore.App
                       Microsoft.NETCore.App
                           TargetFramework = net7.0
                           LatestRuntimeFrameworkVersion = 7.0.20
                           RuntimePackRuntimeIdentifiers = linux-arm;linux-arm64;linux-musl-arm64;linux-musl-x64;linux-x64;osx-x64;win-arm;win-arm64;win-x64;win-x86;linux-musl-arm;osx-arm64;linux-s390x;linux-loongarch64;browser-wasm;ios-arm64;ios-arm;iossimulator-arm64;iossimulator-x64;iossimulator-x86;tvos-arm64;tvossimulator-arm64;tvossimulator-x64;maccatalyst-x64;maccatalyst-arm64;android-arm64;android-arm;android-x64;android-x86
                           RuntimePackNamePatterns = Microsoft.NETCore.App.Runtime.Mono.**RID**
                           RuntimePackLabels = Mono
                           RuntimeFrameworkName = Microsoft.NETCore.App
                       Microsoft.NETCore.App
                           TargetFramework = net6.0
                           LatestRuntimeFrameworkVersion = 6.0.36
                           RuntimePackRuntimeIdentifiers = linux-arm;linux-arm64;linux-musl-arm64;linux-musl-x64;linux-x64;osx-x64;win-arm;win-arm64;win-x64;win-x86;linux-musl-arm;osx-arm64;linux-s390x;linux-loongarch64;browser-wasm;ios-arm64;ios-arm;iossimulator-arm64;iossimulator-x64;iossimulator-x86;tvos-arm64;tvossimulator-arm64;tvossimulator-x64;maccatalyst-x64;maccatalyst-arm64;android-arm64;android-arm;android-x64;android-x86
                           RuntimePackNamePatterns = Microsoft.NETCore.App.Runtime.Mono.**RID**
                           RuntimePackLabels = Mono
                           RuntimeFrameworkName = Microsoft.NETCore.App
                   KnownWebAssemblySdkPack
                       Microsoft.NET.Sdk.WebAssembly.Pack
                           TargetFramework = net10.0
                           WebAssemblySdkPackVersion = 10.0.9
                       Microsoft.NET.Sdk.WebAssembly.Pack
                           TargetFramework = net9.0
                           WebAssemblySdkPackVersion = 10.0.9
                       Microsoft.NET.Sdk.WebAssembly.Pack
                           TargetFramework = net8.0
                           WebAssemblySdkPackVersion = 10.0.9
                       Microsoft.NET.Sdk.WebAssembly.Pack
                           TargetFramework = net7.0
                           WebAssemblySdkPackVersion = 10.0.9
                       Microsoft.NET.Sdk.WebAssembly.Pack
                           TargetFramework = net6.0
                           WebAssemblySdkPackVersion = 10.0.9
                   PackageConflictOverrides
                       NETStandard.Library
                           OverriddenPackages = 
                           Microsoft.Win32.Primitives|4.3.0;
                           System.AppContext|4.3.0;
                           System.Collections|4.3.0;
                           System.Collections.Concurrent|4.3.0;
                           System.Collections.Immutable|1.4.0;
                           System.Collections.NonGeneric|4.3.0;
                           System.Collections.Specialized|4.3.0;
                           System.ComponentModel|4.3.0;
                           System.ComponentModel.EventBasedAsync|4.3.0;
                           System.ComponentModel.Primitives|4.3.0;
                           System.ComponentModel.TypeConverter|4.3.0;
                           System.Console|4.3.0;
                           System.Data.Common|4.3.0;
                           System.Diagnostics.Contracts|4.3.0;
                           System.Diagnostics.Debug|4.3.0;
                           System.Diagnostics.FileVersionInfo|4.3.0;
                           System.Diagnostics.Process|4.3.0;
                           System.Diagnostics.StackTrace|4.3.0;
                           System.Diagnostics.TextWriterTraceListener|4.3.0;
                           System.Diagnostics.Tools|4.3.0;
                           System.Diagnostics.TraceSource|4.3.0;
                           System.Diagnostics.Tracing|4.3.0;
                           System.Dynamic.Runtime|4.3.0;
                           System.Globalization|4.3.0;
                           System.Globalization.Calendars|4.3.0;
                           System.Globalization.Extensions|4.3.0;
                           System.IO|4.3.0;
                           System.IO.Compression|4.3.0;
                           System.IO.Compression.ZipFile|4.3.0;
                           System.IO.FileSystem|4.3.0;
                           System.IO.FileSystem.DriveInfo|4.3.0;
                           System.IO.FileSystem.Primitives|4.3.0;
                           System.IO.FileSystem.Watcher|4.3.0;
                           System.IO.IsolatedStorage|4.3.0;
                           System.IO.MemoryMappedFiles|4.3.0;
                           System.IO.Pipes|4.3.0;
                           System.IO.UnmanagedMemoryStream|4.3.0;
                           System.Linq|4.3.0;
                           System.Linq.Expressions|4.3.0;
                           System.Linq.Queryable|4.3.0;
                           System.Net.Http|4.3.0;
                           System.Net.NameResolution|4.3.0;
                           System.Net.Primitives|4.3.0;
                           System.Net.Requests|4.3.0;
                           System.Net.Security|4.3.0;
                           System.Net.Sockets|4.3.0;
                           System.Net.WebHeaderCollection|4.3.0;
                           System.ObjectModel|4.3.0;
                           System.Private.DataContractSerialization|4.3.0;
                           System.Reflection|4.3.0;
                           System.Reflection.Emit|4.3.0;
                           System.Reflection.Emit.ILGeneration|4.3.0;
                           System.Reflection.Emit.Lightweight|4.3.0;
                           System.Reflection.Extensions|4.3.0;
                           System.Reflection.Primitives|4.3.0;
                           System.Reflection.TypeExtensions|4.3.0;
                           System.Resources.ResourceManager|4.3.0;
                           System.Runtime|4.3.0;
                           System.Runtime.Extensions|4.3.0;
                           System.Runtime.Handles|4.3.0;
                           System.Runtime.InteropServices|4.3.0;
                           System.Runtime.InteropServices.RuntimeInformation|4.3.0;
                           System.Runtime.Loader|4.3.0;
                           System.Runtime.Numerics|4.3.0;
                           System.Runtime.Serialization.Formatters|4.3.0;
                           System.Runtime.Serialization.Json|4.3.0;
                           System.Runtime.Serialization.Primitives|4.3.0;
                           System.Security.AccessControl|4.4.0;
                           System.Security.Claims|4.3.0;
                           System.Security.Cryptography.Algorithms|4.3.0;
                           System.Security.Cryptography.Csp|4.3.0;
                           System.Security.Cryptography.Encoding|4.3.0;
                           System.Security.Cryptography.Primitives|4.3.0;
                           System.Security.Cryptography.X509Certificates|4.3.0;
                           System.Security.Cryptography.Xml|4.4.0;
                           System.Security.Principal|4.3.0;
                           System.Security.Principal.Windows|4.4.0;
                           System.Text.Encoding|4.3.0;
                           System.Text.Encoding.Extensions|4.3.0;
                           System.Text.RegularExpressions|4.3.0;
                           System.Threading|4.3.0;
                           System.Threading.Overlapped|4.3.0;
                           System.Threading.Tasks|4.3.0;
                           System.Threading.Tasks.Extensions|4.3.0;
                           System.Threading.Tasks.Parallel|4.3.0;
                           System.Threading.Thread|4.3.0;
                           System.Threading.ThreadPool|4.3.0;
                           System.Threading.Timer|4.3.0;
                           System.ValueTuple|4.3.0;
                           System.Xml.ReaderWriter|4.3.0;
                           System.Xml.XDocument|4.3.0;
                           System.Xml.XmlDocument|4.3.0;
                           System.Xml.XmlSerializer|4.3.0;
                           System.Xml.XPath|4.3.0;
                           System.Xml.XPath.XDocument|4.3.0;
                         
                   PreprocessorValue
                       assemblyname
                           Value = NikkiLoader
                       filename
                           Value = NikkiLoader.csproj
                       fullpath
                           Value = D:\Project\AssetRipper\.workbuddy\tmp\NikkiLoader
                       outputfilename
                           Value = NikkiLoader.dll
                       rootnamespace
                           Value = NikkiLoader
                   ProjectCapability
                       AllTargetOutputGroups
                       AssemblyReferences
                       COMReferences
                       CrossPlatformExecutable
                       CSharp
                       DeclaredSourceItems
                       GenerateDocumentationFile
                       LanguageService
                       Managed
                       NativeAOT
                       NetSdkOCIImageBuild
                       OutputGroups
                       Pack
                       ProjectReferences
                       ReferencesFolder
                       RelativePathDerivedDefaultNamespace
                       SharedProjectReferences
                       SingleFileGenerators
                       SupportsComputeRunCommand
                       SupportsHotReload
                       UserSourceItems
                       VisualStudioWellKnownOutputGroups
                   PropertyPageSchema
                       C:\Program Files\dotnet\sdk\10.0.301\\assemblyreference.xaml
                           Context = ;BrowseObject
                       C:\Program Files\dotnet\sdk\10.0.301\\COMReference.xaml
                           Context = ;BrowseObject
                       C:\Program Files\dotnet\sdk\10.0.301\\Content.xaml
                           Context = File;BrowseObject
                       C:\Program Files\dotnet\sdk\10.0.301\\CSharp.BrowseObject.xaml
                           Context = BrowseObject
                       C:\Program Files\dotnet\sdk\10.0.301\\CSharp.ProjectItemsSchema.xaml
                       C:\Program Files\dotnet\sdk\10.0.301\\CSharp.xaml
                           Context = File
                       C:\Program Files\dotnet\sdk\10.0.301\\Debugger_General.xaml
                           Context = Project
                       C:\Program Files\dotnet\sdk\10.0.301\\EmbeddedResource.xaml
                           Context = File;BrowseObject
                       C:\Program Files\dotnet\sdk\10.0.301\\Folder.xaml
                           Context = File;BrowseObject
                       C:\Program Files\dotnet\sdk\10.0.301\\General_File.xaml
                           Context = File
                       C:\Program Files\dotnet\sdk\10.0.301\\General.BrowseObject.xaml
                           Context = BrowseObject
                       C:\Program Files\dotnet\sdk\10.0.301\\General.xaml
                           Context = Project
                       C:\Program Files\dotnet\sdk\10.0.301\\None.xaml
                           Context = File;BrowseObject
                       C:\Program Files\dotnet\sdk\10.0.301\\ProjectItemsSchema.xaml
                       C:\Program Files\dotnet\sdk\10.0.301\\ProjectReference.xaml
                           Context = ;BrowseObject
                       C:\Program Files\dotnet\sdk\10.0.301\\ResolvedAssemblyReference.xaml
                           Context = ProjectSubscriptionService;BrowseObject
                       C:\Program Files\dotnet\sdk\10.0.301\\ResolvedCOMReference.xaml
                           Context = ProjectSubscriptionService;BrowseObject
                       C:\Program Files\dotnet\sdk\10.0.301\\ResolvedProjectReference.xaml
                           Context = ProjectSubscriptionService;BrowseObject
                       C:\Program Files\dotnet\sdk\10.0.301\\SCC.xaml
                           Context = Invisible
                       C:\Program Files\dotnet\sdk\10.0.301\\SpecialFolder.xaml
                           Context = File;ProjectSubscriptionService
                   Reference
                       AssetRipper.Assets
                           HintPath = D:\Project\AssetRipper\Source\0Bins\AssetRipper.GUI.Free\Debug\AssetRipper.Assets.dll
                       AssetRipper.Configuration
                           HintPath = D:\Project\AssetRipper\Source\0Bins\AssetRipper.GUI.Free\Debug\AssetRipper.Configuration.dll
                       AssetRipper.Export
                           HintPath = D:\Project\AssetRipper\Source\0Bins\AssetRipper.GUI.Free\Debug\AssetRipper.Export.dll
                       AssetRipper.Export.UnityProjects
                           HintPath = D:\Project\AssetRipper\Source\0Bins\AssetRipper.GUI.Free\Debug\AssetRipper.Export.UnityProjects.dll
                       AssetRipper.Import
                           HintPath = D:\Project\AssetRipper\Source\0Bins\AssetRipper.GUI.Free\Debug\AssetRipper.Import.dll
                       AssetRipper.IO.Files
                           HintPath = D:\Project\AssetRipper\Source\0Bins\AssetRipper.GUI.Free\Debug\AssetRipper.IO.Files.dll
                       AssetRipper.Logging
                           HintPath = D:\Project\AssetRipper\Source\0Bins\AssetRipper.GUI.Free\Debug\AssetRipper.Logging.dll
                       AssetRipper.Numerics
                           HintPath = D:\Project\AssetRipper\Source\0Bins\AssetRipper.GUI.Free\Debug\AssetRipper.Numerics.dll
                   RegFreeComManifest
                       obj\Debug\net10.0\NikkiLoader.X.manifest
                   RuntimeHostConfigurationOption
                       System.Globalization.Invariant
                           Value = true
                           Trim = true
                       System.Globalization.PredefinedCulturesOnly
                           Value = true
                           Trim = true
                       System.Runtime.Serialization.EnableUnsafeBinaryFormatterSerialization
                           Value = false
                           Trim = true
                   SdkSupportedTargetPlatformIdentifier
                       android
                           DisplayName = Android
                       ios
                           DisplayName = iOS
                       maccatalyst
                           DisplayName = MacCatalyst
                       macos
                           DisplayName = macOS
                       tvos
                           DisplayName = tvOS
                       windows
                           DisplayName = Windows
                   SourceLinkAzureReposGitHost
                       dev.azure.com
                       visualstudio.com
                       vsts.me
                   SourceLinkBitbucketGitHost
                       bitbucket.org
                           EnterpriseEdition = false
                   SourceLinkGitHubHost
                       github.com
                           ContentUrl = https://raw.githubusercontent.com
                   SourceLinkGitLabHost
                       gitlab.com
                   SupportedNETCoreAppTargetFramework
                       .NETCoreApp,Version=v1.0
                           DisplayName = .NET Core 1.0
                           Alias = netcoreapp1.0
                       .NETCoreApp,Version=v1.1
                           DisplayName = .NET Core 1.1
                           Alias = netcoreapp1.1
                       .NETCoreApp,Version=v10.0
                           DisplayName = .NET 10.0
                           Alias = net10.0
                       .NETCoreApp,Version=v2.0
                           DisplayName = .NET Core 2.0
                           Alias = netcoreapp2.0
                       .NETCoreApp,Version=v2.1
                           DisplayName = .NET Core 2.1
                           Alias = netcoreapp2.1
                       .NETCoreApp,Version=v2.2
                           DisplayName = .NET Core 2.2
                           Alias = netcoreapp2.2
                       .NETCoreApp,Version=v3.0
                           DisplayName = .NET Core 3.0
                           Alias = netcoreapp3.0
                       .NETCoreApp,Version=v3.1
                           DisplayName = .NET Core 3.1
                           Alias = netcoreapp3.1
                       .NETCoreApp,Version=v5.0
                           DisplayName = .NET 5.0
                           Alias = net5.0
                       .NETCoreApp,Version=v6.0
                           DisplayName = .NET 6.0
                           Alias = net6.0
                       .NETCoreApp,Version=v7.0
                           DisplayName = .NET 7.0
                           Alias = net7.0
                       .NETCoreApp,Version=v8.0
                           DisplayName = .NET 8.0
                           Alias = net8.0
                       .NETCoreApp,Version=v9.0
                           DisplayName = .NET 9.0
                           Alias = net9.0
                   SupportedNETFrameworkTargetFramework
                       .NETFramework,Version=v2.0
                           DisplayName = .NET Framework 2.0
                           Alias = net20
                       .NETFramework,Version=v3.0
                           DisplayName = .NET Framework 3.0
                           Alias = net30
                       .NETFramework,Version=v3.5
                           DisplayName = .NET Framework 3.5
                           Alias = net35
                       .NETFramework,Version=v4.0
                           DisplayName = .NET Framework 4.0
                           Alias = net40
                       .NETFramework,Version=v4.5
                           DisplayName = .NET Framework 4.5
                           Alias = net45
                       .NETFramework,Version=v4.5.1
                           DisplayName = .NET Framework 4.5.1
                           Alias = net451
                       .NETFramework,Version=v4.5.2
                           DisplayName = .NET Framework 4.5.2
                           Alias = net452
                       .NETFramework,Version=v4.6
                           DisplayName = .NET Framework 4.6
                           Alias = net46
                       .NETFramework,Version=v4.6.1
                           DisplayName = .NET Framework 4.6.1
                           Alias = net461
                       .NETFramework,Version=v4.6.2
                           DisplayName = .NET Framework 4.6.2
                           Alias = net462
                       .NETFramework,Version=v4.7
                           DisplayName = .NET Framework 4.7
                           Alias = net47
                       .NETFramework,Version=v4.7.1
                           DisplayName = .NET Framework 4.7.1
                           Alias = net471
                       .NETFramework,Version=v4.7.2
                           DisplayName = .NET Framework 4.7.2
                           Alias = net472
                       .NETFramework,Version=v4.8
                           DisplayName = .NET Framework 4.8
                           Alias = net48
                       .NETFramework,Version=v4.8.1
                           DisplayName = .NET Framework 4.8.1
                           Alias = net481
                   SupportedNETStandardTargetFramework
                       .NETStandard,Version=v1.0
                           DisplayName = .NET Standard 1.0
                           Alias = netstandard1.0
                       .NETStandard,Version=v1.1
                           DisplayName = .NET Standard 1.1
                           Alias = netstandard1.1
                       .NETStandard,Version=v1.2
                           DisplayName = .NET Standard 1.2
                           Alias = netstandard1.2
                       .NETStandard,Version=v1.3
                           DisplayName = .NET Standard 1.3
                           Alias = netstandard1.3
                       .NETStandard,Version=v1.4
                           DisplayName = .NET Standard 1.4
                           Alias = netstandard1.4
                       .NETStandard,Version=v1.5
                           DisplayName = .NET Standard 1.5
                           Alias = netstandard1.5
                       .NETStandard,Version=v1.6
                           DisplayName = .NET Standard 1.6
                           Alias = netstandard1.6
                       .NETStandard,Version=v2.0
                           DisplayName = .NET Standard 2.0
                           Alias = netstandard2.0
                       .NETStandard,Version=v2.1
                           DisplayName = .NET Standard 2.1
                           Alias = netstandard2.1
                   SupportedPlatform
                       Linux
                       macOS
                       Windows
                   SupportedTargetFramework
                       .NETCoreApp,Version=v1.0
                           DisplayName = .NET Core 1.0
                           Alias = netcoreapp1.0
                       .NETCoreApp,Version=v1.1
                           DisplayName = .NET Core 1.1
                           Alias = netcoreapp1.1
                       .NETCoreApp,Version=v10.0
                           DisplayName = .NET 10.0
                           Alias = net10.0
                       .NETCoreApp,Version=v2.0
                           DisplayName = .NET Core 2.0
                           Alias = netcoreapp2.0
                       .NETCoreApp,Version=v2.1
                           DisplayName = .NET Core 2.1
                           Alias = netcoreapp2.1
                       .NETCoreApp,Version=v2.2
                           DisplayName = .NET Core 2.2
                           Alias = netcoreapp2.2
                       .NETCoreApp,Version=v3.0
                           DisplayName = .NET Core 3.0
                           Alias = netcoreapp3.0
                       .NETCoreApp,Version=v3.1
                           DisplayName = .NET Core 3.1
                           Alias = netcoreapp3.1
                       .NETCoreApp,Version=v5.0
                           DisplayName = .NET 5.0
                           Alias = net5.0
                       .NETCoreApp,Version=v6.0
                           DisplayName = .NET 6.0
                           Alias = net6.0
                       .NETCoreApp,Version=v7.0
                           DisplayName = .NET 7.0
                           Alias = net7.0
                       .NETCoreApp,Version=v8.0
                           DisplayName = .NET 8.0
                           Alias = net8.0
                       .NETCoreApp,Version=v9.0
                           DisplayName = .NET 9.0
                           Alias = net9.0
                       .NETFramework,Version=v2.0
                           DisplayName = .NET Framework 2.0
                           Alias = net20
                       .NETFramework,Version=v3.0
                           DisplayName = .NET Framework 3.0
                           Alias = net30
                       .NETFramework,Version=v3.5
                           DisplayName = .NET Framework 3.5
                           Alias = net35
                       .NETFramework,Version=v4.0
                           DisplayName = .NET Framework 4.0
                           Alias = net40
                       .NETFramework,Version=v4.5
                           DisplayName = .NET Framework 4.5
                           Alias = net45
                       .NETFramework,Version=v4.5.1
                           DisplayName = .NET Framework 4.5.1
                           Alias = net451
                       .NETFramework,Version=v4.5.2
                           DisplayName = .NET Framework 4.5.2
                           Alias = net452
                       .NETFramework,Version=v4.6
                           DisplayName = .NET Framework 4.6
                           Alias = net46
                       .NETFramework,Version=v4.6.1
                           DisplayName = .NET Framework 4.6.1
                           Alias = net461
                       .NETFramework,Version=v4.6.2
                           DisplayName = .NET Framework 4.6.2
                           Alias = net462
                       .NETFramework,Version=v4.7
                           DisplayName = .NET Framework 4.7
                           Alias = net47
                       .NETFramework,Version=v4.7.1
                           DisplayName = .NET Framework 4.7.1
                           Alias = net471
                       .NETFramework,Version=v4.7.2
                           DisplayName = .NET Framework 4.7.2
                           Alias = net472
                       .NETFramework,Version=v4.8
                           DisplayName = .NET Framework 4.8
                           Alias = net48
                       .NETFramework,Version=v4.8.1
                           DisplayName = .NET Framework 4.8.1
                           Alias = net481
                       .NETStandard,Version=v1.0
                           DisplayName = .NET Standard 1.0
                           Alias = netstandard1.0
                       .NETStandard,Version=v1.1
                           DisplayName = .NET Standard 1.1
                           Alias = netstandard1.1
                       .NETStandard,Version=v1.2
                           DisplayName = .NET Standard 1.2
                           Alias = netstandard1.2
                       .NETStandard,Version=v1.3
                           DisplayName = .NET Standard 1.3
                           Alias = netstandard1.3
                       .NETStandard,Version=v1.4
                           DisplayName = .NET Standard 1.4
                           Alias = netstandard1.4
                       .NETStandard,Version=v1.5
                           DisplayName = .NET Standard 1.5
                           Alias = netstandard1.5
                       .NETStandard,Version=v1.6
                           DisplayName = .NET Standard 1.6
                           Alias = netstandard1.6
                       .NETStandard,Version=v2.0
                           DisplayName = .NET Standard 2.0
                           Alias = netstandard2.0
                       .NETStandard,Version=v2.1
                           DisplayName = .NET Standard 2.1
                           Alias = netstandard2.1
                   Using
                       System
                       System.Collections.Generic
                       System.IO
                       System.Linq
                       System.Net.Http
                       System.Threading
                       System.Threading.Tasks
                   WindowsSdkSupportedTargetPlatformVersion
                       10.0.17763.0
                           WindowsSdkPackageVersion = 10.0.17763.57
                           MinimumNETVersion = 8.0
                       10.0.17763.0
                           WindowsSdkPackageVersion = 10.0.17763.55
                           MinimumNETVersion = 6.0
                       10.0.17763.0
                           WindowsSdkPackageVersion = 10.0.17763.26
                           MinimumNETVersion = 5.0
                       10.0.17763.1
                           WindowsSdkPackageVersion = 10.0.17763.57
                           MinimumNETVersion = 10.0
                       10.0.18362.0
                           WindowsSdkPackageVersion = 10.0.18362.55
                           MinimumNETVersion = 6.0
                       10.0.18362.0
                           WindowsSdkPackageVersion = 10.0.18362.57
                           MinimumNETVersion = 8.0
                       10.0.18362.0
                           WindowsSdkPackageVersion = 10.0.18362.26
                           MinimumNETVersion = 5.0
                       10.0.18362.1
                           WindowsSdkPackageVersion = 10.0.18362.57
                           MinimumNETVersion = 10.0
                       10.0.19041.0
                           WindowsSdkPackageVersion = 10.0.19041.55
                           MinimumNETVersion = 6.0
                       10.0.19041.0
                           WindowsSdkPackageVersion = 10.0.19041.26
                           MinimumNETVersion = 5.0
                       10.0.19041.0
                           WindowsSdkPackageVersion = 10.0.19041.57
                           MinimumNETVersion = 8.0
                       10.0.19041.1
                           WindowsSdkPackageVersion = 10.0.19041.57
                           MinimumNETVersion = 10.0
                       10.0.20348.0
                           WindowsSdkPackageVersion = 10.0.20348.55
                           MinimumNETVersion = 6.0
                       10.0.20348.0
                           WindowsSdkPackageVersion = 10.0.20348.26
                           MinimumNETVersion = 5.0
                       10.0.20348.0
                           WindowsSdkPackageVersion = 10.0.20348.57
                           MinimumNETVersion = 8.0
                       10.0.20348.1
                           WindowsSdkPackageVersion = 10.0.20348.57
                           MinimumNETVersion = 10.0
                       10.0.22000.0
                           WindowsSdkPackageVersion = 10.0.22000.57
                           MinimumNETVersion = 8.0
                       10.0.22000.0
                           WindowsSdkPackageVersion = 10.0.22000.55
                           MinimumNETVersion = 6.0
                       10.0.22000.0
                           WindowsSdkPackageVersion = 10.0.22000.26
                           MinimumNETVersion = 5.0
                       10.0.22000.1
                           WindowsSdkPackageVersion = 10.0.22000.57
                           MinimumNETVersion = 10.0
                       10.0.22621.0
                           WindowsSdkPackageVersion = 10.0.22621.57
                           MinimumNETVersion = 8.0
                       10.0.22621.0
                           WindowsSdkPackageVersion = 10.0.22621.55
                           MinimumNETVersion = 6.0
                       10.0.22621.1
                           WindowsSdkPackageVersion = 10.0.22621.57
                           MinimumNETVersion = 10.0
                       10.0.26100.0
                           WindowsSdkPackageVersion = 10.0.26100.55
                           MinimumNETVersion = 6.0
                       10.0.26100.0
                           WindowsSdkPackageVersion = 10.0.26100.57
                           MinimumNETVersion = 8.0
                       10.0.26100.1
                           WindowsSdkPackageVersion = 10.0.26100.57
                           MinimumNETVersion = 10.0
                       7.0
                       8.0

01:04:09.788     1>项目“D:\Project\AssetRipper\.workbuddy\tmp\NikkiLoader\NikkiLoader.csproj”(1)正在节点 1 上生成“D:\Project\AssetRipper\.workbuddy\tmp\NikkiLoader\NikkiLoader.csproj”(1:2) (_IsProjectRestoreSupported 个目标)。
01:04:09.844   1:2>来自项目“D:\Project\AssetRipper\.workbuddy\tmp\NikkiLoader\NikkiLoader.csproj”的文件“C:\Program Files\dotnet\sdk\10.0.301\NuGet.targets”中的目标“_IsProjectRestoreSupported: (目标 ID: 4)”(入口点):
01:04:09.844   1:2>添加的项: _ValidProjectsForRestore=D:\Project\AssetRipper\.workbuddy\tmp\NikkiLoader\NikkiLoader.csproj
01:04:09.844   1:2>已完成在项目“NikkiLoader.csproj”中生成目标“_IsProjectRestoreSupported”的操作。: (目标 ID: 4)
01:04:09.846   1:2>已完成生成项目“D:\Project\AssetRipper\.workbuddy\tmp\NikkiLoader\NikkiLoader.csproj”(_IsProjectRestoreSupported 个目标)的操作。
01:04:09.800     1>_FilterRestoreGraphProjectInputItems: (目标 ID: 3)
                     输出项: 
                         FilteredRestoreGraphProjectInputItems=
                             D:\Project\AssetRipper\.workbuddy\tmp\NikkiLoader\NikkiLoader.csproj
                                     MSBuildSourceProjectFile=D:\Project\AssetRipper\.workbuddy\tmp\NikkiLoader\NikkiLoader.csproj
                                     MSBuildSourceTargetName=_IsProjectRestoreSupported
                                     OriginalItemSpec=D:\Project\AssetRipper\.workbuddy\tmp\NikkiLoader\NikkiLoader.csproj (任务 ID: 3)
                   已完成执行任务“MSBuild”的操作。 (任务 ID: 3)
                   在 TaskRun 期间加载的程序集: NuGet.Build.Tasks, Version=7.6.0.0, Culture=neutral, PublicKeyToken=31bf3856ad364e35 (位置: C:\Program Files\dotnet\sdk\10.0.301\NuGet.Build.Tasks.dll，MVID: 1c089cef-a1a4-43dc-9d62-b837faefd103，AssemblyLoadContext: MSBuild plugin C:\Program Files\dotnet\sdk\10.0.301\NuGet.Build.Tasks.dll)
                   在 TaskRun 期间加载的程序集: NuGet.Common, Version=7.6.0.0, Culture=neutral, PublicKeyToken=31bf3856ad364e35 (位置: C:\Program Files\dotnet\sdk\10.0.301\NuGet.Common.dll，MVID: 53441cde-b7f3-4aae-afad-7f9b356c0065，AssemblyLoadContext: MSBuild plugin C:\Program Files\dotnet\sdk\10.0.301\NuGet.Build.Tasks.dll)
                   在 TaskRun 期间加载的程序集: NuGet.Commands, Version=7.6.0.0, Culture=neutral, PublicKeyToken=31bf3856ad364e35 (位置: C:\Program Files\dotnet\sdk\10.0.301\NuGet.Commands.dll，MVID: 2302114f-403d-4bfa-b635-3b465e2aebfc，AssemblyLoadContext: MSBuild plugin C:\Program Files\dotnet\sdk\10.0.301\NuGet.Build.Tasks.dll)
                   在 TaskRun 期间加载的程序集: NuGet.ProjectModel, Version=7.6.0.0, Culture=neutral, PublicKeyToken=31bf3856ad364e35 (位置: C:\Program Files\dotnet\sdk\10.0.301\NuGet.ProjectModel.dll，MVID: 550796bb-cbe4-4dd4-b3ff-72635ea0e11e，AssemblyLoadContext: MSBuild plugin C:\Program Files\dotnet\sdk\10.0.301\NuGet.Build.Tasks.dll)
                   正在使用程序集“C:\Program Files\dotnet\sdk\10.0.301\NuGet.Build.Tasks.dll”中的“WarnForInvalidProjectsTask”任务。
                   任务“WarnForInvalidProjectsTask” (任务 ID: 4)
                     任务参数:
                         ValidProjects=
                             D:\Project\AssetRipper\.workbuddy\tmp\NikkiLoader\NikkiLoader.csproj
                                     MSBuildSourceProjectFile=D:\Project\AssetRipper\.workbuddy\tmp\NikkiLoader\NikkiLoader.csproj
                                     MSBuildSourceTargetName=_IsProjectRestoreSupported
                                     OriginalItemSpec=D:\Project\AssetRipper\.workbuddy\tmp\NikkiLoader\NikkiLoader.csproj (任务 ID: 4)
                     任务参数:AllProjects=D:\Project\AssetRipper\.workbuddy\tmp\NikkiLoader\NikkiLoader.csproj (任务 ID: 4)
                   已完成执行任务“WarnForInvalidProjectsTask”的操作。 (任务 ID: 4)
01:04:09.855     1>已完成在项目“NikkiLoader.csproj”中生成目标“_FilterRestoreGraphProjectInputItems”的操作。: (目标 ID: 3)
                   已跳过目标“_FilterRestoreGraphProjectInputItems”。以前的生成已成功。
01:04:09.855     1>来自项目“D:\Project\AssetRipper\.workbuddy\tmp\NikkiLoader\NikkiLoader.csproj”的文件“C:\Program Files\dotnet\sdk\10.0.301\NuGet.targets”中的目标“_GetAllRestoreProjectPathItems: (目标 ID: 5)”(目标“_GenerateRestoreGraph”依赖于它):
                   正在使用程序集“C:\Program Files\dotnet\sdk\10.0.301\NuGet.Build.Tasks.dll”中的“NuGetMessageTask”任务。
                   任务“NuGetMessageTask” (任务 ID: 5)
                     任务参数:Importance=High (任务 ID: 5)
                     任务参数:Name=DeterminingProjectsToRestore (任务 ID: 5)
                     在 TaskRun (NuGet.Build.Tasks.NuGetMessageTask) 期间加载的程序集: NuGet.Build.Tasks.resources, Version=7.6.0.0, Culture=zh-Hans, PublicKeyToken=31bf3856ad364e35 (位置: C:\Program Files\dotnet\sdk\10.0.301\zh-Hans\NuGet.Build.Tasks.resources.dll，MVID: 2f3e346c-003f-4bbd-b7fe-913b808a8cf8，AssemblyLoadContext: MSBuild plugin C:\Program Files\dotnet\sdk\10.0.301\NuGet.Build.Tasks.dll) (任务 ID: 5)
                     正在确定要还原的项目… (任务 ID: 5)
                   已完成执行任务“NuGetMessageTask”的操作。 (任务 ID: 5)
                   任务“MSBuild” (任务 ID: 6)
                     任务参数:SkipNonexistentProjects=true (任务 ID: 6)
                     任务参数:Targets=_GenerateRestoreProjectPathWalk (任务 ID: 6)
                     任务参数:SkipNonexistentTargets=True (任务 ID: 6)
                     任务参数:BuildInParallel=True (任务 ID: 6)
                     任务参数:Properties=ExcludeRestorePackageImports=true (任务 ID: 6)
                     任务参数:
                         Projects=
                             D:\Project\AssetRipper\.workbuddy\tmp\NikkiLoader\NikkiLoader.csproj
                                     MSBuildSourceProjectFile=D:\Project\AssetRipper\.workbuddy\tmp\NikkiLoader\NikkiLoader.csproj
                                     MSBuildSourceTargetName=_IsProjectRestoreSupported
                                     OriginalItemSpec=D:\Project\AssetRipper\.workbuddy\tmp\NikkiLoader\NikkiLoader.csproj (任务 ID: 6)
                     全局属性: (任务 ID: 6)
                       ExcludeRestorePackageImports=true (任务 ID: 6)
01:04:09.788     1>项目“D:\Project\AssetRipper\.workbuddy\tmp\NikkiLoader\NikkiLoader.csproj”(1)正在节点 1 上生成“D:\Project\AssetRipper\.workbuddy\tmp\NikkiLoader\NikkiLoader.csproj”(1:3) (_GenerateRestoreProjectPathWalk 个目标)。
01:04:09.857   1:3>来自项目“D:\Project\AssetRipper\.workbuddy\tmp\NikkiLoader\NikkiLoader.csproj”的文件“C:\Program Files\dotnet\sdk\10.0.301\NuGet.targets”中的目标“_GenerateRestoreProjectPathItemsPerFramework: (目标 ID: 6)”(目标“_GenerateRestoreProjectPathItemsCurrentProject”依赖于它):
01:04:09.858   1:3>正在使用程序集“Microsoft.Build.Tasks.Core, Version=15.1.0.0, Culture=neutral, PublicKeyToken=b03f5f7f11d50a3a”中的“ConvertToAbsolutePath”任务。
                   任务“ConvertToAbsolutePath” (任务 ID: 7)
                     输出属性: _RestoreGraphAbsoluteProjectPaths= (任务 ID: 7)
                   已完成执行任务“ConvertToAbsolutePath”的操作。 (任务 ID: 7)
01:04:09.858   1:3>已完成在项目“NikkiLoader.csproj”中生成目标“_GenerateRestoreProjectPathItemsPerFramework”的操作。: (目标 ID: 6)
01:04:09.858   1:3>来自项目“D:\Project\AssetRipper\.workbuddy\tmp\NikkiLoader\NikkiLoader.csproj”的文件“C:\Program Files\dotnet\sdk\10.0.301\NuGet.targets”中的目标“_GenerateRestoreProjectPathItemsCurrentProject: (目标 ID: 7)”(目标“_GenerateRestoreProjectPathItems”依赖于它):
01:04:09.858   1:3>已完成在项目“NikkiLoader.csproj”中生成目标“_GenerateRestoreProjectPathItemsCurrentProject”的操作。: (目标 ID: 7)
01:04:09.858   1:3>来自项目“D:\Project\AssetRipper\.workbuddy\tmp\NikkiLoader\NikkiLoader.csproj”的文件“C:\Program Files\dotnet\sdk\10.0.301\NuGet.targets”中的目标“_GenerateRestoreProjectPathItems: (目标 ID: 8)”(目标“_GenerateRestoreProjectPathWalk”依赖于它):
                   任务“RemoveDuplicates” (任务 ID: 8)
                   已完成执行任务“RemoveDuplicates”的操作。 (任务 ID: 8)
01:04:09.858   1:3>已完成在项目“NikkiLoader.csproj”中生成目标“_GenerateRestoreProjectPathItems”的操作。: (目标 ID: 8)
01:04:09.858   1:3>来自项目“D:\Project\AssetRipper\.workbuddy\tmp\NikkiLoader\NikkiLoader.csproj”的文件“C:\Program Files\dotnet\sdk\10.0.301\NuGet.targets”中的目标“_GenerateRestoreProjectPathWalk: (目标 ID: 9)”(入口点):
                   任务“MSBuild” (任务 ID: 9)
                     任务参数:SkipNonexistentProjects=true (任务 ID: 9)
                     任务参数:Targets=_GenerateRestoreProjectPathWalk (任务 ID: 9)
                     任务参数:SkipNonexistentTargets=True (任务 ID: 9)
                     任务参数:BuildInParallel=True (任务 ID: 9)
                     任务参数:Properties=ExcludeRestorePackageImports=true (任务 ID: 9)
                   已完成执行任务“MSBuild”的操作。 (任务 ID: 9)
                   添加的项: _GenerateRestoreProjectPathWalkOutputs=D:\Project\AssetRipper\.workbuddy\tmp\NikkiLoader\NikkiLoader.csproj
                   任务“RemoveDuplicates” (任务 ID: 10)
                     输出项: _RestoreProjectPathItems=D:\Project\AssetRipper\.workbuddy\tmp\NikkiLoader\NikkiLoader.csproj (任务 ID: 10)
                   已完成执行任务“RemoveDuplicates”的操作。 (任务 ID: 10)
01:04:09.859   1:3>已完成在项目“NikkiLoader.csproj”中生成目标“_GenerateRestoreProjectPathWalk”的操作。: (目标 ID: 9)
01:04:09.859   1:3>已完成生成项目“D:\Project\AssetRipper\.workbuddy\tmp\NikkiLoader\NikkiLoader.csproj”(_GenerateRestoreProjectPathWalk 个目标)的操作。
01:04:09.855     1>_GetAllRestoreProjectPathItems: (目标 ID: 5)
                     输出项: 
                         _RestoreProjectPathItemsOutputs=
                             D:\Project\AssetRipper\.workbuddy\tmp\NikkiLoader\NikkiLoader.csproj
                                     MSBuildSourceProjectFile=D:\Project\AssetRipper\.workbuddy\tmp\NikkiLoader\NikkiLoader.csproj
                                     MSBuildSourceTargetName=_IsProjectRestoreSupported
                                     OriginalItemSpec=D:\Project\AssetRipper\.workbuddy\tmp\NikkiLoader\NikkiLoader.csproj (任务 ID: 6)
                   已完成执行任务“MSBuild”的操作。 (任务 ID: 6)
                   任务“RemoveDuplicates” (任务 ID: 11)
                     输出项: 
                         _RestoreProjectPathItemsWithoutDupes=
                             D:\Project\AssetRipper\.workbuddy\tmp\NikkiLoader\NikkiLoader.csproj (任务 ID: 11)
                   已完成执行任务“RemoveDuplicates”的操作。 (任务 ID: 11)
                   任务“MSBuild” (任务 ID: 12)
                     任务参数:SkipNonexistentProjects=true (任务 ID: 12)
                     任务参数:Targets=_IsProjectRestoreSupported (任务 ID: 12)
                     任务参数:SkipNonexistentTargets=True (任务 ID: 12)
                     任务参数:BuildInParallel=True (任务 ID: 12)
                     任务参数:Properties=ExcludeRestorePackageImports=true (任务 ID: 12)
                     任务参数:
                         Projects=
                             D:\Project\AssetRipper\.workbuddy\tmp\NikkiLoader\NikkiLoader.csproj
                                     MSBuildSourceProjectFile=D:\Project\AssetRipper\.workbuddy\tmp\NikkiLoader\NikkiLoader.csproj
                                     MSBuildSourceTargetName=_IsProjectRestoreSupported
                                     OriginalItemSpec=D:\Project\AssetRipper\.workbuddy\tmp\NikkiLoader\NikkiLoader.csproj (任务 ID: 12)
                     全局属性: (任务 ID: 12)
                       ExcludeRestorePackageImports=true (任务 ID: 12)
01:04:09.788     1>项目“D:\Project\AssetRipper\.workbuddy\tmp\NikkiLoader\NikkiLoader.csproj”(1)正在节点 1 上生成“D:\Project\AssetRipper\.workbuddy\tmp\NikkiLoader\NikkiLoader.csproj”(1:4) (_IsProjectRestoreSupported 个目标)。
01:04:09.860   1:4>已跳过目标“_IsProjectRestoreSupported”。以前的生成已成功。
01:04:09.860   1:4>已完成生成项目“D:\Project\AssetRipper\.workbuddy\tmp\NikkiLoader\NikkiLoader.csproj”(_IsProjectRestoreSupported 个目标)的操作。
01:04:09.855     1>_GetAllRestoreProjectPathItems: (目标 ID: 5)
                     输出项: 
                         _RestoreProjectPathItems=
                             D:\Project\AssetRipper\.workbuddy\tmp\NikkiLoader\NikkiLoader.csproj
                                     MSBuildSourceProjectFile=D:\Project\AssetRipper\.workbuddy\tmp\NikkiLoader\NikkiLoader.csproj
                                     MSBuildSourceTargetName=_IsProjectRestoreSupported
                                     OriginalItemSpec=D:\Project\AssetRipper\.workbuddy\tmp\NikkiLoader\NikkiLoader.csproj (任务 ID: 12)
                   已完成执行任务“MSBuild”的操作。 (任务 ID: 12)
01:04:09.860     1>已完成在项目“NikkiLoader.csproj”中生成目标“_GetAllRestoreProjectPathItems”的操作。: (目标 ID: 5)
01:04:09.860     1>来自项目“D:\Project\AssetRipper\.workbuddy\tmp\NikkiLoader\NikkiLoader.csproj”的文件“C:\Program Files\dotnet\sdk\10.0.301\NuGet.targets”中的目标“_GenerateRestoreGraph: (目标 ID: 10)”(目标“Restore”依赖于它):
                   正在使用程序集“Microsoft.Build.Tasks.Core, Version=15.1.0.0, Culture=neutral, PublicKeyToken=b03f5f7f11d50a3a”中的“Message”任务。
                   任务“Message” (任务 ID: 13)
                     任务参数:Text=Generating dg file (任务 ID: 13)
                     任务参数:Importance=low (任务 ID: 13)
                     Generating dg file (任务 ID: 13)
                   已完成执行任务“Message”的操作。 (任务 ID: 13)
                   任务“Message” (任务 ID: 14)
                     任务参数:Text=D:\Project\AssetRipper\.workbuddy\tmp\NikkiLoader\NikkiLoader.csproj (任务 ID: 14)
                     任务参数:Importance=low (任务 ID: 14)
                     D:\Project\AssetRipper\.workbuddy\tmp\NikkiLoader\NikkiLoader.csproj (任务 ID: 14)
                   已完成执行任务“Message”的操作。 (任务 ID: 14)
                   添加的项: 
                       _GenerateRestoreGraphProjectEntryInput=
                           D:\Project\AssetRipper\.workbuddy\tmp\NikkiLoader\NikkiLoader.csproj
                                   MSBuildSourceProjectFile=D:\Project\AssetRipper\.workbuddy\tmp\NikkiLoader\NikkiLoader.csproj
                                   MSBuildSourceTargetName=_IsProjectRestoreSupported
                                   OriginalItemSpec=D:\Project\AssetRipper\.workbuddy\tmp\NikkiLoader\NikkiLoader.csproj
                   任务“MSBuild” (任务 ID: 15)
                     任务参数:Targets=_GenerateRestoreGraphProjectEntry (任务 ID: 15)
                     任务参数:BuildInParallel=True (任务 ID: 15)
                     任务参数:Properties=ExcludeRestorePackageImports=true (任务 ID: 15)
                     任务参数:
                         Projects=
                             D:\Project\AssetRipper\.workbuddy\tmp\NikkiLoader\NikkiLoader.csproj
                                     MSBuildSourceProjectFile=D:\Project\AssetRipper\.workbuddy\tmp\NikkiLoader\NikkiLoader.csproj
                                     MSBuildSourceTargetName=_IsProjectRestoreSupported
                                     OriginalItemSpec=D:\Project\AssetRipper\.workbuddy\tmp\NikkiLoader\NikkiLoader.csproj (任务 ID: 15)
                     全局属性: (任务 ID: 15)
                       ExcludeRestorePackageImports=true (任务 ID: 15)
01:04:09.788     1>项目“D:\Project\AssetRipper\.workbuddy\tmp\NikkiLoader\NikkiLoader.csproj”(1)正在节点 1 上生成“D:\Project\AssetRipper\.workbuddy\tmp\NikkiLoader\NikkiLoader.csproj”(1:5) (_GenerateRestoreGraphProjectEntry 个目标)。
01:04:09.861   1:5>来自项目“D:\Project\AssetRipper\.workbuddy\tmp\NikkiLoader\NikkiLoader.csproj”的文件“C:\Program Files\dotnet\sdk\10.0.301\Sdks\Microsoft.NET.Sdk\targets\Microsoft.NET.TargetFrameworkInference.targets”中的目标“_CheckForUnsupportedNETCoreVersion: (目标 ID: 11)”(目标“CollectPackageReferences”依赖于它):
01:04:09.861   1:5>已完成在项目“NikkiLoader.csproj”中生成目标“_CheckForUnsupportedNETCoreVersion”的操作。: (目标 ID: 11)
01:04:09.861   1:5>来自项目“D:\Project\AssetRipper\.workbuddy\tmp\NikkiLoader\NikkiLoader.csproj”的文件“C:\Program Files\dotnet\sdk\10.0.301\Sdks\Microsoft.NET.Sdk\targets\Microsoft.NET.TargetFrameworkInference.targets”中的目标“_CheckForUnsupportedCppNETCoreVersion: (目标 ID: 12)”(目标“CollectPackageReferences”依赖于它):
01:04:09.861   1:5>已完成在项目“NikkiLoader.csproj”中生成目标“_CheckForUnsupportedCppNETCoreVersion”的操作。: (目标 ID: 12)
01:04:09.861   1:5>来自项目“D:\Project\AssetRipper\.workbuddy\tmp\NikkiLoader\NikkiLoader.csproj”的文件“C:\Program Files\dotnet\sdk\10.0.301\Sdks\Microsoft.NET.Sdk\targets\Microsoft.NET.Sdk.DefaultItems.Shared.targets”中的目标“CheckForImplicitPackageReferenceOverrides: (目标 ID: 13)”(目标“CollectPackageReferences”依赖于它):
                   设置属性: ImplicitPackageReferenceInformationLink=https://aka.ms/sdkimplicitrefs
                   正在使用程序集“C:\Program Files\dotnet\sdk\10.0.301\Sdks\Microsoft.NET.Sdk\targets\..\tools\net10.0\Microsoft.NET.Build.Tasks.dll”中的“CheckForImplicitPackageReferenceOverrides”任务。
                   任务“CheckForImplicitPackageReferenceOverrides” (任务 ID: 16)
                     任务参数:MoreInformationLink=https://aka.ms/sdkimplicitrefs (任务 ID: 16)
                   已完成执行任务“CheckForImplicitPackageReferenceOverrides”的操作。 (任务 ID: 16)
01:04:09.864   1:5>已完成在项目“NikkiLoader.csproj”中生成目标“CheckForImplicitPackageReferenceOverrides”的操作。: (目标 ID: 13)
01:04:09.864   1:5>来自项目“D:\Project\AssetRipper\.workbuddy\tmp\NikkiLoader\NikkiLoader.csproj”的文件“C:\Program Files\dotnet\sdk\10.0.301\Sdks\Microsoft.NET.Sdk\targets\Microsoft.NET.RuntimeIdentifierInference.targets”中的目标“_CheckForLanguageAndFeatureCombinationSupport: (目标 ID: 14)”(目标“ProcessFrameworkReferences”依赖于它):
01:04:09.864   1:5>已完成在项目“NikkiLoader.csproj”中生成目标“_CheckForLanguageAndFeatureCombinationSupport”的操作。: (目标 ID: 14)
01:04:09.864   1:5>来自项目“D:\Project\AssetRipper\.workbuddy\tmp\NikkiLoader\NikkiLoader.csproj”的文件“C:\Program Files\dotnet\sdk\10.0.301\Sdks\Microsoft.NET.Sdk\targets\Microsoft.NET.Publish.targets”中的目标“_ComputeToolPackInputsToProcessFrameworkReferences: (目标 ID: 15)”(目标“ProcessFrameworkReferences”依赖于它):
                   设置属性: _RequiresILLinkPack=false
                   设置属性: _MinNonEolTargetFrameworkForTrimming=net8.0
                   设置属性: _MinNonEolTargetFrameworkForSingleFile=net8.0
                   设置属性: _MinNonEolTargetFrameworkForAot=net8.0
01:04:09.866   1:5>已完成在项目“NikkiLoader.csproj”中生成目标“_ComputeToolPackInputsToProcessFrameworkReferences”的操作。: (目标 ID: 15)
01:04:09.866   1:5>来自项目“D:\Project\AssetRipper\.workbuddy\tmp\NikkiLoader\NikkiLoader.csproj”的文件“C:\Program Files\dotnet\sdk\10.0.301\Sdks\Microsoft.NET.Sdk\targets\Microsoft.NET.Sdk.FrameworkReferenceResolution.targets”中的目标“ProcessFrameworkReferences: (目标 ID: 16)”(目标“CollectPackageReferences”依赖于它):
                   正在使用程序集“C:\Program Files\dotnet\sdk\10.0.301\Sdks\Microsoft.NET.Sdk\targets\..\tools\net10.0\Microsoft.NET.Build.Tasks.dll”中的“CheckForDuplicateFrameworkReferences”任务。
                   任务“CheckForDuplicateFrameworkReferences” (任务 ID: 17)
                     任务参数:MoreInformationLink=https://aka.ms/sdkimplicitrefs (任务 ID: 17)
                     任务参数:
                         FrameworkReferences=
                             Microsoft.NETCore.App
                                     IsImplicitlyDefined=true
                                     Pack=false
                                     PrivateAssets=All (任务 ID: 17)
                   已完成执行任务“CheckForDuplicateFrameworkReferences”的操作。 (任务 ID: 17)
                   设置属性: EnableTargetingPackDownload=true
                   设置属性: EnableRuntimePackDownload=true
                   设置属性: RequiresAspNetWebAssets=false
                   正在使用程序集“C:\Program Files\dotnet\sdk\10.0.301\Sdks\Microsoft.NET.Sdk\targets\..\tools\net10.0\Microsoft.NET.Build.Tasks.dll”中的“ProcessFrameworkReferences”任务。
                   任务“ProcessFrameworkReferences” (任务 ID: 18)
                     任务参数:
                         KnownAspNetCorePacks=
                             Microsoft.AspNetCore.App.Internal.Assets
                                     AspNetCorePackVersion=10.0.9
                                     TargetFramework=net10.0 (任务 ID: 18)
                     任务参数:
                         KnownILLinkPacks=
                             Microsoft.NET.ILLink.Tasks
                                     ILLinkPackVersion=10.0.9
                                     TargetFramework=net10.0
                             Microsoft.NET.ILLink.Tasks
                                     ILLinkPackVersion=9.0.17
                                     TargetFramework=net9.0
                             Microsoft.NET.ILLink.Tasks
                                     ILLinkPackVersion=8.0.28
                                     TargetFramework=net8.0
                             Microsoft.NET.ILLink.Tasks
                                     ILLinkPackVersion=7.0.100-1.23211.1
                                     TargetFramework=net7.0
                             Microsoft.NET.ILLink.Tasks
                                     ILLinkPackVersion=7.0.100-1.23211.1
                                     TargetFramework=net6.0
                             Microsoft.NET.ILLink.Tasks
                                     ILLinkPackVersion=7.0.100-1.23211.1
                                     TargetFramework=net5.0
                             Microsoft.NET.ILLink.Tasks
                                     ILLinkPackVersion=7.0.100-1.23211.1
                                     TargetFramework=netcoreapp3.1
                             Microsoft.NET.ILLink.Tasks
                                     ILLinkPackVersion=7.0.100-1.23211.1
                                     TargetFramework=netcoreapp3.0 (任务 ID: 18)
                     任务参数:MinNonEolTargetFrameworkForSingleFile=net8.0 (任务 ID: 18)
                     任务参数:RuntimeGraphPath=C:\Program Files\dotnet\sdk\10.0.301/PortableRuntimeIdentifierGraph.json (任务 ID: 18)
                     任务参数:
                         KnownRuntimePacks=
                             Microsoft.NETCore.App
                                     LatestRuntimeFrameworkVersion=10.0.9
                                     RuntimeFrameworkName=Microsoft.NETCore.App
                                     RuntimePackLabels=NativeAOT
                                     RuntimePackNamePatterns=Microsoft.NETCore.App.Runtime.NativeAOT.**RID**
                                     RuntimePackRuntimeIdentifiers=ios-arm64;iossimulator-arm64;iossimulator-x64;tvos-arm64;tvossimulator-arm64;tvossimulator-x64;maccatalyst-arm64;maccatalyst-x64;linux-bionic-arm64;linux-bionic-x64;osx-arm64;osx-x64;freebsd-arm64;freebsd-x64;linux-x64;linux-arm;linux-arm64;linux-loongarch64;linux-bionic-arm;linux-musl-x64;linux-musl-arm;linux-musl-arm64;linux-musl-loongarch64;win-x64;win-x86;win-arm64;browser-wasm;wasi-wasm;linux-riscv64;linux-musl-riscv64;android-arm64;android-x64
                                     TargetFramework=net10.0
                             Microsoft.NETCore.App
                                     LatestRuntimeFrameworkVersion=10.0.9
                                     RuntimeFrameworkName=Microsoft.NETCore.App
                                     RuntimePackLabels=Mono
                                     RuntimePackNamePatterns=Microsoft.NETCore.App.Runtime.Mono.**RID**
                                     RuntimePackRuntimeIdentifiers=linux-arm;linux-arm64;linux-musl-arm64;linux-musl-x64;linux-x64;osx-x64;win-arm64;win-x64;win-x86;linux-musl-arm;osx-arm64;linux-s390x;linux-loongarch64;browser-wasm;ios-arm64;ios-arm;iossimulator-arm64;iossimulator-x64;iossimulator-x86;tvos-arm64;tvossimulator-arm64;tvossimulator-x64;maccatalyst-x64;maccatalyst-arm64;android-arm64;android-arm;android-x64;android-x86;freebsd-x64;freebsd-arm64;wasi-wasm;linux-riscv64;linux-musl-riscv64;linux-loongarch64;linux-musl-loongarch64
                                     TargetFramework=net10.0
                             Microsoft.NETCore.App
                                     LatestRuntimeFrameworkVersion=9.0.17
                                     RuntimeFrameworkName=Microsoft.NETCore.App
                                     RuntimePackLabels=NativeAOT
                                     RuntimePackNamePatterns=Microsoft.NETCore.App.Runtime.NativeAOT.**RID**
                                     RuntimePackRuntimeIdentifiers=ios-arm64;iossimulator-arm64;iossimulator-x64;tvos-arm64;tvossimulator-arm64;tvossimulator-x64;maccatalyst-arm64;maccatalyst-x64;linux-bionic-arm64;linux-bionic-x64;osx-arm64;osx-x64;freebsd-arm64;freebsd-x64;linux-x64;linux-arm;linux-arm64;linux-loongarch64;linux-bionic-arm;linux-musl-x64;linux-musl-arm;linux-musl-arm64;linux-musl-loongarch64;win-x64;win-x86;win-arm64;browser-wasm;wasi-wasm
                                     TargetFramework=net9.0
                             Microsoft.NETCore.App
                                     LatestRuntimeFrameworkVersion=9.0.17
                                     RuntimeFrameworkName=Microsoft.NETCore.App
                                     RuntimePackLabels=Mono
                                     RuntimePackNamePatterns=Microsoft.NETCore.App.Runtime.Mono.**RID**
                                     RuntimePackRuntimeIdentifiers=linux-arm;linux-arm64;linux-musl-arm64;linux-musl-x64;linux-x64;osx-x64;win-arm64;win-x64;win-x86;linux-musl-arm;osx-arm64;linux-s390x;linux-loongarch64;browser-wasm;ios-arm64;ios-arm;iossimulator-arm64;iossimulator-x64;iossimulator-x86;tvos-arm64;tvossimulator-arm64;tvossimulator-x64;maccatalyst-x64;maccatalyst-arm64;android-arm64;android-arm;android-x64;android-x86;freebsd-x64;freebsd-arm64;wasi-wasm;linux-riscv64;linux-musl-riscv64;linux-loongarch64;linux-musl-loongarch64
                                     TargetFramework=net9.0
                             Microsoft.NETCore.App
                                     LatestRuntimeFrameworkVersion=8.0.28
                                     RuntimeFrameworkName=Microsoft.NETCore.App
                                     RuntimePackLabels=NativeAOT
                                     RuntimePackNamePatterns=Microsoft.NETCore.App.Runtime.NativeAOT.**RID**
                                     RuntimePackRuntimeIdentifiers=ios-arm64;iossimulator-arm64;iossimulator-x64;tvos-arm64;tvossimulator-arm64;tvossimulator-x64;maccatalyst-arm64;maccatalyst-x64;linux-bionic-arm64;linux-bionic-x64;osx-arm64;osx-x64;freebsd-arm64;freebsd-x64
                                     TargetFramework=net8.0
                             Microsoft.NETCore.App
                                     LatestRuntimeFrameworkVersion=8.0.28
                                     RuntimeFrameworkName=Microsoft.NETCore.App
                                     RuntimePackLabels=Mono
                                     RuntimePackNamePatterns=Microsoft.NETCore.App.Runtime.Mono.**RID**
                                     RuntimePackRuntimeIdentifiers=linux-arm;linux-arm64;linux-musl-arm64;linux-musl-x64;linux-x64;osx-x64;win-arm64;win-x64;win-x86;linux-musl-arm;osx-arm64;linux-s390x;linux-loongarch64;browser-wasm;ios-arm64;ios-arm;iossimulator-arm64;iossimulator-x64;iossimulator-x86;tvos-arm64;tvossimulator-arm64;tvossimulator-x64;maccatalyst-x64;maccatalyst-arm64;android-arm64;android-arm;android-x64;android-x86;freebsd-x64;freebsd-arm64;wasi-wasm
                                     TargetFramework=net8.0
                             Microsoft.NETCore.App
                                     LatestRuntimeFrameworkVersion=7.0.20
                                     RuntimeFrameworkName=Microsoft.NETCore.App
                                     RuntimePackLabels=Mono
                                     RuntimePackNamePatterns=Microsoft.NETCore.App.Runtime.Mono.**RID**
                                     RuntimePackRuntimeIdentifiers=linux-arm;linux-arm64;linux-musl-arm64;linux-musl-x64;linux-x64;osx-x64;win-arm;win-arm64;win-x64;win-x86;linux-musl-arm;osx-arm64;linux-s390x;linux-loongarch64;browser-wasm;ios-arm64;ios-arm;iossimulator-arm64;iossimulator-x64;iossimulator-x86;tvos-arm64;tvossimulator-arm64;tvossimulator-x64;maccatalyst-x64;maccatalyst-arm64;android-arm64;android-arm;android-x64;android-x86
                                     TargetFramework=net7.0
                             Microsoft.NETCore.App
                                     LatestRuntimeFrameworkVersion=6.0.36
                                     RuntimeFrameworkName=Microsoft.NETCore.App
                                     RuntimePackLabels=Mono
                                     RuntimePackNamePatterns=Microsoft.NETCore.App.Runtime.Mono.**RID**
                                     RuntimePackRuntimeIdentifiers=linux-arm;linux-arm64;linux-musl-arm64;linux-musl-x64;linux-x64;osx-x64;win-arm;win-arm64;win-x64;win-x86;linux-musl-arm;osx-arm64;linux-s390x;linux-loongarch64;browser-wasm;ios-arm64;ios-arm;iossimulator-arm64;iossimulator-x64;iossimulator-x86;tvos-arm64;tvossimulator-arm64;tvossimulator-x64;maccatalyst-x64;maccatalyst-arm64;android-arm64;android-arm;android-x64;android-x86
                                     TargetFramework=net6.0 (任务 ID: 18)
                     任务参数:MinNonEolTargetFrameworkForTrimming=net8.0 (任务 ID: 18)
                     任务参数:TargetFrameworkVersion=10.0 (任务 ID: 18)
                     任务参数:EnableTargetingPackDownload=True (任务 ID: 18)
                     任务参数:EnableRuntimePackDownload=True (任务 ID: 18)
                     任务参数:RequiresILLinkPack=False (任务 ID: 18)
                     任务参数:
                         KnownILCompilerPacks=
                             Microsoft.DotNet.ILCompiler
                                     ILCompilerPackNamePattern=runtime.**RID**.Microsoft.DotNet.ILCompiler
                                     ILCompilerPackVersion=10.0.9
                                     ILCompilerPortableRuntimeIdentifiers=linux-arm64;linux-musl-arm64;linux-musl-x64;linux-x64;win-arm64;win-x64;osx-x64;osx-arm64;freebsd-x64;freebsd-arm64;linux-arm;linux-musl-arm;linux-loongarch64;linux-musl-loongarch64;win-x86;linux-riscv64;linux-musl-riscv64
                                     ILCompilerRuntimeIdentifiers=linux-arm64;linux-musl-arm64;linux-musl-x64;linux-x64;win-arm64;win-x64;osx-x64;osx-arm64;freebsd-x64;freebsd-arm64;linux-arm;linux-musl-arm;linux-loongarch64;linux-musl-loongarch64;win-x86;linux-riscv64;linux-musl-riscv64
                                     ILCompilerRuntimePackNamePattern=Microsoft.NETCore.App.Runtime.NativeAOT.**RID**
                                     TargetFramework=net10.0
                             Microsoft.DotNet.ILCompiler
                                     ILCompilerPackNamePattern=runtime.**RID**.Microsoft.DotNet.ILCompiler
                                     ILCompilerPackVersion=9.0.17
                                     ILCompilerRuntimeIdentifiers=linux-arm64;linux-musl-arm64;linux-musl-x64;linux-x64;win-arm64;win-x64;osx-x64;osx-arm64;freebsd-x64;freebsd-arm64;linux-arm;linux-musl-arm;linux-loongarch64;linux-musl-loongarch64;win-x86
                                     TargetFramework=net9.0
                             Microsoft.DotNet.ILCompiler
                                     ILCompilerPackNamePattern=runtime.**RID**.Microsoft.DotNet.ILCompiler
                                     ILCompilerPackVersion=8.0.28
                                     ILCompilerRuntimeIdentifiers=linux-arm64;linux-musl-arm64;linux-musl-x64;linux-x64;win-arm64;win-x64;osx-x64;osx-arm64;freebsd-x64;freebsd-arm64
                                     TargetFramework=net8.0
                             Microsoft.DotNet.ILCompiler
                                     ILCompilerPackNamePattern=runtime.**RID**.Microsoft.DotNet.ILCompiler
                                     ILCompilerPackVersion=7.0.20
                                     ILCompilerRuntimeIdentifiers=linux-arm64;linux-musl-arm64;linux-musl-x64;linux-x64;win-arm64;win-x64
                                     TargetFramework=net7.0 (任务 ID: 18)
                     任务参数:TargetFrameworkIdentifier=.NETCoreApp (任务 ID: 18)
                     任务参数:MinNonEolTargetFrameworkForAot=net8.0 (任务 ID: 18)
                     任务参数:FirstTargetFrameworkVersionToSupportTrimAnalyzer=6.0 (任务 ID: 18)
                     任务参数:SelfContained=False (任务 ID: 18)
                     任务参数:
                         KnownCrossgen2Packs=
                             Microsoft.NETCore.App.Crossgen2
                                     Crossgen2PackNamePattern=Microsoft.NETCore.App.Crossgen2.**RID**
                                     Crossgen2PackVersion=10.0.9
                                     Crossgen2PortableRuntimeIdentifiers=linux-musl-x64;linux-x64;win-x64;linux-arm;linux-arm64;linux-musl-arm;linux-musl-arm64;osx-arm64;osx-x64;win-arm64;win-x86;freebsd-x64;freebsd-arm64;linux-riscv64;linux-musl-riscv64;linux-loongarch64;linux-musl-loongarch64
                                     Crossgen2RuntimeIdentifiers=linux-musl-x64;linux-x64;win-x64;linux-arm;linux-arm64;linux-musl-arm;linux-musl-arm64;osx-arm64;osx-x64;win-arm64;win-x86;freebsd-x64;freebsd-arm64;linux-riscv64;linux-musl-riscv64;linux-loongarch64;linux-musl-loongarch64
                                     TargetFramework=net10.0
                             Microsoft.NETCore.App.Crossgen2
                                     Crossgen2PackNamePattern=Microsoft.NETCore.App.Crossgen2.**RID**
                                     Crossgen2PackVersion=9.0.17
                                     Crossgen2RuntimeIdentifiers=linux-musl-x64;linux-x64;win-x64;linux-arm;linux-arm64;linux-musl-arm;linux-musl-arm64;osx-arm64;osx-x64;win-arm64;win-x86;freebsd-x64;freebsd-arm64;linux-riscv64;linux-musl-riscv64;linux-loongarch64;linux-musl-loongarch64
                                     TargetFramework=net9.0
                             Microsoft.NETCore.App.Crossgen2
                                     Crossgen2PackNamePattern=Microsoft.NETCore.App.Crossgen2.**RID**
                                     Crossgen2PackVersion=8.0.28
                                     Crossgen2RuntimeIdentifiers=linux-musl-x64;linux-x64;win-x64;linux-arm;linux-arm64;linux-musl-arm;linux-musl-arm64;osx-arm64;osx-x64;win-arm64;win-x86;freebsd-x64;freebsd-arm64
                                     TargetFramework=net8.0
                             Microsoft.NETCore.App.Crossgen2
                                     Crossgen2PackNamePattern=Microsoft.NETCore.App.Crossgen2.**RID**
                                     Crossgen2PackVersion=7.0.20
                                     Crossgen2RuntimeIdentifiers=linux-musl-x64;linux-x64;win-x64;linux-arm;linux-arm64;linux-musl-arm;linux-musl-arm64;osx-arm64;osx-x64;win-arm;win-arm64;win-x86
                                     TargetFramework=net7.0
                             Microsoft.NETCore.App.Crossgen2
                                     Crossgen2PackNamePattern=Microsoft.NETCore.App.Crossgen2.**RID**
                                     Crossgen2PackVersion=6.0.36
                                     Crossgen2RuntimeIdentifiers=linux-musl-x64;linux-x64;win-x64;linux-arm;linux-arm64;linux-musl-arm;linux-musl-arm64;osx-arm64;osx-x64;win-arm;win-arm64;win-x86
                                     TargetFramework=net6.0
                             Microsoft.NETCore.App.Crossgen2
                                     Crossgen2PackNamePattern=Microsoft.NETCore.App.Crossgen2.**RID**
                                     Crossgen2PackVersion=5.0.17
                                     Crossgen2RuntimeIdentifiers=linux-musl-x64;linux-x64;win-x64
                                     TargetFramework=net5.0 (任务 ID: 18)
                     任务参数:NETCoreSdkPortableRuntimeIdentifier=win-x64 (任务 ID: 18)
                     任务参数:NetCoreRoot=C:\Program Files\dotnet\ (任务 ID: 18)
                     任务参数:TargetingPackRoot=C:\Program Files\dotnet\packs (任务 ID: 18)
                     任务参数:ReadyToRunUseCrossgen2=True (任务 ID: 18)
                     任务参数:NETCoreSdkRuntimeIdentifier=win-x64 (任务 ID: 18)
                     任务参数:NETCoreSdkVersion=10.0.301 (任务 ID: 18)
                     任务参数:RequiresAspNetWebAssets=False (任务 ID: 18)
                     任务参数:
                         FrameworkReferences=
                             Microsoft.NETCore.App
                                     IsImplicitlyDefined=true
                                     Pack=false
                                     PrivateAssets=All (任务 ID: 18)
                     任务参数:TargetLatestRuntimePatchIsDefault=True (任务 ID: 18)
                     任务参数:FirstTargetFrameworkVersionToSupportAotAnalyzer=7.0 (任务 ID: 18)
                     任务参数:
                         KnownWebAssemblySdkPacks=
                             Microsoft.NET.Sdk.WebAssembly.Pack
                                     TargetFramework=net10.0
                                     WebAssemblySdkPackVersion=10.0.9
                             Microsoft.NET.Sdk.WebAssembly.Pack
                                     TargetFramework=net9.0
                                     WebAssemblySdkPackVersion=10.0.9
                             Microsoft.NET.Sdk.WebAssembly.Pack
                                     TargetFramework=net8.0
                                     WebAssemblySdkPackVersion=10.0.9
                             Microsoft.NET.Sdk.WebAssembly.Pack
                                     TargetFramework=net7.0
                                     WebAssemblySdkPackVersion=10.0.9
                             Microsoft.NET.Sdk.WebAssembly.Pack
                                     TargetFramework=net6.0
                                     WebAssemblySdkPackVersion=10.0.9 (任务 ID: 18)
                     任务参数:FirstTargetFrameworkVersionToSupportSingleFileAnalyzer=6.0 (任务 ID: 18)
                     任务参数:TargetLatestRuntimePatch=False (任务 ID: 18)
                     任务参数:
                         KnownFrameworkReferences=
                             Microsoft.NETCore.App
                                     DefaultRuntimeFrameworkVersion=10.0.0
                                     LatestRuntimeFrameworkVersion=10.0.9
                                     RuntimeFrameworkName=Microsoft.NETCore.App
                                     RuntimePackNamePatterns=Microsoft.NETCore.App.Runtime.**RID**
                                     RuntimePackRuntimeIdentifiers=linux-arm;linux-arm64;linux-musl-arm64;linux-musl-x64;linux-x64;osx-x64;tizen.4.0.0-armel;tizen.5.0.0-armel;win-arm64;win-x64;win-x86;linux-musl-arm;osx-arm64;linux-s390x;linux-loongarch64;linux-bionic-arm;linux-bionic-arm64;linux-bionic-x64;linux-bionic-x86;linux-ppc64le;freebsd-x64;freebsd-arm64;linux-riscv64;linux-musl-riscv64;linux-musl-loongarch64;android-arm64;android-x64
                                     TargetFramework=net10.0
                                     TargetingPackName=Microsoft.NETCore.App.Ref
                                     TargetingPackVersion=10.0.9
                             Microsoft.WindowsDesktop.App
                                     DefaultRuntimeFrameworkVersion=10.0.0
                                     IsWindowsOnly=true
                                     LatestRuntimeFrameworkVersion=10.0.9
                                     RuntimeFrameworkName=Microsoft.WindowsDesktop.App
                                     RuntimePackNamePatterns=Microsoft.WindowsDesktop.App.Runtime.**RID**
                                     RuntimePackRuntimeIdentifiers=win-x64;win-x86;win-arm64
                                     TargetFramework=net10.0
                                     TargetingPackName=Microsoft.WindowsDesktop.App.Ref
                                     TargetingPackVersion=10.0.9
                             Microsoft.WindowsDesktop.App.WPF
                                     DefaultRuntimeFrameworkVersion=10.0.0
                                     IsWindowsOnly=true
                                     LatestRuntimeFrameworkVersion=10.0.9
                                     Profile=WPF
                                     RuntimeFrameworkName=Microsoft.WindowsDesktop.App
                                     RuntimePackNamePatterns=Microsoft.WindowsDesktop.App.Runtime.**RID**
                                     RuntimePackRuntimeIdentifiers=win-x64;win-x86;win-arm64
                                     TargetFramework=net10.0
                                     TargetingPackName=Microsoft.WindowsDesktop.App.Ref
                                     TargetingPackVersion=10.0.9
                             Microsoft.WindowsDesktop.App.WindowsForms
                                     DefaultRuntimeFrameworkVersion=10.0.0
                                     IsWindowsOnly=true
                                     LatestRuntimeFrameworkVersion=10.0.9
                                     Profile=WindowsForms
                                     RuntimeFrameworkName=Microsoft.WindowsDesktop.App
                                     RuntimePackNamePatterns=Microsoft.WindowsDesktop.App.Runtime.**RID**
                                     RuntimePackRuntimeIdentifiers=win-x64;win-x86;win-arm64
                                     TargetFramework=net10.0
                                     TargetingPackName=Microsoft.WindowsDesktop.App.Ref
                                     TargetingPackVersion=10.0.9
                             Microsoft.AspNetCore.App
                                     DefaultRuntimeFrameworkVersion=10.0.0
                                     LatestRuntimeFrameworkVersion=10.0.9
                                     RuntimeFrameworkName=Microsoft.AspNetCore.App
                                     RuntimePackExcludedRuntimeIdentifiers=android;linux-bionic
                                     RuntimePackNamePatterns=Microsoft.AspNetCore.App.Runtime.**RID**
                                     RuntimePackRuntimeIdentifiers=win-x64;win-x86;osx-x64;linux-musl-x64;linux-musl-arm64;linux-x64;linux-arm;linux-arm64;linux-musl-arm;win-arm64;osx-arm64;linux-s390x;linux-loongarch64;linux-ppc64le;freebsd-x64;freebsd-arm64;linux-riscv64;linux-musl-riscv64;linux-loongarch64;linux-musl-loongarch64
                                     TargetFramework=net10.0
                                     TargetingPackName=Microsoft.AspNetCore.App.Ref
                                     TargetingPackVersion=10.0.9
                             Microsoft.NETCore.App
                                     DefaultRuntimeFrameworkVersion=9.0.0
                                     LatestRuntimeFrameworkVersion=9.0.17
                                     RuntimeFrameworkName=Microsoft.NETCore.App
                                     RuntimePackNamePatterns=Microsoft.NETCore.App.Runtime.**RID**
                                     RuntimePackRuntimeIdentifiers=linux-arm;linux-arm64;linux-musl-arm64;linux-musl-x64;linux-x64;osx-x64;tizen.4.0.0-armel;tizen.5.0.0-armel;win-arm64;win-x64;win-x86;linux-musl-arm;osx-arm64;linux-s390x;linux-loongarch64;linux-bionic-arm;linux-bionic-arm64;linux-bionic-x64;linux-bionic-x86;linux-ppc64le;freebsd-x64;freebsd-arm64;linux-riscv64;linux-musl-riscv64;linux-musl-loongarch64
                                     TargetFramework=net9.0
                                     TargetingPackName=Microsoft.NETCore.App.Ref
                                     TargetingPackVersion=9.0.17
                             Microsoft.WindowsDesktop.App
                                     DefaultRuntimeFrameworkVersion=9.0.0
                                     IsWindowsOnly=true
                                     LatestRuntimeFrameworkVersion=9.0.17
                                     RuntimeFrameworkName=Microsoft.WindowsDesktop.App
                                     RuntimePackNamePatterns=Microsoft.WindowsDesktop.App.Runtime.**RID**
                                     RuntimePackRuntimeIdentifiers=win-x64;win-x86;win-arm64
                                     TargetFramework=net9.0
                                     TargetingPackName=Microsoft.WindowsDesktop.App.Ref
                                     TargetingPackVersion=9.0.17
                             Microsoft.WindowsDesktop.App.WPF
                                     DefaultRuntimeFrameworkVersion=9.0.0
                                     IsWindowsOnly=true
                                     LatestRuntimeFrameworkVersion=9.0.17
                                     Profile=WPF
                                     RuntimeFrameworkName=Microsoft.WindowsDesktop.App
                                     RuntimePackNamePatterns=Microsoft.WindowsDesktop.App.Runtime.**RID**
                                     RuntimePackRuntimeIdentifiers=win-x64;win-x86;win-arm64
                                     TargetFramework=net9.0
                                     TargetingPackName=Microsoft.WindowsDesktop.App.Ref
                                     TargetingPackVersion=9.0.17
                             Microsoft.WindowsDesktop.App.WindowsForms
                                     DefaultRuntimeFrameworkVersion=9.0.0
                                     IsWindowsOnly=true
                                     LatestRuntimeFrameworkVersion=9.0.17
                                     Profile=WindowsForms
                                     RuntimeFrameworkName=Microsoft.WindowsDesktop.App
                                     RuntimePackNamePatterns=Microsoft.WindowsDesktop.App.Runtime.**RID**
                                     RuntimePackRuntimeIdentifiers=win-x64;win-x86;win-arm64
                                     TargetFramework=net9.0
                                     TargetingPackName=Microsoft.WindowsDesktop.App.Ref
                                     TargetingPackVersion=9.0.17
                             Microsoft.AspNetCore.App
                                     DefaultRuntimeFrameworkVersion=9.0.0
                                     LatestRuntimeFrameworkVersion=9.0.17
                                     RuntimeFrameworkName=Microsoft.AspNetCore.App
                                     RuntimePackExcludedRuntimeIdentifiers=android;linux-bionic
                                     RuntimePackNamePatterns=Microsoft.AspNetCore.App.Runtime.**RID**
                                     RuntimePackRuntimeIdentifiers=win-x64;win-x86;osx-x64;linux-musl-x64;linux-musl-arm64;linux-x64;linux-arm;linux-arm64;linux-musl-arm;win-arm64;osx-arm64;linux-s390x;linux-loongarch64;linux-ppc64le;freebsd-x64;freebsd-arm64;linux-riscv64;linux-musl-riscv64;linux-loongarch64;linux-musl-loongarch64
                                     TargetFramework=net9.0
                                     TargetingPackName=Microsoft.AspNetCore.App.Ref
                                     TargetingPackVersion=9.0.17
                             Microsoft.NETCore.App
                                     DefaultRuntimeFrameworkVersion=8.0.0
                                     LatestRuntimeFrameworkVersion=8.0.28
                                     RuntimeFrameworkName=Microsoft.NETCore.App
                                     RuntimePackNamePatterns=Microsoft.NETCore.App.Runtime.**RID**
                                     RuntimePackRuntimeIdentifiers=linux-arm;linux-arm64;linux-musl-arm64;linux-musl-x64;linux-x64;osx-x64;tizen.4.0.0-armel;tizen.5.0.0-armel;win-arm64;win-x64;win-x86;linux-musl-arm;osx-arm64;linux-s390x;linux-loongarch64;linux-bionic-arm;linux-bionic-arm64;linux-bionic-x64;linux-bionic-x86;linux-ppc64le;freebsd-x64;freebsd-arm64
                                     TargetFramework=net8.0
                                     TargetingPackName=Microsoft.NETCore.App.Ref
                                     TargetingPackVersion=8.0.28
                             Microsoft.WindowsDesktop.App
                                     DefaultRuntimeFrameworkVersion=8.0.0
                                     IsWindowsOnly=true
                                     LatestRuntimeFrameworkVersion=8.0.28
                                     RuntimeFrameworkName=Microsoft.WindowsDesktop.App
                                     RuntimePackNamePatterns=Microsoft.WindowsDesktop.App.Runtime.**RID**
                                     RuntimePackRuntimeIdentifiers=win-x64;win-x86;win-arm64
                                     TargetFramework=net8.0
                                     TargetingPackName=Microsoft.WindowsDesktop.App.Ref
                                     TargetingPackVersion=8.0.28
                             Microsoft.WindowsDesktop.App.WPF
                                     DefaultRuntimeFrameworkVersion=8.0.0
                                     IsWindowsOnly=true
                                     LatestRuntimeFrameworkVersion=8.0.28
                                     Profile=WPF
                                     RuntimeFrameworkName=Microsoft.WindowsDesktop.App
                                     RuntimePackNamePatterns=Microsoft.WindowsDesktop.App.Runtime.**RID**
                                     RuntimePackRuntimeIdentifiers=win-x64;win-x86;win-arm64
                                     TargetFramework=net8.0
                                     TargetingPackName=Microsoft.WindowsDesktop.App.Ref
                                     TargetingPackVersion=8.0.28
                             Microsoft.WindowsDesktop.App.WindowsForms
                                     DefaultRuntimeFrameworkVersion=8.0.0
                                     IsWindowsOnly=true
                                     LatestRuntimeFrameworkVersion=8.0.28
                                     Profile=WindowsForms
                                     RuntimeFrameworkName=Microsoft.WindowsDesktop.App
                                     RuntimePackNamePatterns=Microsoft.WindowsDesktop.App.Runtime.**RID**
                                     RuntimePackRuntimeIdentifiers=win-x64;win-x86;win-arm64
                                     TargetFramework=net8.0
                                     TargetingPackName=Microsoft.WindowsDesktop.App.Ref
                                     TargetingPackVersion=8.0.28
                             Microsoft.AspNetCore.App
                                     DefaultRuntimeFrameworkVersion=8.0.0
                                     LatestRuntimeFrameworkVersion=8.0.28
                                     RuntimeFrameworkName=Microsoft.AspNetCore.App
                                     RuntimePackExcludedRuntimeIdentifiers=android;linux-bionic
                                     RuntimePackNamePatterns=Microsoft.AspNetCore.App.Runtime.**RID**
                                     RuntimePackRuntimeIdentifiers=win-x64;win-x86;osx-x64;linux-musl-x64;linux-musl-arm64;linux-x64;linux-arm;linux-arm64;linux-musl-arm;win-arm64;osx-arm64;linux-s390x;linux-loongarch64;linux-ppc64le;freebsd-x64;freebsd-arm64
                                     TargetFramework=net8.0
                                     TargetingPackName=Microsoft.AspNetCore.App.Ref
                                     TargetingPackVersion=8.0.28
                             Microsoft.NETCore.App
                                     DefaultRuntimeFrameworkVersion=7.0.0
                                     LatestRuntimeFrameworkVersion=7.0.20
                                     RuntimeFrameworkName=Microsoft.NETCore.App
                                     RuntimePackNamePatterns=Microsoft.NETCore.App.Runtime.**RID**
                                     RuntimePackRuntimeIdentifiers=linux-arm;linux-arm64;linux-musl-arm64;linux-musl-x64;linux-x64;osx-x64;tizen.4.0.0-armel;tizen.5.0.0-armel;win-arm;win-arm64;win-x64;win-x86;linux-musl-arm;osx-arm64;linux-s390x;linux-loongarch64;linux-bionic-arm;linux-bionic-arm64;linux-bionic-x64;linux-bionic-x86;linux-ppc64le
                                     TargetFramework=net7.0
                                     TargetingPackName=Microsoft.NETCore.App.Ref
                                     TargetingPackVersion=7.0.20
                             Microsoft.WindowsDesktop.App
                                     DefaultRuntimeFrameworkVersion=7.0.0
                                     IsWindowsOnly=true
                                     LatestRuntimeFrameworkVersion=7.0.20
                                     RuntimeFrameworkName=Microsoft.WindowsDesktop.App
                                     RuntimePackNamePatterns=Microsoft.WindowsDesktop.App.Runtime.**RID**
                                     RuntimePackRuntimeIdentifiers=win-x64;win-x86;win-arm64
                                     TargetFramework=net7.0
                                     TargetingPackName=Microsoft.WindowsDesktop.App.Ref
                                     TargetingPackVersion=7.0.20
                             Microsoft.WindowsDesktop.App.WPF
                                     DefaultRuntimeFrameworkVersion=7.0.0
                                     IsWindowsOnly=true
                                     LatestRuntimeFrameworkVersion=7.0.20
                                     Profile=WPF
                                     RuntimeFrameworkName=Microsoft.WindowsDesktop.App
                                     RuntimePackNamePatterns=Microsoft.WindowsDesktop.App.Runtime.**RID**
                                     RuntimePackRuntimeIdentifiers=win-x64;win-x86;win-arm64
                                     TargetFramework=net7.0
                                     TargetingPackName=Microsoft.WindowsDesktop.App.Ref
                                     TargetingPackVersion=7.0.20
                             Microsoft.WindowsDesktop.App.WindowsForms
                                     DefaultRuntimeFrameworkVersion=7.0.0
                                     IsWindowsOnly=true
                                     LatestRuntimeFrameworkVersion=7.0.20
                                     Profile=WindowsForms
                                     RuntimeFrameworkName=Microsoft.WindowsDesktop.App
                                     RuntimePackNamePatterns=Microsoft.WindowsDesktop.App.Runtime.**RID**
                                     RuntimePackRuntimeIdentifiers=win-x64;win-x86;win-arm64
                                     TargetFramework=net7.0
                                     TargetingPackName=Microsoft.WindowsDesktop.App.Ref
                                     TargetingPackVersion=7.0.20
                             Microsoft.AspNetCore.App
                                     DefaultRuntimeFrameworkVersion=7.0.0
                                     LatestRuntimeFrameworkVersion=7.0.20
                                     RuntimeFrameworkName=Microsoft.AspNetCore.App
                                     RuntimePackExcludedRuntimeIdentifiers=android
                                     RuntimePackNamePatterns=Microsoft.AspNetCore.App.Runtime.**RID**
                                     RuntimePackRuntimeIdentifiers=win-x64;win-x86;win-arm;osx-x64;linux-musl-x64;linux-musl-arm64;linux-x64;linux-arm;linux-arm64;linux-musl-arm;win-arm64;osx-arm64;linux-s390x;linux-loongarch64;linux-ppc64le
                                     TargetFramework=net7.0
                                     TargetingPackName=Microsoft.AspNetCore.App.Ref
                                     TargetingPackVersion=7.0.20
                             Microsoft.NETCore.App
                                     DefaultRuntimeFrameworkVersion=6.0.0
                                     LatestRuntimeFrameworkVersion=6.0.36
                                     RuntimeFrameworkName=Microsoft.NETCore.App
                                     RuntimePackNamePatterns=Microsoft.NETCore.App.Runtime.**RID**
                                     RuntimePackRuntimeIdentifiers=linux-arm;linux-arm64;linux-musl-arm64;linux-musl-x64;linux-x64;osx-x64;tizen.4.0.0-armel;tizen.5.0.0-armel;win-arm;win-arm64;win-x64;win-x86;linux-musl-arm;osx-arm64;linux-s390x;linux-loongarch64
                                     TargetFramework=net6.0
                                     TargetingPackName=Microsoft.NETCore.App.Ref
                                     TargetingPackVersion=6.0.36
                             Microsoft.WindowsDesktop.App
                                     DefaultRuntimeFrameworkVersion=6.0.0
                                     IsWindowsOnly=true
                                     LatestRuntimeFrameworkVersion=6.0.36
                                     RuntimeFrameworkName=Microsoft.WindowsDesktop.App
                                     RuntimePackNamePatterns=Microsoft.WindowsDesktop.App.Runtime.**RID**
                                     RuntimePackRuntimeIdentifiers=win-x64;win-x86;win-arm64
                                     TargetFramework=net6.0
                                     TargetingPackName=Microsoft.WindowsDesktop.App.Ref
                                     TargetingPackVersion=6.0.36
                             Microsoft.WindowsDesktop.App.WPF
                                     DefaultRuntimeFrameworkVersion=6.0.0
                                     IsWindowsOnly=true
                                     LatestRuntimeFrameworkVersion=6.0.36
                                     Profile=WPF
                                     RuntimeFrameworkName=Microsoft.WindowsDesktop.App
                                     RuntimePackNamePatterns=Microsoft.WindowsDesktop.App.Runtime.**RID**
                                     RuntimePackRuntimeIdentifiers=win-x64;win-x86;win-arm64
                                     TargetFramework=net6.0
                                     TargetingPackName=Microsoft.WindowsDesktop.App.Ref
                                     TargetingPackVersion=6.0.36
                             Microsoft.WindowsDesktop.App.WindowsForms
                                     DefaultRuntimeFrameworkVersion=6.0.0
                                     IsWindowsOnly=true
                                     LatestRuntimeFrameworkVersion=6.0.36
                                     Profile=WindowsForms
                                     RuntimeFrameworkName=Microsoft.WindowsDesktop.App
                                     RuntimePackNamePatterns=Microsoft.WindowsDesktop.App.Runtime.**RID**
                                     RuntimePackRuntimeIdentifiers=win-x64;win-x86;win-arm64
                                     TargetFramework=net6.0
                                     TargetingPackName=Microsoft.WindowsDesktop.App.Ref
                                     TargetingPackVersion=6.0.36
                             Microsoft.AspNetCore.App
                                     DefaultRuntimeFrameworkVersion=6.0.0
                                     LatestRuntimeFrameworkVersion=6.0.36
                                     RuntimeFrameworkName=Microsoft.AspNetCore.App
                                     RuntimePackNamePatterns=Microsoft.AspNetCore.App.Runtime.**RID**
                                     RuntimePackRuntimeIdentifiers=win-x64;win-x86;win-arm;osx-x64;linux-musl-x64;linux-musl-arm64;linux-x64;linux-arm;linux-arm64;linux-musl-arm;win-arm64;osx-arm64;linux-s390x;linux-loongarch64
                                     TargetFramework=net6.0
                                     TargetingPackName=Microsoft.AspNetCore.App.Ref
                                     TargetingPackVersion=6.0.36
                             Microsoft.NETCore.App
                                     DefaultRuntimeFrameworkVersion=5.0.0
                                     IsTrimmable=true
                                     LatestRuntimeFrameworkVersion=5.0.17
                                     RuntimeFrameworkName=Microsoft.NETCore.App
                                     RuntimePackNamePatterns=Microsoft.NETCore.App.Runtime.**RID**
                                     RuntimePackRuntimeIdentifiers=linux-arm;linux-arm64;linux-musl-arm64;linux-musl-x64;linux-x64;osx-x64;tizen.4.0.0-armel;tizen.5.0.0-armel;win-arm;win-arm64;win-x64;win-x86;linux-musl-arm;browser-wasm
                                     TargetFramework=net5.0
                                     TargetingPackName=Microsoft.NETCore.App.Ref
                                     TargetingPackVersion=5.0.0
                             Microsoft.WindowsDesktop.App
                                     DefaultRuntimeFrameworkVersion=5.0.0
                                     IsWindowsOnly=true
                                     LatestRuntimeFrameworkVersion=5.0.17
                                     RuntimeFrameworkName=Microsoft.WindowsDesktop.App
                                     RuntimePackNamePatterns=Microsoft.WindowsDesktop.App.Runtime.**RID**
                                     RuntimePackRuntimeIdentifiers=win-x64;win-x86;win-arm64
                                     TargetFramework=net5.0
                                     TargetingPackName=Microsoft.WindowsDesktop.App.Ref
                                     TargetingPackVersion=5.0.0
                             Microsoft.WindowsDesktop.App.WPF
                                     DefaultRuntimeFrameworkVersion=5.0.0
                                     IsWindowsOnly=true
                                     LatestRuntimeFrameworkVersion=5.0.17
                                     Profile=WPF
                                     RuntimeFrameworkName=Microsoft.WindowsDesktop.App
                                     RuntimePackNamePatterns=Microsoft.WindowsDesktop.App.Runtime.**RID**
                                     RuntimePackRuntimeIdentifiers=win-x64;win-x86;win-arm64
                                     TargetFramework=net5.0
                                     TargetingPackName=Microsoft.WindowsDesktop.App.Ref
                                     TargetingPackVersion=5.0.0
                             Microsoft.WindowsDesktop.App.WindowsForms
                                     DefaultRuntimeFrameworkVersion=5.0.0
                                     IsWindowsOnly=true
                                     LatestRuntimeFrameworkVersion=5.0.17
                                     Profile=WindowsForms
                                     RuntimeFrameworkName=Microsoft.WindowsDesktop.App
                                     RuntimePackNamePatterns=Microsoft.WindowsDesktop.App.Runtime.**RID**
                                     RuntimePackRuntimeIdentifiers=win-x64;win-x86;win-arm64
                                     TargetFramework=net5.0
                                     TargetingPackName=Microsoft.WindowsDesktop.App.Ref
                                     TargetingPackVersion=5.0.0
                             Microsoft.AspNetCore.App
                                     DefaultRuntimeFrameworkVersion=5.0.0
                                     LatestRuntimeFrameworkVersion=5.0.17
                                     RuntimeFrameworkName=Microsoft.AspNetCore.App
                                     RuntimePackNamePatterns=Microsoft.AspNetCore.App.Runtime.**RID**
                                     RuntimePackRuntimeIdentifiers=win-x64;win-x86;win-arm;osx-x64;linux-musl-x64;linux-musl-arm64;linux-x64;linux-arm;linux-arm64;linux-musl-arm;win-arm64
                                     TargetFramework=net5.0
                                     TargetingPackName=Microsoft.AspNetCore.App.Ref
                                     TargetingPackVersion=5.0.0
                             Microsoft.NETCore.App
                                     DefaultRuntimeFrameworkVersion=3.1.0
                                     IsTrimmable=true
                                     LatestRuntimeFrameworkVersion=3.1.32
                                     RuntimeFrameworkName=Microsoft.NETCore.App
                                     RuntimePackNamePatterns=Microsoft.NETCore.App.Runtime.**RID**
                                     RuntimePackRuntimeIdentifiers=linux-arm;linux-arm64;linux-musl-arm64;linux-musl-x64;linux-x64;osx-x64;tizen.4.0.0-armel;tizen.5.0.0-armel;win-arm;win-arm64;win-x64;win-x86
                                     TargetFramework=netcoreapp3.1
                                     TargetingPackName=Microsoft.NETCore.App.Ref
                                     TargetingPackVersion=3.1.0
                             Microsoft.WindowsDesktop.App
                                     DefaultRuntimeFrameworkVersion=3.1.0
                                     IsWindowsOnly=true
                                     LatestRuntimeFrameworkVersion=3.1.32
                                     RuntimeFrameworkName=Microsoft.WindowsDesktop.App
                                     RuntimePackNamePatterns=Microsoft.WindowsDesktop.App.Runtime.**RID**
                                     RuntimePackRuntimeIdentifiers=win-x64;win-x86
                                     TargetFramework=netcoreapp3.1
                                     TargetingPackName=Microsoft.WindowsDesktop.App.Ref
                                     TargetingPackVersion=3.1.0
                             Microsoft.WindowsDesktop.App.WPF
                                     DefaultRuntimeFrameworkVersion=3.1.0
                                     IsWindowsOnly=true
                                     LatestRuntimeFrameworkVersion=3.1.32
                                     Profile=WPF
                                     RuntimeFrameworkName=Microsoft.WindowsDesktop.App
                                     RuntimePackNamePatterns=Microsoft.WindowsDesktop.App.Runtime.**RID**
                                     RuntimePackRuntimeIdentifiers=win-x64;win-x86
                                     TargetFramework=netcoreapp3.1
                                     TargetingPackName=Microsoft.WindowsDesktop.App.Ref
                                     TargetingPackVersion=3.1.0
                             Microsoft.WindowsDesktop.App.WindowsForms
                                     DefaultRuntimeFrameworkVersion=3.1.0
                                     IsWindowsOnly=true
                                     LatestRuntimeFrameworkVersion=3.1.32
                                     Profile=WindowsForms
                                     RuntimeFrameworkName=Microsoft.WindowsDesktop.App
                                     RuntimePackNamePatterns=Microsoft.WindowsDesktop.App.Runtime.**RID**
                                     RuntimePackRuntimeIdentifiers=win-x64;win-x86
                                     TargetFramework=netcoreapp3.1
                                     TargetingPackName=Microsoft.WindowsDesktop.App.Ref
                                     TargetingPackVersion=3.1.0
                             Microsoft.AspNetCore.App
                                     DefaultRuntimeFrameworkVersion=3.1.0
                                     LatestRuntimeFrameworkVersion=3.1.32
                                     RuntimeFrameworkName=Microsoft.AspNetCore.App
                                     RuntimePackNamePatterns=Microsoft.AspNetCore.App.Runtime.**RID**
                                     RuntimePackRuntimeIdentifiers=win-x64;win-x86;win-arm;osx-x64;linux-musl-x64;linux-musl-arm64;linux-x64;linux-arm;linux-arm64
                                     TargetFramework=netcoreapp3.1
                                     TargetingPackName=Microsoft.AspNetCore.App.Ref
                                     TargetingPackVersion=3.1.10
                             Microsoft.NETCore.App
                                     DefaultRuntimeFrameworkVersion=3.0.0
                                     IsTrimmable=true
                                     LatestRuntimeFrameworkVersion=3.0.3
                                     RuntimeFrameworkName=Microsoft.NETCore.App
                                     RuntimePackNamePatterns=Microsoft.NETCore.App.Runtime.**RID**
                                     RuntimePackRuntimeIdentifiers=linux-arm;linux-arm64;linux-musl-arm64;linux-musl-x64;linux-x64;osx-x64;tizen.4.0.0-armel;tizen.5.0.0-armel;win-arm;win-arm64;win-x64;win-x86
                                     TargetFramework=netcoreapp3.0
                                     TargetingPackName=Microsoft.NETCore.App.Ref
                                     TargetingPackVersion=3.0.0
                             Microsoft.WindowsDesktop.App
                                     DefaultRuntimeFrameworkVersion=3.0.0
                                     IsWindowsOnly=true
                                     LatestRuntimeFrameworkVersion=3.0.3
                                     RuntimeFrameworkName=Microsoft.WindowsDesktop.App
                                     RuntimePackNamePatterns=Microsoft.WindowsDesktop.App.Runtime.**RID**
                                     RuntimePackRuntimeIdentifiers=win-x64;win-x86
                                     TargetFramework=netcoreapp3.0
                                     TargetingPackName=Microsoft.WindowsDesktop.App.Ref
                                     TargetingPackVersion=3.0.0
                             Microsoft.WindowsDesktop.App.WPF
                                     DefaultRuntimeFrameworkVersion=3.0.0
                                     IsWindowsOnly=true
                                     LatestRuntimeFrameworkVersion=3.0.3
                                     Profile=WPF
                                     RuntimeFrameworkName=Microsoft.WindowsDesktop.App
                                     RuntimePackNamePatterns=Microsoft.WindowsDesktop.App.Runtime.**RID**
                                     RuntimePackRuntimeIdentifiers=win-x64;win-x86
                                     TargetFramework=netcoreapp3.0
                                     TargetingPackName=Microsoft.WindowsDesktop.App.Ref
                                     TargetingPackVersion=3.0.0
                             Microsoft.WindowsDesktop.App.WindowsForms
                                     DefaultRuntimeFrameworkVersion=3.0.0
                                     IsWindowsOnly=true
                                     LatestRuntimeFrameworkVersion=3.0.3
                                     Profile=WindowsForms
                                     RuntimeFrameworkName=Microsoft.WindowsDesktop.App
                                     RuntimePackNamePatterns=Microsoft.WindowsDesktop.App.Runtime.**RID**
                                     RuntimePackRuntimeIdentifiers=win-x64;win-x86
                                     TargetFramework=netcoreapp3.0
                                     TargetingPackName=Microsoft.WindowsDesktop.App.Ref
                                     TargetingPackVersion=3.0.0
                             Microsoft.AspNetCore.App
                                     DefaultRuntimeFrameworkVersion=3.0.0
                                     LatestRuntimeFrameworkVersion=3.0.3
                                     RuntimeFrameworkName=Microsoft.AspNetCore.App
                                     RuntimePackNamePatterns=Microsoft.AspNetCore.App.Runtime.**RID**
                                     RuntimePackRuntimeIdentifiers=win-x64;win-x86;win-arm;osx-x64;linux-musl-x64;linux-musl-arm64;linux-x64;linux-arm;linux-arm64
                                     TargetFramework=netcoreapp3.0
                                     TargetingPackName=Microsoft.AspNetCore.App.Ref
                                     TargetingPackVersion=3.0.1
                             NETStandard.Library
                                     TargetFramework=netstandard2.1
                                     TargetingPackName=NETStandard.Library.Ref
                                     TargetingPackVersion=2.1.0 (任务 ID: 18)
                     Found 1 known framework references for target framework .NETCoreApp (任务 ID: 18)
                     Found 5 known runtime packs for target framework .NETCoreApp (任务 ID: 18)
                     Selected Microsoft.NETCore.App with RIDs 'linux-arm;linux-arm64;linux-musl-arm64;linux-musl-x64;linux-x64;osx-x64;tizen.4.0.0-armel;tizen.5.0.0-armel;win-arm64;win-x64;win-x86;linux-musl-arm;osx-arm64;linux-s390x;linux-loongarch64;linux-bionic-arm;linux-bionic-arm64;linux-bionic-x64;linux-bionic-x86;linux-ppc64le;freebsd-x64;freebsd-arm64;linux-riscv64;linux-musl-riscv64;linux-musl-loongarch64;android-arm64;android-x64' (任务 ID: 18)
                     Selected targeting pack 'Microsoft.NETCore.App@10.0.9' (任务 ID: 18)
                     Added runtime framework 'Microsoft.NETCore.App@10.0.0' (任务 ID: 18)
                     Selected Microsoft.WindowsDesktop.App with RIDs 'win-x64;win-x86;win-arm64' (任务 ID: 18)
                     Selected targeting pack 'Microsoft.WindowsDesktop.App@10.0.9' (任务 ID: 18)
                     Added runtime framework 'Microsoft.WindowsDesktop.App@10.0.0' (任务 ID: 18)
                     Selected Microsoft.WindowsDesktop.App with RIDs 'win-x64;win-x86;win-arm64' (任务 ID: 18)
                     Selected targeting pack 'Microsoft.WindowsDesktop.App.WPF@10.0.9' (任务 ID: 18)
                     Added runtime framework 'Microsoft.WindowsDesktop.App@10.0.0' (任务 ID: 18)
                     Selected Microsoft.WindowsDesktop.App with RIDs 'win-x64;win-x86;win-arm64' (任务 ID: 18)
                     Selected targeting pack 'Microsoft.WindowsDesktop.App.WindowsForms@10.0.9' (任务 ID: 18)
                     Added runtime framework 'Microsoft.WindowsDesktop.App@10.0.0' (任务 ID: 18)
                     Selected Microsoft.AspNetCore.App with RIDs 'win-x64;win-x86;osx-x64;linux-musl-x64;linux-musl-arm64;linux-x64;linux-arm;linux-arm64;linux-musl-arm;win-arm64;osx-arm64;linux-s390x;linux-loongarch64;linux-ppc64le;freebsd-x64;freebsd-arm64;linux-riscv64;linux-musl-riscv64;linux-loongarch64;linux-musl-loongarch64' (任务 ID: 18)
                     Selected targeting pack 'Microsoft.AspNetCore.App@10.0.9' (任务 ID: 18)
                     Added runtime framework 'Microsoft.AspNetCore.App@10.0.0' (任务 ID: 18)
                     输出项: 
                         RuntimeFramework=
                             Microsoft.NETCore.App
                                     FrameworkName=Microsoft.NETCore.App
                                     Profile=
                                     Version=10.0.0
                             Microsoft.WindowsDesktop.App
                                     FrameworkName=Microsoft.WindowsDesktop.App
                                     Profile=
                                     Version=10.0.0
                             Microsoft.WindowsDesktop.App
                                     FrameworkName=Microsoft.WindowsDesktop.App.WPF
                                     Profile=WPF
                                     Version=10.0.0
                             Microsoft.WindowsDesktop.App
                                     FrameworkName=Microsoft.WindowsDesktop.App.WindowsForms
                                     Profile=WindowsForms
                                     Version=10.0.0
                             Microsoft.AspNetCore.App
                                     FrameworkName=Microsoft.AspNetCore.App
                                     Profile=
                                     Version=10.0.0 (任务 ID: 18)
                     输出项: 
                         TargetingPack=
                             Microsoft.NETCore.App
                                     NuGetPackageId=Microsoft.NETCore.App.Ref
                                     NuGetPackageVersion=10.0.9
                                     PackageConflictPreferredPackages=Microsoft.NETCore.App.Ref;Microsoft.NETCore.App.Runtime.linux-arm;Microsoft.NETCore.App.Runtime.linux-arm64;Microsoft.NETCore.App.Runtime.linux-musl-arm64;Microsoft.NETCore.App.Runtime.linux-musl-x64;Microsoft.NETCore.App.Runtime.linux-x64;Microsoft.NETCore.App.Runtime.osx-x64;Microsoft.NETCore.App.Runtime.tizen.4.0.0-armel;Microsoft.NETCore.App.Runtime.tizen.5.0.0-armel;Microsoft.NETCore.App.Runtime.win-arm64;Microsoft.NETCore.App.Runtime.win-x64;Microsoft.NETCore.App.Runtime.win-x86;Microsoft.NETCore.App.Runtime.linux-musl-arm;Microsoft.NETCore.App.Runtime.osx-arm64;Microsoft.NETCore.App.Runtime.linux-s390x;Microsoft.NETCore.App.Runtime.linux-loongarch64;Microsoft.NETCore.App.Runtime.linux-bionic-arm;Microsoft.NETCore.App.Runtime.linux-bionic-arm64;Microsoft.NETCore.App.Runtime.linux-bionic-x64;Microsoft.NETCore.App.Runtime.linux-bionic-x86;Microsoft.NETCore.App.Runtime.linux-ppc64le;Microsoft.NETCore.App.Runtime.freebsd-x64;Microsoft.NETCore.App.Runtime.freebsd-arm64;Microsoft.NETCore.App.Runtime.linux-riscv64;Microsoft.NETCore.App.Runtime.linux-musl-riscv64;Microsoft.NETCore.App.Runtime.linux-musl-loongarch64;Microsoft.NETCore.App.Runtime.android-arm64;Microsoft.NETCore.App.Runtime.android-x64
                                     PackageDirectory=C:\Program Files\dotnet\packs\Microsoft.NETCore.App.Ref\10.0.9
                                     Path=C:\Program Files\dotnet\packs\Microsoft.NETCore.App.Ref\10.0.9
                                     RuntimeFrameworkName=Microsoft.NETCore.App
                                     RuntimePackRuntimeIdentifiers=linux-arm;linux-arm64;linux-musl-arm64;linux-musl-x64;linux-x64;osx-x64;tizen.4.0.0-armel;tizen.5.0.0-armel;win-arm64;win-x64;win-x86;linux-musl-arm;osx-arm64;linux-s390x;linux-loongarch64;linux-bionic-arm;linux-bionic-arm64;linux-bionic-x64;linux-bionic-x86;linux-ppc64le;freebsd-x64;freebsd-arm64;linux-riscv64;linux-musl-riscv64;linux-musl-loongarch64;android-arm64;android-x64
                                     TargetFramework=net10.0
                                     TargetingPackFormat=
                             Microsoft.WindowsDesktop.App
                                     NuGetPackageId=Microsoft.WindowsDesktop.App.Ref
                                     NuGetPackageVersion=10.0.9
                                     PackageConflictPreferredPackages=Microsoft.WindowsDesktop.App.Ref;Microsoft.WindowsDesktop.App.Runtime.win-x64;Microsoft.WindowsDesktop.App.Runtime.win-x86;Microsoft.WindowsDesktop.App.Runtime.win-arm64
                                     PackageDirectory=C:\Program Files\dotnet\packs\Microsoft.WindowsDesktop.App.Ref\10.0.9
                                     Path=C:\Program Files\dotnet\packs\Microsoft.WindowsDesktop.App.Ref\10.0.9
                                     RuntimeFrameworkName=Microsoft.WindowsDesktop.App
                                     RuntimePackRuntimeIdentifiers=win-x64;win-x86;win-arm64
                                     TargetFramework=net10.0
                                     TargetingPackFormat=
                             Microsoft.WindowsDesktop.App.WPF
                                     NuGetPackageId=Microsoft.WindowsDesktop.App.Ref
                                     NuGetPackageVersion=10.0.9
                                     PackageConflictPreferredPackages=Microsoft.WindowsDesktop.App.Ref;Microsoft.WindowsDesktop.App.Runtime.win-x64;Microsoft.WindowsDesktop.App.Runtime.win-x86;Microsoft.WindowsDesktop.App.Runtime.win-arm64
                                     PackageDirectory=C:\Program Files\dotnet\packs\Microsoft.WindowsDesktop.App.Ref\10.0.9
                                     Path=C:\Program Files\dotnet\packs\Microsoft.WindowsDesktop.App.Ref\10.0.9
                                     Profile=WPF
                                     RuntimeFrameworkName=Microsoft.WindowsDesktop.App
                                     RuntimePackRuntimeIdentifiers=win-x64;win-x86;win-arm64
                                     TargetFramework=net10.0
                                     TargetingPackFormat=
                             Microsoft.WindowsDesktop.App.WindowsForms
                                     NuGetPackageId=Microsoft.WindowsDesktop.App.Ref
                                     NuGetPackageVersion=10.0.9
                                     PackageConflictPreferredPackages=Microsoft.WindowsDesktop.App.Ref;Microsoft.WindowsDesktop.App.Runtime.win-x64;Microsoft.WindowsDesktop.App.Runtime.win-x86;Microsoft.WindowsDesktop.App.Runtime.win-arm64
                                     PackageDirectory=C:\Program Files\dotnet\packs\Microsoft.WindowsDesktop.App.Ref\10.0.9
                                     Path=C:\Program Files\dotnet\packs\Microsoft.WindowsDesktop.App.Ref\10.0.9
                                     Profile=WindowsForms
                                     RuntimeFrameworkName=Microsoft.WindowsDesktop.App
                                     RuntimePackRuntimeIdentifiers=win-x64;win-x86;win-arm64
                                     TargetFramework=net10.0
                                     TargetingPackFormat=
                             Microsoft.AspNetCore.App
                                     NuGetPackageId=Microsoft.AspNetCore.App.Ref
                                     NuGetPackageVersion=10.0.9
                                     PackageConflictPreferredPackages=Microsoft.AspNetCore.App.Ref;Microsoft.AspNetCore.App.Runtime.win-x64;Microsoft.AspNetCore.App.Runtime.win-x86;Microsoft.AspNetCore.App.Runtime.osx-x64;Microsoft.AspNetCore.App.Runtime.linux-musl-x64;Microsoft.AspNetCore.App.Runtime.linux-musl-arm64;Microsoft.AspNetCore.App.Runtime.linux-x64;Microsoft.AspNetCore.App.Runtime.linux-arm;Microsoft.AspNetCore.App.Runtime.linux-arm64;Microsoft.AspNetCore.App.Runtime.linux-musl-arm;Microsoft.AspNetCore.App.Runtime.win-arm64;Microsoft.AspNetCore.App.Runtime.osx-arm64;Microsoft.AspNetCore.App.Runtime.linux-s390x;Microsoft.AspNetCore.App.Runtime.linux-loongarch64;Microsoft.AspNetCore.App.Runtime.linux-ppc64le;Microsoft.AspNetCore.App.Runtime.freebsd-x64;Microsoft.AspNetCore.App.Runtime.freebsd-arm64;Microsoft.AspNetCore.App.Runtime.linux-riscv64;Microsoft.AspNetCore.App.Runtime.linux-musl-riscv64;Microsoft.AspNetCore.App.Runtime.linux-musl-loongarch64
                                     PackageDirectory=C:\Program Files\dotnet\packs\Microsoft.AspNetCore.App.Ref\10.0.9
                                     Path=C:\Program Files\dotnet\packs\Microsoft.AspNetCore.App.Ref\10.0.9
                                     RuntimeFrameworkName=Microsoft.AspNetCore.App
                                     RuntimePackRuntimeIdentifiers=win-x64;win-x86;osx-x64;linux-musl-x64;linux-musl-arm64;linux-x64;linux-arm;linux-arm64;linux-musl-arm;win-arm64;osx-arm64;linux-s390x;linux-loongarch64;linux-ppc64le;freebsd-x64;freebsd-arm64;linux-riscv64;linux-musl-riscv64;linux-loongarch64;linux-musl-loongarch64
                                     TargetFramework=net10.0
                                     TargetingPackFormat= (任务 ID: 18)
                     输出项: 
                         _KnownRuntimeIdentifierPlatformsForTargetFramework=
                             linux
                             linux-musl
                             osx
                             tizen.4.0.0
                             tizen.5.0.0
                             win
                             linux-bionic
                             freebsd
                             android
                             ios
                             iossimulator
                             tvos
                             tvossimulator
                             maccatalyst
                             browser
                             wasi (任务 ID: 18)
                   已完成执行任务“ProcessFrameworkReferences”的操作。 (任务 ID: 18)
                   设置属性: AppHostRuntimeIdentifier=
                   设置属性: AppHostRuntimeIdentifier=win-x64
                   正在使用程序集“C:\Program Files\dotnet\sdk\10.0.301\Sdks\Microsoft.NET.Sdk\targets\..\tools\net10.0\Microsoft.NET.Build.Tasks.dll”中的“ResolveAppHosts”任务。
                   任务“ResolveAppHosts” (任务 ID: 19)
                     任务参数:AppHostRuntimeIdentifier=win-x64 (任务 ID: 19)
                     任务参数:RuntimeGraphPath=C:\Program Files\dotnet\sdk\10.0.301/PortableRuntimeIdentifierGraph.json (任务 ID: 19)
                     任务参数:TargetFrameworkVersion=10.0 (任务 ID: 19)
                     任务参数:TargetFrameworkIdentifier=.NETCoreApp (任务 ID: 19)
                     任务参数:DotNetAppHostExecutableNameWithoutExtension=apphost (任务 ID: 19)
                     任务参数:TargetingPackRoot=C:\Program Files\dotnet\packs (任务 ID: 19)
                     任务参数:
                         KnownAppHostPacks=
                             Microsoft.NETCore.App
                                     AppHostPackNamePattern=Microsoft.NETCore.App.Host.**RID**
                                     AppHostPackVersion=10.0.9
                                     AppHostRuntimeIdentifiers=linux-arm;linux-arm64;linux-musl-arm64;linux-musl-x64;linux-x64;osx-x64;tizen.4.0.0-armel;tizen.5.0.0-armel;win-arm64;win-x64;win-x86;linux-musl-arm;osx-arm64;linux-s390x;linux-loongarch64;linux-bionic-arm;linux-bionic-arm64;linux-bionic-x64;linux-bionic-x86;linux-ppc64le;freebsd-x64;freebsd-arm64;linux-riscv64;linux-musl-riscv64;linux-musl-loongarch64
                                     ExcludedRuntimeIdentifiers=android
                                     TargetFramework=net10.0
                             Microsoft.NETCore.App
                                     AppHostPackNamePattern=Microsoft.NETCore.App.Host.**RID**
                                     AppHostPackVersion=9.0.17
                                     AppHostRuntimeIdentifiers=linux-arm;linux-arm64;linux-musl-arm64;linux-musl-x64;linux-x64;osx-x64;tizen.4.0.0-armel;tizen.5.0.0-armel;win-arm64;win-x64;win-x86;linux-musl-arm;osx-arm64;linux-s390x;linux-loongarch64;linux-bionic-arm;linux-bionic-arm64;linux-bionic-x64;linux-bionic-x86;linux-ppc64le;freebsd-x64;freebsd-arm64;linux-riscv64;linux-musl-riscv64;linux-musl-loongarch64
                                     ExcludedRuntimeIdentifiers=android
                                     TargetFramework=net9.0
                             Microsoft.NETCore.App
                                     AppHostPackNamePattern=Microsoft.NETCore.App.Host.**RID**
                                     AppHostPackVersion=8.0.28
                                     AppHostRuntimeIdentifiers=linux-arm;linux-arm64;linux-musl-arm64;linux-musl-x64;linux-x64;osx-x64;tizen.4.0.0-armel;tizen.5.0.0-armel;win-arm64;win-x64;win-x86;linux-musl-arm;osx-arm64;linux-s390x;linux-loongarch64;linux-bionic-arm;linux-bionic-arm64;linux-bionic-x64;linux-bionic-x86;linux-ppc64le;freebsd-x64;freebsd-arm64
                                     ExcludedRuntimeIdentifiers=android
                                     TargetFramework=net8.0
                             Microsoft.NETCore.App
                                     AppHostPackNamePattern=Microsoft.NETCore.App.Host.**RID**
                                     AppHostPackVersion=7.0.20
                                     AppHostRuntimeIdentifiers=linux-arm;linux-arm64;linux-musl-arm64;linux-musl-x64;linux-x64;osx-x64;tizen.4.0.0-armel;tizen.5.0.0-armel;win-arm;win-arm64;win-x64;win-x86;linux-musl-arm;osx-arm64;linux-s390x;linux-loongarch64;linux-bionic-arm;linux-bionic-arm64;linux-bionic-x64;linux-bionic-x86;linux-ppc64le
                                     ExcludedRuntimeIdentifiers=android
                                     TargetFramework=net7.0
                             Microsoft.NETCore.App
                                     AppHostPackNamePattern=Microsoft.NETCore.App.Host.**RID**
                                     AppHostPackVersion=6.0.36
                                     AppHostRuntimeIdentifiers=linux-arm;linux-arm64;linux-musl-arm64;linux-musl-x64;linux-x64;osx-x64;tizen.4.0.0-armel;tizen.5.0.0-armel;win-arm;win-arm64;win-x64;win-x86;linux-musl-arm;osx-arm64;linux-s390x;linux-loongarch64
                                     ExcludedRuntimeIdentifiers=android
                                     TargetFramework=net6.0
                             Microsoft.NETCore.App
                                     AppHostPackNamePattern=Microsoft.NETCore.App.Host.**RID**
                                     AppHostPackVersion=5.0.17
                                     AppHostRuntimeIdentifiers=linux-arm;linux-arm64;linux-musl-arm64;linux-musl-x64;linux-x64;osx-x64;tizen.4.0.0-armel;tizen.5.0.0-armel;win-arm;win-arm64;win-x64;win-x86;linux-musl-arm
                                     TargetFramework=net5.0
                             Microsoft.NETCore.App
                                     AppHostPackNamePattern=Microsoft.NETCore.App.Host.**RID**
                                     AppHostPackVersion=3.1.32
                                     AppHostRuntimeIdentifiers=linux-arm;linux-arm64;linux-musl-arm64;linux-musl-x64;linux-x64;osx-x64;tizen.4.0.0-armel;tizen.5.0.0-armel;win-arm;win-arm64;win-x64;win-x86
                                     TargetFramework=netcoreapp3.1
                             Microsoft.NETCore.App
                                     AppHostPackNamePattern=Microsoft.NETCore.App.Host.**RID**
                                     AppHostPackVersion=3.0.3
                                     AppHostRuntimeIdentifiers=linux-arm;linux-arm64;linux-musl-arm64;linux-musl-x64;linux-x64;osx-x64;tizen.4.0.0-armel;tizen.5.0.0-armel;win-arm;win-arm64;win-x64;win-x86
                                     TargetFramework=netcoreapp3.0 (任务 ID: 19)
                     任务参数:NetCoreTargetingPackRoot=C:\Program Files\dotnet\packs (任务 ID: 19)
                     任务参数:DotNetIjwHostLibraryNameWithoutExtension=Ijwhost (任务 ID: 19)
                     任务参数:DotNetSingleFileHostExecutableNameWithoutExtension=singlefilehost (任务 ID: 19)
                     任务参数:DotNetComHostLibraryNameWithoutExtension=comhost (任务 ID: 19)
                     输出项: 
                         AppHostPack=
                             AppHost
                                     PackageDirectory=C:\Program Files\dotnet\packs\Microsoft.NETCore.App.Host.win-x64\10.0.9
                                     Path=C:\Program Files\dotnet\packs\Microsoft.NETCore.App.Host.win-x64\10.0.9\runtimes\win-x64\native\apphost.exe
                                     PathInPackage=runtimes\win-x64\native\apphost.exe
                                     RuntimeIdentifier=win-x64 (任务 ID: 19)
                     输出项: 
                         SingleFileHostPack=
                             SingleFileHost
                                     PackageDirectory=C:\Program Files\dotnet\packs\Microsoft.NETCore.App.Host.win-x64\10.0.9
                                     Path=C:\Program Files\dotnet\packs\Microsoft.NETCore.App.Host.win-x64\10.0.9\runtimes\win-x64\native\singlefilehost.exe
                                     PathInPackage=runtimes\win-x64\native\singlefilehost.exe
                                     RuntimeIdentifier=win-x64 (任务 ID: 19)
                     输出项: 
                         ComHostPack=
                             ComHost
                                     PackageDirectory=C:\Program Files\dotnet\packs\Microsoft.NETCore.App.Host.win-x64\10.0.9
                                     Path=C:\Program Files\dotnet\packs\Microsoft.NETCore.App.Host.win-x64\10.0.9\runtimes\win-x64\native\comhost.dll
                                     PathInPackage=runtimes\win-x64\native\comhost.dll
                                     RuntimeIdentifier=win-x64 (任务 ID: 19)
                     输出项: 
                         IjwHostPack=
                             IjwHost
                                     PackageDirectory=C:\Program Files\dotnet\packs\Microsoft.NETCore.App.Host.win-x64\10.0.9
                                     Path=C:\Program Files\dotnet\packs\Microsoft.NETCore.App.Host.win-x64\10.0.9\runtimes\win-x64\native\Ijwhost.dll
                                     PathInPackage=runtimes\win-x64\native\Ijwhost.dll
                                     RuntimeIdentifier=win-x64 (任务 ID: 19)
                   已完成执行任务“ResolveAppHosts”的操作。 (任务 ID: 19)
                   设置属性: UsePackageDownload=true
                   设置属性: UsePackageDownload=true
01:04:09.904   1:5>已完成在项目“NikkiLoader.csproj”中生成目标“ProcessFrameworkReferences”的操作。: (目标 ID: 16)
01:04:09.904   1:5>来自项目“D:\Project\AssetRipper\.workbuddy\tmp\NikkiLoader\NikkiLoader.csproj”的文件“C:\Program Files\dotnet\sdk\10.0.301\Sdks\Microsoft.NET.Sdk\targets\Microsoft.NET.ObsoleteReferences.targets”中的目标“_CheckForObsoleteDotNetCliToolReferences: (目标 ID: 17)”(目标“CollectPackageReferences”依赖于它):
01:04:09.904   1:5>已完成在项目“NikkiLoader.csproj”中生成目标“_CheckForObsoleteDotNetCliToolReferences”的操作。: (目标 ID: 17)
01:04:09.904   1:5>来自项目“D:\Project\AssetRipper\.workbuddy\tmp\NikkiLoader\NikkiLoader.csproj”的文件“C:\Program Files\dotnet\sdk\10.0.301\NuGet.targets”中的目标“CollectPackageReferences: (目标 ID: 18)”(目标“_GetRestoreProjectStyle”依赖于它):
                   设置属性: CollectPackageReferencesContinueOnError=false
                   正在使用程序集“C:\Program Files\dotnet\sdk\10.0.301\NuGet.Build.Tasks.dll”中的“CheckForDuplicateNuGetItemsTask”任务。
                   任务“CheckForDuplicateNuGetItemsTask” (任务 ID: 20)
                     任务参数:MSBuildProjectFullPath=D:\Project\AssetRipper\.workbuddy\tmp\NikkiLoader\NikkiLoader.csproj (任务 ID: 20)
                     任务参数:WarningsAsErrors=;NU1605;SYSLIB0011 (任务 ID: 20)
                     任务参数:LogCode=NU1504 (任务 ID: 20)
                     任务参数:TreatWarningsAsErrors=false (任务 ID: 20)
                     任务参数:NoWarn=1701;1702 (任务 ID: 20)
                     任务参数:ItemName=PackageReference (任务 ID: 20)
                   已完成执行任务“CheckForDuplicateNuGetItemsTask”的操作。 (任务 ID: 20)
01:04:09.905   1:5>已完成在项目“NikkiLoader.csproj”中生成目标“CollectPackageReferences”的操作。: (目标 ID: 18)
01:04:09.905   1:5>来自项目“D:\Project\AssetRipper\.workbuddy\tmp\NikkiLoader\NikkiLoader.csproj”的文件“C:\Program Files\dotnet\sdk\10.0.301\NuGet.targets”中的目标“_GetRestoreProjectStyle: (目标 ID: 19)”(目标“_GenerateRestoreSpecs”依赖于它):
                   正在使用程序集“C:\Program Files\dotnet\sdk\10.0.301\NuGet.Build.Tasks.dll”中的“GetRestoreProjectStyleTask”任务。
                   任务“GetRestoreProjectStyleTask” (任务 ID: 21)
                     任务参数:MSBuildProjectName=NikkiLoader (任务 ID: 21)
                     任务参数:MSBuildProjectDirectory=D:\Project\AssetRipper\.workbuddy\tmp\NikkiLoader (任务 ID: 21)
                     任务参数:RestoreProjectStyle=PackageReference (任务 ID: 21)
                     输出属性: RestoreProjectStyle=PackageReference (任务 ID: 21)
                     输出属性: PackageReferenceCompatibleProjectStyle=True (任务 ID: 21)
                   已完成执行任务“GetRestoreProjectStyleTask”的操作。 (任务 ID: 21)
                   设置属性: _HasPackageReferenceItems=
01:04:09.906   1:5>已完成在项目“NikkiLoader.csproj”中生成目标“_GetRestoreProjectStyle”的操作。: (目标 ID: 19)
01:04:09.906   1:5>来自项目“D:\Project\AssetRipper\.workbuddy\tmp\NikkiLoader\NikkiLoader.csproj”的文件“C:\Program Files\dotnet\sdk\10.0.301\NuGet.targets”中的目标“_GenerateRestoreSpecs: (目标 ID: 20)”(目标“_GenerateRestoreGraphProjectEntry”依赖于它):
                   任务“Message” (任务 ID: 22)
                     任务参数:Text=Restore entry point D:\Project\AssetRipper\.workbuddy\tmp\NikkiLoader\NikkiLoader.csproj (任务 ID: 22)
                     任务参数:Importance=low (任务 ID: 22)
                     Restore entry point D:\Project\AssetRipper\.workbuddy\tmp\NikkiLoader\NikkiLoader.csproj (任务 ID: 22)
                   已完成执行任务“Message”的操作。 (任务 ID: 22)
                   添加的项: 
                       _RestoreGraphEntry=
                           09c93362-53b6-4d28-8e67-8c260bc01686
                                   ProjectUniqueName=D:\Project\AssetRipper\.workbuddy\tmp\NikkiLoader\NikkiLoader.csproj
                                   Type=RestoreSpec
01:04:09.906   1:5>已完成在项目“NikkiLoader.csproj”中生成目标“_GenerateRestoreSpecs”的操作。: (目标 ID: 20)
01:04:09.906   1:5>来自项目“D:\Project\AssetRipper\.workbuddy\tmp\NikkiLoader\NikkiLoader.csproj”的文件“C:\Program Files\dotnet\sdk\10.0.301\NuGet.targets”中的目标“_GetRestoreSettingsOverrides: (目标 ID: 21)”(目标“_GetRestoreSettings”依赖于它):
01:04:09.906   1:5>已完成在项目“NikkiLoader.csproj”中生成目标“_GetRestoreSettingsOverrides”的操作。: (目标 ID: 21)
01:04:09.906   1:5>来自项目“D:\Project\AssetRipper\.workbuddy\tmp\NikkiLoader\NikkiLoader.csproj”的文件“C:\Program Files\dotnet\sdk\10.0.301\NuGet.targets”中的目标“_GetRestoreSettingsPerFramework: (目标 ID: 22)”(目标“_GetRestoreSettingsCurrentProject”依赖于它):
                   添加的项: 
                       _RestoreSettingsPerFramework=
                           e045e886-b286-4abf-8844-27b10d710e3d
                                   RestoreAdditionalProjectFallbackFolders=
                                   RestoreAdditionalProjectFallbackFoldersExcludes=
                                   RestoreAdditionalProjectSources=
01:04:09.906   1:5>已完成在项目“NikkiLoader.csproj”中生成目标“_GetRestoreSettingsPerFramework”的操作。: (目标 ID: 22)
01:04:09.906   1:5>来自项目“D:\Project\AssetRipper\.workbuddy\tmp\NikkiLoader\NikkiLoader.csproj”的文件“C:\Program Files\dotnet\sdk\10.0.301\NuGet.targets”中的目标“_GetRestoreSettingsCurrentProject: (目标 ID: 23)”(目标“_GetRestoreSettings”依赖于它):
01:04:09.906   1:5>已完成在项目“NikkiLoader.csproj”中生成目标“_GetRestoreSettingsCurrentProject”的操作。: (目标 ID: 23)
01:04:09.906   1:5>来自项目“D:\Project\AssetRipper\.workbuddy\tmp\NikkiLoader\NikkiLoader.csproj”的文件“C:\Program Files\dotnet\sdk\10.0.301\NuGet.targets”中的目标“_GetRestoreSettings: (目标 ID: 24)”(目标“_GenerateDotnetCliToolReferenceSpecs”依赖于它):
                   正在使用程序集“C:\Program Files\dotnet\sdk\10.0.301\NuGet.Build.Tasks.dll”中的“GetRestoreSettingsTask”任务。
                   任务“GetRestoreSettingsTask” (任务 ID: 23)
                     任务参数:ProjectUniqueName=D:\Project\AssetRipper\.workbuddy\tmp\NikkiLoader\NikkiLoader.csproj (任务 ID: 23)
                     任务参数:
                         RestoreSettingsPerFramework=
                             e045e886-b286-4abf-8844-27b10d710e3d
                                     RestoreAdditionalProjectFallbackFolders=
                                     RestoreAdditionalProjectFallbackFoldersExcludes=
                                     RestoreAdditionalProjectSources= (任务 ID: 23)
                     任务参数:RestoreProjectStyle=PackageReference (任务 ID: 23)
                     任务参数:MSBuildStartupDirectory=D:\Project\AssetRipper\.workbuddy\tmp\NikkiLoader (任务 ID: 23)
                     在 TaskRun (NuGet.Build.Tasks.GetRestoreSettingsTask) 期间加载的程序集: NuGet.Configuration, Version=7.6.0.0, Culture=neutral, PublicKeyToken=31bf3856ad364e35 (位置: C:\Program Files\dotnet\sdk\10.0.301\NuGet.Configuration.dll，MVID: 42b9ed18-367b-420d-814c-ef54f7ca5f66，AssemblyLoadContext: MSBuild plugin C:\Program Files\dotnet\sdk\10.0.301\NuGet.Build.Tasks.dll) (任务 ID: 23)
01:04:09.912   1:5>C:\Program Files\dotnet\sdk\10.0.301\NuGet.targets(782,5): error : Value cannot be null. (Parameter 'path1') [D:\Project\AssetRipper\.workbuddy\tmp\NikkiLoader\NikkiLoader.csproj]
                     System.ArgumentNullException: Value cannot be null. (Parameter 'path1')
                        at System.ArgumentNullException.Throw(String paramName)
                        at System.IO.Path.Combine(String path1, String path2)
                        at NuGet.Common.NuGetEnvironment.CalculateFolderPath(NuGetFolderPath folder)
                        at System.Collections.Concurrent.ConcurrentDictionary`2.GetOrAdd(TKey key, Func`2 valueFactory)
                        at NuGet.Common.NuGetEnvironment.GetFolderPath(NuGetFolderPath folder)
                        at NuGet.Common.NuGetEnvironment.CalculateFolderPath(NuGetFolderPath folder)
                        at System.Collections.Concurrent.ConcurrentDictionary`2.GetOrAdd(TKey key, Func`2 valueFactory)
                        at NuGet.Common.NuGetEnvironment.GetFolderPath(NuGetFolderPath folder)
                        at NuGet.Configuration.XPlatMachineWideSetting..ctor()
                        at NuGet.Build.Tasks.GetRestoreSettingsTask.<>c.<.cctor>b__87_0()
                        at System.Lazy`1.ViaFactory(LazyThreadSafetyMode mode)
                        at System.Lazy`1.ExecutionAndPublication(LazyHelper executionAndPublication, Boolean useDefaultConstructor)
                        at System.Lazy`1.CreateValue()
                        at NuGet.Build.Tasks.RestoreSettingsUtils.ReadSettings(String solutionDirectory, String restoreDirectory, String restoreConfigFile, Lazy`1 machineWideSettings, SettingsLoadingContext settingsLoadContext)
                        at NuGet.Build.Tasks.GetRestoreSettingsTask.Execute() (任务 ID: 23)
                   已完成执行任务“GetRestoreSettingsTask”的操作 - 失败。 (任务 ID: 23)
01:04:09.914   1:5>已完成在项目“NikkiLoader.csproj”中生成目标“_GetRestoreSettings”的操作 - 失败。: (目标 ID: 24)
01:04:09.914   1:5>已完成生成项目“D:\Project\AssetRipper\.workbuddy\tmp\NikkiLoader\NikkiLoader.csproj”(_GenerateRestoreGraphProjectEntry 个目标)的操作 - 失败。
01:04:09.915     1>已完成执行任务“MSBuild”的操作 - 失败。 (任务 ID: 15)
01:04:09.915     1>已完成在项目“NikkiLoader.csproj”中生成目标“_GenerateRestoreGraph”的操作 - 失败。: (目标 ID: 10)
01:04:09.915     1>已完成生成项目“D:\Project\AssetRipper\.workbuddy\tmp\NikkiLoader\NikkiLoader.csproj”(Restore 个目标)的操作 - 失败。
延迟消息
01:04:09.916     0>
详细生成摘要
======================
     (任务 ID: 0)
                     
                     ============================== 生成层次结构(ID 表示配置) =====================================================
                     Id                  : 独占时间 总时间 路径(目标)
                     ----------------------------------------------------------------------------------------------------------------------------------- (任务 ID: 0)
                     0                   : 0.264秒      0.332秒    D:\Project\AssetRipper\.workbuddy\tmp\NikkiLoader\NikkiLoader.csproj (Restore)  (任务 ID: 0)
                     | 1                 : 0.013秒      0.013秒    D:\Project\AssetRipper\.workbuddy\tmp\NikkiLoader\NikkiLoader.csproj (_IsProjectRestoreSupported)  (任务 ID: 0)
                     | 2                 : 0.002秒      0.002秒    D:\Project\AssetRipper\.workbuddy\tmp\NikkiLoader\NikkiLoader.csproj (_GenerateRestoreProjectPathWalk)  (任务 ID: 0)
                     . 3                 : 0.053秒      0.053秒    D:\Project\AssetRipper\.workbuddy\tmp\NikkiLoader\NikkiLoader.csproj (_GenerateRestoreGraphProjectEntry)  (任务 ID: 0)
                     
                     ============================== 节点利用率(ID 表示配置) ====================================================
                     时间戳:            1        持续时间  累计
                     ----------------------------------------------------------------------------------------------------------------------------------- (任务 ID: 0)
                     639239654495818526:   0        0.253秒   0.253秒 ..... (任务 ID: 0)
                     639239654498345209:   1        0.013秒   0.265秒  (任务 ID: 0)
                     639239654498472887:   0        0.010秒   0.276秒  (任务 ID: 0)
                     639239654498576256:   2        0.002秒   0.278秒  (任务 ID: 0)
                     639239654498596403:   0        0.002秒   0.280秒  (任务 ID: 0)
                     639239654498615752:   3        0.053秒   0.333秒 . (任务 ID: 0)
                     639239654499146689:   0        0.001秒   0.334秒  (任务 ID: 0)
                     -----------------------------------------------------------------------------------------------------------------------------------
                     利用率:          100.0    平均利用率: 100.0 (任务 ID: 0)

项目评估性能摘要:
      202 毫秒 D:\Project\AssetRipper\.workbuddy\tmp\NikkiLoader\NikkiLoader.csproj   2 次调用

项目性能摘要:
      184 毫秒 D:\Project\AssetRipper\.workbuddy\tmp\NikkiLoader\NikkiLoader.csproj   5 次调用
                127 毫秒 Restore                                    1 次调用
                  2 毫秒 _IsProjectRestoreSupported                 2 次调用
                  2 毫秒 _GenerateRestoreProjectPathWalk            1 次调用
                 53 毫秒 _GenerateRestoreGraphProjectEntry          1 次调用

目标性能摘要:
        0 毫秒 _GetRestoreSettingsCurrentProject          1 次调用
        0 毫秒 _GenerateRestoreProjectPathItemsCurrentProject   1 次调用
        0 毫秒 _CheckForUnsupportedCppNETCoreVersion      1 次调用
        0 毫秒 _CheckForObsoleteDotNetCliToolReferences   1 次调用
        0 毫秒 _CheckForUnsupportedNETCoreVersion         1 次调用
        0 毫秒 _CheckForLanguageAndFeatureCombinationSupport   1 次调用
        0 毫秒 _GetRestoreSettingsPerFramework            1 次调用
        0 毫秒 _GetRestoreSettingsOverrides               1 次调用
        0 毫秒 _IsProjectRestoreSupported                 1 次调用
        0 毫秒 _GenerateRestoreProjectPathItems           1 次调用
        0 毫秒 _GenerateRestoreProjectPathItemsPerFramework   1 次调用
        0 毫秒 _GenerateRestoreSpecs                      1 次调用
        1 毫秒 CollectPackageReferences                   1 次调用
        1 毫秒 _GetRestoreProjectStyle                    1 次调用
        1 毫秒 _GenerateRestoreProjectPathWalk            1 次调用
        2 毫秒 CheckForImplicitPackageReferenceOverrides   1 次调用
        2 毫秒 _ComputeToolPackInputsToProcessFrameworkReferences   1 次调用
        5 毫秒 _GetAllRestoreProjectPathItems             1 次调用
        6 毫秒 _LoadRestoreGraphEntryPoints               1 次调用
        8 毫秒 _GetRestoreSettings                        1 次调用
       38 毫秒 ProcessFrameworkReferences                 1 次调用
       54 毫秒 _GenerateRestoreGraph                      1 次调用
       55 毫秒 _FilterRestoreGraphProjectInputItems       1 次调用

任务性能摘要:
        0 毫秒 ConvertToAbsolutePath                      1 次调用
        0 毫秒 CheckForDuplicateNuGetItemsTask            1 次调用
        0 毫秒 CheckForImplicitPackageReferenceOverrides   1 次调用
        1 毫秒 CheckForDuplicateFrameworkReferences       1 次调用
        1 毫秒 Message                                    3 次调用
        1 毫秒 GetRestoreProjectStyleTask                 1 次调用
        1 毫秒 NuGetMessageTask                           1 次调用
        1 毫秒 WarnForInvalidProjectsTask                 1 次调用
        2 毫秒 RemoveDuplicates                           4 次调用
        7 毫秒 ResolveAppHosts                            1 次调用
        7 毫秒 GetRestoreSettingsTask                     1 次调用
       29 毫秒 ProcessFrameworkReferences                 1 次调用
       80 毫秒 MSBuild                                    5 次调用

生成失败。

                   “D:\Project\AssetRipper\.workbuddy\tmp\NikkiLoader\NikkiLoader.csproj”(Restore 目标) (1) ->
                   “D:\Project\AssetRipper\.workbuddy\tmp\NikkiLoader\NikkiLoader.csproj”(_GenerateRestoreGraphProjectEntry 目标) (1:5) ->
                   (_GetRestoreSettings 目标) -> 
                     C:\Program Files\dotnet\sdk\10.0.301\NuGet.targets(782,5): error : Value cannot be null. (Parameter 'path1') [D:\Project\AssetRipper\.workbuddy\tmp\NikkiLoader\NikkiLoader.csproj]

    0 个警告
    1 个错误

已用时间 00:00:00.36
